datetime,temp_airF,sol_rad_total,gdd_raw,gdd_solar,gdd_raw_cum,gdd_solar_cum,gdd_field_cum
2026-06-01 01:00:00,72.7,0.000,0.73750,0.00000,0.74,0.00,-22.73
2026-06-01 02:00:00,69.3,0.000,0.59583,0.00000,1.33,0.00,-22.73
2026-06-01 03:00:00,69.8,0.000,0.61667,0.00000,1.95,0.00,-22.73
2026-06-01 04:00:00,69.1,0.000,0.58750,0.00000,2.54,0.00,-22.73
2026-06-01 05:00:00,69.3,0.000,0.59583,0.00000,3.13,0.00,-22.73
2026-06-01 06:00:00,68.2,0.090,0.55000,0.07750,3.68,0.08,-22.66
2026-06-01 07:00:00,70.7,0.600,0.65417,0.51669,4.34,0.59,-22.21
2026-06-01 08:00:00,78.6,1.320,0.98333,1.13672,5.32,1.73,-21.21
2026-06-01 09:00:00,84.6,2.040,1.23333,1.75674,6.55,3.49,-19.67
2026-06-01 10:00:00,89.2,2.690,1.29167,2.31649,7.85,5.80,-17.64
2026-06-01 11:00:00,90.9,3.180,1.29167,2.73845,9.14,8.54,-15.24
2026-06-01 12:00:00,94.1,3.500,1.29167,3.01402,10.43,11.56,-12.60
2026-06-01 13:00:00,96.4,3.600,1.29167,3.10013,11.72,14.66,-9.88
2026-06-01 14:00:00,98.6,3.460,1.29167,2.97957,13.01,17.64,-7.27
2026-06-01 15:00:00,100.2,3.180,1.29167,2.73845,14.30,20.37,-4.87
2026-06-01 16:00:00,100.0,2.680,1.29167,2.30788,15.60,22.68,-2.85
2026-06-01 17:00:00,100.9,2.000,1.29167,1.72230,16.89,24.40,-1.34
2026-06-01 18:00:00,100.4,1.240,1.29167,1.06782,18.18,25.47,-0.40
2026-06-01 19:00:00,99.9,0.460,1.29167,0.39613,19.47,25.87,-0.05
2026-06-01 20:00:00,95.4,0.070,1.29167,0.06028,20.76,25.93,0.00
2026-06-01 21:00:00,88.5,0.000,1.29167,0.00000,22.05,25.93,0.00
2026-06-01 22:00:00,88.7,0.000,1.29167,0.00000,23.35,25.93,0.00
2026-06-01 23:00:00,89.8,0.000,1.29167,0.00000,24.64,25.93,0.00
2026-06-01 23:59:59,87.4,0.000,1.29167,0.00000,25.93,25.93,0.00
2026-06-02 01:00:00,86.4,0.000,1.29167,0.00000,27.22,25.93,0.00
2026-06-02 02:00:00,85.1,0.000,1.25417,0.00000,28.48,25.93,0.00
2026-06-02 03:00:00,77.5,0.000,0.93750,0.00000,29.41,25.93,0.00
2026-06-02 04:00:00,73.8,0.000,0.78333,0.00000,30.20,25.93,0.00
2026-06-02 05:00:00,75.6,0.000,0.85833,0.00000,31.05,25.93,0.00
2026-06-02 06:00:00,73.9,0.080,0.78750,0.07601,31.84,26.01,0.07
2026-06-02 07:00:00,75.2,0.570,0.84167,0.54158,32.68,26.55,0.54
2026-06-02 08:00:00,81.0,1.290,1.08333,1.22568,33.77,27.77,1.62
2026-06-02 09:00:00,86.5,2.020,1.29167,1.91928,35.06,29.69,3.30
2026-06-02 10:00:00,91.0,2.670,1.29167,2.53687,36.35,32.23,5.52
2026-06-02 11:00:00,93.6,3.170,1.29167,3.01194,37.64,35.24,8.16
2026-06-02 12:00:00,94.1,3.480,1.29167,3.30648,38.93,38.55,11.06
2026-06-02 13:00:00,96.8,3.600,1.29167,3.42050,40.23,41.97,14.06
2026-06-02 14:00:00,100.2,3.480,1.29167,3.30648,41.52,45.27,16.96
2026-06-02 15:00:00,101.1,3.160,1.29167,3.00244,42.81,48.28,19.59
2026-06-02 16:00:00,101.5,2.650,1.29167,2.51787,44.10,50.79,21.79
2026-06-02 17:00:00,102.6,1.980,1.29167,1.88128,45.39,52.68,23.44
2026-06-02 18:00:00,101.3,1.250,1.29167,1.18767,46.68,53.86,24.48
2026-06-02 19:00:00,99.7,0.540,1.29167,0.51308,47.97,54.38,24.93
2026-06-02 20:00:00,95.2,0.060,1.29167,0.05701,49.27,54.43,24.98
2026-06-02 21:00:00,91.4,0.000,1.29167,0.00000,50.56,54.43,24.98
2026-06-02 22:00:00,88.3,0.000,1.29167,0.00000,51.85,54.43,24.98
2026-06-02 23:00:00,88.5,0.000,1.29167,0.00000,53.14,54.43,24.98
2026-06-02 23:59:59,87.3,0.000,1.29167,0.00000,54.43,54.43,24.98
2026-06-03 01:00:00,86.5,0.000,1.29167,0.00000,55.72,54.43,24.98
2026-06-03 02:00:00,84.4,0.000,1.22500,0.00000,56.95,54.43,24.98
2026-06-03 03:00:00,77.0,0.000,0.91667,0.00000,57.87,54.43,24.98
2026-06-03 04:00:00,73.4,0.000,0.76667,0.00000,58.63,54.43,24.98
2026-06-03 05:00:00,71.4,0.000,0.68333,0.00000,59.32,54.43,24.98
2026-06-03 06:00:00,70.3,0.080,0.63750,0.07517,59.95,54.51,25.05
2026-06-03 07:00:00,73.6,0.580,0.77500,0.54499,60.73,55.05,25.53
2026-06-03 08:00:00,80.6,1.310,1.06667,1.23092,61.80,56.28,26.61
2026-06-03 09:00:00,86.5,2.030,1.29167,1.90745,63.09,58.19,28.28
2026-06-03 10:00:00,89.6,2.680,1.29167,2.51821,64.38,60.71,30.49
2026-06-03 11:00:00,93.9,3.180,1.29167,2.98802,65.67,63.70,33.10
2026-06-03 12:00:00,97.0,3.490,1.29167,3.27931,66.96,66.98,35.98
2026-06-03 13:00:00,99.3,3.600,1.29167,3.38267,68.25,70.36,38.94
2026-06-03 14:00:00,101.7,3.500,1.29167,3.28871,69.55,73.65,41.83
2026-06-03 15:00:00,103.5,3.180,1.29167,2.98802,70.84,76.64,44.45
2026-06-03 16:00:00,104.7,2.660,1.29167,2.49942,72.13,79.14,46.64
2026-06-03 17:00:00,104.2,2.010,1.29167,1.88866,73.42,81.02,48.29
2026-06-03 18:00:00,103.5,1.190,1.29167,1.11816,74.71,82.14,49.27
2026-06-03 19:00:00,99.1,0.290,1.29167,0.27249,76.00,82.42,49.51
2026-06-03 20:00:00,95.7,0.050,1.29167,0.04698,77.30,82.46,49.55
2026-06-03 21:00:00,93.2,0.000,1.29167,0.00000,78.59,82.46,49.55
2026-06-03 22:00:00,90.7,0.000,1.29167,0.00000,79.88,82.46,49.55
2026-06-03 23:00:00,90.9,0.000,1.29167,0.00000,81.17,82.46,49.55
2026-06-03 23:59:59,88.7,0.000,1.29167,0.00000,82.46,82.46,49.55
2026-06-04 01:00:00,84.0,0.000,1.20833,0.00000,83.67,82.46,49.55
2026-06-04 02:00:00,79.2,0.000,1.00833,0.00000,84.68,82.46,49.55
2026-06-04 03:00:00,73.9,0.000,0.78750,0.00000,85.47,82.46,49.55
2026-06-04 04:00:00,74.7,0.000,0.82083,0.00000,86.29,82.46,49.55
2026-06-04 05:00:00,75.6,0.000,0.85833,0.00000,87.15,82.46,49.55
2026-06-04 06:00:00,74.8,0.080,0.82500,0.07585,87.97,82.54,49.62
2026-06-04 07:00:00,78.4,0.570,0.97500,0.54042,88.95,83.08,50.09
2026-06-04 08:00:00,80.8,1.290,1.07500,1.22305,90.02,84.30,51.16
2026-06-04 09:00:00,86.9,2.010,1.29167,1.90569,91.31,86.21,52.83
2026-06-04 10:00:00,91.6,2.640,1.29167,2.50299,92.60,88.71,55.03
2026-06-04 11:00:00,93.9,3.140,1.29167,2.97704,93.90,91.69,57.64
2026-06-04 12:00:00,96.4,3.460,1.29167,3.28043,95.19,94.97,60.51
2026-06-04 13:00:00,99.0,3.540,1.29167,3.35628,96.48,98.32,63.45
2026-06-04 14:00:00,101.1,3.460,1.29167,3.28043,97.77,101.60,66.33
2026-06-04 15:00:00,103.8,3.140,1.29167,2.97704,99.06,104.58,68.94
2026-06-04 16:00:00,105.3,2.610,1.29167,2.47455,100.35,107.06,71.11
2026-06-04 17:00:00,104.7,1.980,1.29167,1.87724,101.65,108.93,72.75
2026-06-04 18:00:00,104.0,1.250,1.29167,1.18513,102.94,110.12,73.79
2026-06-04 19:00:00,102.6,0.540,1.29167,0.51198,104.23,110.63,74.24
2026-06-04 20:00:00,97.3,0.060,1.29167,0.05689,105.52,110.69,74.29
2026-06-04 21:00:00,94.1,0.000,1.29167,0.00000,106.81,110.69,74.29
2026-06-04 22:00:00,92.3,0.000,1.29167,0.00000,108.10,110.69,74.29
2026-06-04 23:00:00,90.7,0.000,1.29167,0.00000,109.40,110.69,74.29
2026-06-04 23:59:59,89.8,0.000,1.29167,0.00000,110.69,110.69,74.29
2026-06-05 01:00:00,88.3,0.000,1.29167,0.00000,111.98,110.69,74.29
2026-06-05 02:00:00,83.3,0.000,1.17917,0.00000,113.16,110.69,74.29
2026-06-05 03:00:00,77.9,0.000,0.95417,0.00000,114.11,110.69,74.29
2026-06-05 04:00:00,75.9,0.000,0.87083,0.00000,114.98,110.69,74.29
2026-06-05 05:00:00,73.8,0.000,0.78333,0.00000,115.77,110.69,74.29
2026-06-05 06:00:00,73.6,0.080,0.77500,0.07620,116.54,110.76,74.36
2026-06-05 07:00:00,75.6,0.570,0.85833,0.54289,117.40,111.31,74.83
2026-06-05 08:00:00,82.6,1.270,1.15000,1.20960,118.55,112.52,75.89
2026-06-05 09:00:00,89.1,1.980,1.29167,1.88583,119.84,114.40,77.55
2026-06-05 10:00:00,93.0,2.610,1.29167,2.48587,121.13,116.89,79.73
2026-06-05 11:00:00,95.5,3.110,1.29167,2.96209,122.43,119.85,82.32
2026-06-05 12:00:00,98.4,3.430,1.29167,3.26687,123.72,123.12,85.19
2026-06-05 13:00:00,100.9,3.550,1.29167,3.38117,125.01,126.50,88.15
2026-06-05 14:00:00,103.1,3.440,1.29167,3.27640,126.30,129.77,91.02
2026-06-05 15:00:00,103.6,3.120,1.29167,2.97162,127.59,132.75,93.63
2026-06-05 16:00:00,104.0,2.610,1.29167,2.48587,128.88,135.23,95.80
2026-06-05 17:00:00,104.2,1.960,1.29167,1.86679,130.18,137.10,97.44
2026-06-05 18:00:00,103.5,1.240,1.29167,1.18103,131.47,138.28,98.48
2026-06-05 19:00:00,101.3,0.530,1.29167,0.50479,132.76,138.78,98.92
2026-06-05 20:00:00,97.7,0.060,1.29167,0.05715,134.05,138.84,98.97
2026-06-05 21:00:00,94.6,0.000,1.29167,0.00000,135.34,138.84,98.97
2026-06-05 22:00:00,89.6,0.000,1.29167,0.00000,136.63,138.84,98.97
2026-06-05 23:00:00,82.2,0.000,1.13333,0.00000,137.77,138.84,98.97
2026-06-05 23:59:59,80.8,0.000,1.07500,0.00000,138.84,138.84,98.97
2026-06-06 01:00:00,79.5,0.000,1.02083,0.00000,139.86,138.84,98.97
2026-06-06 02:00:00,76.8,0.000,0.90833,0.00000,140.77,138.84,98.97
2026-06-06 03:00:00,76.5,0.000,0.89583,0.00000,141.67,138.84,98.97
2026-06-06 04:00:00,77.0,0.000,0.91667,0.00000,142.58,138.84,98.97
2026-06-06 05:00:00,77.4,0.000,0.93333,0.00000,143.52,138.84,98.97
2026-06-06 06:00:00,75.6,0.080,0.85833,0.08159,144.38,138.92,99.04
2026-06-06 07:00:00,75.6,0.580,0.85833,0.59151,145.23,139.51,99.56
2026-06-06 08:00:00,83.8,1.280,1.20000,1.30539,146.43,140.82,100.70
2026-06-06 09:00:00,87.4,1.990,1.29167,2.02948,147.73,142.85,102.48
2026-06-06 10:00:00,91.2,2.630,1.29167,2.68218,149.02,145.53,104.83
2026-06-06 11:00:00,93.6,3.130,1.29167,3.19210,150.31,148.72,107.63
2026-06-06 12:00:00,96.1,3.440,1.29167,3.50825,151.60,152.23,110.70
2026-06-06 13:00:00,98.2,3.590,1.29167,3.66123,152.89,155.89,113.91
2026-06-06 14:00:00,100.9,3.420,1.29167,3.48785,154.18,159.38,116.97
2026-06-06 15:00:00,102.0,2.650,1.29167,2.70258,155.47,162.08,119.34
2026-06-06 16:00:00,101.5,1.490,1.29167,1.51956,156.77,163.60,120.67
2026-06-06 17:00:00,100.8,1.480,1.29167,1.50936,158.06,165.11,121.99
2026-06-06 18:00:00,101.3,1.360,1.29167,1.38698,159.35,166.50,123.21
2026-06-06 19:00:00,99.0,0.520,1.29167,0.53032,160.64,167.03,123.67
2026-06-06 20:00:00,94.6,0.040,1.29167,0.04079,161.93,167.07,123.71
2026-06-06 21:00:00,91.9,0.000,1.29167,0.00000,163.22,167.07,123.71
2026-06-06 22:00:00,90.1,0.000,1.29167,0.00000,164.52,167.07,123.71
2026-06-06 23:00:00,87.4,0.000,1.29167,0.00000,165.81,167.07,123.71
2026-06-06 23:59:59,85.3,0.000,1.26250,0.00000,167.07,167.07,123.71
2026-06-07 01:00:00,80.6,0.000,1.06667,0.00000,168.14,167.07,123.71
2026-06-07 02:00:00,79.3,0.000,1.01250,0.00000,169.15,167.07,123.71
2026-06-07 03:00:00,78.8,0.000,0.99167,0.00000,170.14,167.07,123.71
2026-06-07 04:00:00,77.2,0.000,0.92500,0.00000,171.07,167.07,123.71
2026-06-07 05:00:00,77.0,0.000,0.91667,0.00000,171.98,167.07,123.71
2026-06-07 06:00:00,75.0,0.030,0.83333,0.03318,172.82,167.10,123.74
2026-06-07 07:00:00,75.4,0.310,0.85000,0.34290,173.67,167.45,124.04
2026-06-07 08:00:00,78.1,0.900,0.96250,0.99553,174.63,168.44,124.91
2026-06-07 09:00:00,86.0,1.470,1.29167,1.62603,175.92,170.07,126.34
2026-06-07 10:00:00,91.0,2.280,1.29167,2.52200,177.21,172.59,128.55
2026-06-07 11:00:00,93.4,2.980,1.29167,3.29630,178.50,175.89,131.44
2026-06-07 12:00:00,95.9,2.180,1.29167,2.41139,179.80,178.30,133.55
2026-06-07 13:00:00,98.2,3.080,1.29167,3.40691,181.09,181.71,136.54
2026-06-07 14:00:00,100.9,3.290,1.29167,3.63920,182.38,185.34,139.73
2026-06-07 15:00:00,101.8,2.870,1.29167,3.17462,183.67,188.52,142.51
2026-06-07 16:00:00,102.6,2.520,1.29167,2.78748,184.96,191.31,144.95
2026-06-07 17:00:00,101.7,1.700,1.29167,1.88044,186.25,193.19,146.60
2026-06-07 18:00:00,101.3,1.290,1.29167,1.42692,187.55,194.61,147.85
2026-06-07 19:00:00,98.4,0.480,1.29167,0.53095,188.84,195.14,148.32
2026-06-07 20:00:00,94.5,0.050,1.29167,0.05531,190.13,195.20,148.37
2026-06-07 21:00:00,91.2,0.000,1.29167,0.00000,191.42,195.20,148.37
2026-06-07 22:00:00,88.5,0.000,1.29167,0.00000,192.71,195.20,148.37
2026-06-07 23:00:00,86.4,0.000,1.29167,0.00000,194.00,195.20,148.37
2026-06-07 23:59:59,83.7,0.000,1.19583,0.00000,195.20,195.20,148.37
2026-06-08 01:00:00,77.4,0.000,0.93333,0.00000,196.13,195.20,148.37
2026-06-08 02:00:00,72.5,0.000,0.72917,0.00000,196.86,195.20,148.37
2026-06-08 03:00:00,73.4,0.000,0.76667,0.00000,197.63,195.20,148.37
2026-06-08 04:00:00,71.8,0.000,0.70000,0.00000,198.33,195.20,148.37
2026-06-08 05:00:00,70.3,0.000,0.63750,0.00000,198.97,195.20,148.37
2026-06-08 06:00:00,69.1,0.090,0.58750,0.07976,199.55,195.28,148.44
2026-06-08 07:00:00,72.9,0.590,0.74583,0.52287,200.30,195.80,148.89
2026-06-08 08:00:00,79.2,1.300,1.00833,1.15208,201.31,196.95,149.90
2026-06-08 09:00:00,84.4,2.040,1.22500,1.80788,202.53,198.76,151.49
2026-06-08 10:00:00,87.4,2.660,1.29167,2.35733,203.82,201.12,153.55
2026-06-08 11:00:00,90.9,3.140,1.29167,2.78271,205.12,203.90,155.99
2026-06-08 12:00:00,94.3,3.470,1.29167,3.07517,206.41,206.98,158.69
2026-06-08 13:00:00,94.6,3.590,1.29167,3.18151,207.70,210.16,161.48
2026-06-08 14:00:00,100.2,3.470,1.29167,3.07517,208.99,213.23,164.17
2026-06-08 15:00:00,102.4,3.140,1.29167,2.78271,210.28,216.02,166.61
2026-06-08 16:00:00,102.0,2.640,1.29167,2.33961,211.57,218.36,168.66
2026-06-08 17:00:00,103.1,1.980,1.29167,1.75471,212.87,220.11,170.20
2026-06-08 18:00:00,102.0,1.290,1.29167,1.14322,214.16,221.25,171.20
2026-06-08 19:00:00,99.9,0.560,1.29167,0.49628,215.45,221.75,171.64
2026-06-08 20:00:00,95.4,0.060,1.29167,0.05317,216.74,221.80,171.68
2026-06-08 21:00:00,91.9,0.000,1.29167,0.00000,218.03,221.80,171.68
2026-06-08 22:00:00,88.3,0.000,1.29167,0.00000,219.32,221.80,171.68
2026-06-08 23:00:00,86.7,0.000,1.29167,0.00000,220.62,221.80,171.68
2026-06-08 23:59:59,83.5,0.000,1.18750,0.00000,221.80,221.80,171.68
2026-06-09 01:00:00,78.6,0.000,0.98333,0.00000,222.79,221.80,171.68
2026-06-09 02:00:00,75.6,0.000,0.85833,0.00000,223.65,221.80,171.68
2026-06-09 03:00:00,74.7,0.000,0.82083,0.00000,224.47,221.80,171.68
2026-06-09 04:00:00,72.9,0.000,0.74583,0.00000,225.21,221.80,171.68
2026-06-09 05:00:00,70.3,0.000,0.63750,0.00000,225.85,221.80,171.68
2026-06-09 06:00:00,70.3,0.080,0.63750,0.07089,226.49,221.88,171.75
2026-06-09 07:00:00,73.8,0.580,0.78333,0.51393,227.27,222.39,172.20
2026-06-09 08:00:00,79.5,1.290,1.02083,1.14305,228.29,223.53,173.20
2026-06-09 09:00:00,83.5,2.000,1.18750,1.77217,229.48,225.30,174.75
2026-06-09 10:00:00,88.7,2.640,1.29167,2.33926,230.77,227.64,176.80
2026-06-09 11:00:00,92.3,3.160,1.29167,2.80003,232.06,230.44,179.26
2026-06-09 12:00:00,94.8,3.510,1.29167,3.11016,233.35,233.55,181.98
2026-06-09 13:00:00,97.0,3.640,1.29167,3.22535,234.65,236.78,184.81
2026-06-09 14:00:00,99.1,3.550,1.29167,3.14560,235.94,239.92,187.57
2026-06-09 15:00:00,100.8,3.220,1.29167,2.85319,237.23,242.78,190.07
2026-06-09 16:00:00,102.6,2.710,1.29167,2.40129,238.52,245.18,192.17
2026-06-09 17:00:00,102.9,2.050,1.29167,1.81647,239.81,247.00,193.76
2026-06-09 18:00:00,102.6,1.320,1.29167,1.16963,241.10,248.17,194.79
2026-06-09 19:00:00,100.8,0.590,1.29167,0.52279,242.40,248.69,195.25
2026-06-09 20:00:00,94.6,0.070,1.29167,0.06203,243.69,248.75,195.30
2026-06-09 21:00:00,88.9,0.000,1.29167,0.00000,244.98,248.75,195.30
2026-06-09 22:00:00,86.0,0.000,1.29167,0.00000,246.27,248.75,195.30
2026-06-09 23:00:00,84.6,0.000,1.23333,0.00000,247.50,248.75,195.30
2026-06-09 23:59:59,84.9,0.000,1.24583,0.00000,248.75,248.75,195.30
2026-06-10 01:00:00,82.9,0.000,1.16250,0.00000,249.91,248.75,195.30
2026-06-10 02:00:00,75.6,0.000,0.85833,0.00000,250.77,248.75,195.30
2026-06-10 03:00:00,73.0,0.000,0.75000,0.00000,251.52,248.75,195.30
2026-06-10 04:00:00,71.8,0.000,0.70000,0.00000,252.22,248.75,195.30
2026-06-10 05:00:00,71.8,0.000,0.70000,0.00000,252.92,248.75,195.30
2026-06-10 06:00:00,70.9,0.100,0.66250,0.08868,253.58,248.84,195.38
2026-06-10 07:00:00,75.2,0.610,0.84167,0.54095,254.42,249.38,195.85
2026-06-10 08:00:00,82.8,1.320,1.15833,1.17059,255.58,250.55,196.88
2026-06-10 09:00:00,88.3,2.040,1.29167,1.80910,256.87,252.36,198.47
2026-06-10 10:00:00,91.8,2.680,1.29167,2.37665,258.17,254.74,200.55
2026-06-10 11:00:00,95.4,3.180,1.29167,2.82006,259.46,257.56,203.02
2026-06-10 12:00:00,98.1,3.510,1.29167,3.11271,260.75,260.67,205.75
2026-06-10 13:00:00,100.2,3.620,1.29167,3.21026,262.04,263.88,208.56
2026-06-10 14:00:00,102.7,3.540,1.29167,3.13931,263.33,267.02,211.31
2026-06-10 15:00:00,103.8,3.220,1.29167,2.85553,264.62,269.87,213.82
2026-06-10 16:00:00,105.1,2.720,1.29167,2.41213,265.92,272.29,215.93
2026-06-10 17:00:00,105.4,2.070,1.29167,1.83570,267.21,274.12,217.54
2026-06-10 18:00:00,104.5,1.330,1.29167,1.17946,268.50,275.30,218.57
2026-06-10 19:00:00,102.2,0.600,1.29167,0.53209,269.79,275.83,219.04
2026-06-10 20:00:00,96.8,0.080,1.29167,0.07094,271.08,275.90,219.10
2026-06-10 21:00:00,91.4,0.000,1.29167,0.00000,272.37,275.90,219.10
2026-06-10 22:00:00,90.0,0.000,1.29167,0.00000,273.67,275.90,219.10
2026-06-10 23:00:00,82.2,0.000,1.13333,0.00000,274.80,275.90,219.10
2026-06-10 23:59:59,81.5,0.000,1.10417,0.00000,275.90,275.90,219.10
2026-06-11 01:00:00,78.6,0.000,0.98333,0.00000,276.89,275.90,219.10
2026-06-11 02:00:00,78.1,0.000,0.96250,0.00000,277.85,275.90,219.10
2026-06-11 03:00:00,78.6,0.000,0.98333,0.00000,278.83,275.90,219.10
2026-06-11 04:00:00,77.9,0.000,0.95417,0.00000,279.79,275.90,219.10
2026-06-11 05:00:00,75.6,0.000,0.85833,0.00000,280.65,275.90,219.10
2026-06-11 06:00:00,74.1,0.090,0.79583,0.08546,281.44,275.99,219.18
2026-06-11 07:00:00,79.0,0.590,1.00000,0.56023,282.44,276.55,219.67
2026-06-11 08:00:00,86.5,1.280,1.29167,1.21542,283.73,277.77,220.73
2026-06-11 09:00:00,92.1,2.010,1.29167,1.90858,285.02,279.67,222.41
2026-06-11 10:00:00,95.0,2.610,1.29167,2.47831,286.32,282.15,224.58
2026-06-11 11:00:00,97.2,3.120,1.29167,2.96258,287.61,285.11,227.18
2026-06-11 12:00:00,99.5,3.470,1.29167,3.29492,288.90,288.41,230.06
2026-06-11 13:00:00,101.1,3.530,1.29167,3.35189,290.19,291.76,233.00
2026-06-11 14:00:00,103.5,3.460,1.29167,3.28542,291.48,295.05,235.88
2026-06-11 15:00:00,106.0,3.190,1.29167,3.02905,292.77,298.08,238.54
2026-06-11 16:00:00,106.5,2.580,1.29167,2.44983,294.07,300.53,240.68
2026-06-11 17:00:00,106.7,2.290,1.29167,2.17446,295.36,302.70,242.59
2026-06-11 18:00:00,105.4,1.390,1.29167,1.31987,296.65,304.02,243.75
2026-06-11 19:00:00,102.9,0.360,1.29167,0.34184,297.94,304.36,244.05
2026-06-11 20:00:00,99.7,0.040,1.29167,0.03798,299.23,304.40,244.08
2026-06-11 21:00:00,95.7,0.000,1.29167,0.00000,300.52,304.40,244.08
2026-06-11 22:00:00,93.0,0.000,1.29167,0.00000,301.82,304.40,244.08
2026-06-11 23:00:00,91.9,0.000,1.29167,0.00000,303.11,304.40,244.08
2026-06-11 23:59:59,90.5,0.000,1.29167,0.00000,304.40,304.40,244.08
2026-06-12 01:00:00,86.0,0.000,1.29167,0.00000,305.69,304.40,244.08
2026-06-12 02:00:00,87.6,0.000,1.29167,0.00000,306.98,304.40,244.08
2026-06-12 03:00:00,86.5,0.000,1.29167,0.00000,308.28,304.40,244.08
2026-06-12 04:00:00,83.8,0.000,1.20000,0.00000,309.48,304.40,244.08
2026-06-12 05:00:00,84.9,0.000,1.24583,0.00000,310.72,304.40,244.08
2026-06-12 06:00:00,87.8,0.050,1.29167,0.06721,312.01,304.47,244.14
2026-06-12 07:00:00,87.6,0.230,1.29167,0.30916,313.30,304.78,244.41
2026-06-12 08:00:00,90.9,0.990,1.29167,1.33074,314.60,306.11,245.58
2026-06-12 09:00:00,93.4,1.180,1.29167,1.58614,315.89,307.69,246.97
2026-06-12 10:00:00,92.8,0.720,1.29167,0.96781,317.18,308.66,247.81
2026-06-12 11:00:00,96.8,2.760,1.29167,3.70995,318.47,312.37,251.07
2026-06-12 12:00:00,100.9,3.240,1.29167,4.35516,319.76,316.73,254.88
2026-06-12 13:00:00,102.9,2.830,1.29167,3.80405,321.05,320.53,258.22
2026-06-12 14:00:00,104.5,2.550,1.29167,3.42767,322.35,323.96,261.22
2026-06-12 15:00:00,106.2,3.020,1.29167,4.05944,323.64,328.02,264.78
2026-06-12 16:00:00,104.9,1.950,1.29167,2.62116,324.93,330.64,267.08
2026-06-12 17:00:00,104.2,2.010,1.29167,2.70181,326.22,333.34,269.45
2026-06-12 18:00:00,103.6,1.190,1.29167,1.59958,327.51,334.94,270.85
2026-06-12 19:00:00,100.6,0.220,1.29167,0.29572,328.80,335.24,271.11
2026-06-12 20:00:00,98.4,0.020,1.29167,0.02688,330.10,335.26,271.13
2026-06-12 21:00:00,97.0,0.000,1.29167,0.00000,331.39,335.26,271.13
2026-06-12 22:00:00,96.3,0.000,1.29167,0.00000,332.68,335.26,271.13
2026-06-12 23:00:00,94.5,0.000,1.29167,0.00000,333.97,335.26,271.13
2026-06-12 23:59:59,92.5,0.000,1.29167,0.00000,335.26,335.26,271.13
2026-06-13 01:00:00,90.3,0.000,1.29167,0.00000,336.55,335.26,271.13
2026-06-13 02:00:00,89.4,0.000,1.29167,0.00000,337.85,335.26,271.13
2026-06-13 03:00:00,88.2,0.000,1.29167,0.00000,339.14,335.26,271.13
2026-06-13 04:00:00,87.8,0.000,1.29167,0.00000,340.43,335.26,271.13
2026-06-13 05:00:00,87.1,0.000,1.29167,0.00000,341.72,335.26,271.13
2026-06-13 06:00:00,84.2,0.100,1.21667,0.10897,342.94,335.37,271.23
2026-06-13 07:00:00,88.2,0.600,1.29167,0.65381,344.23,336.03,271.80
2026-06-13 08:00:00,92.3,1.220,1.29167,1.32940,345.52,337.35,272.96
2026-06-13 09:00:00,95.9,1.910,1.29167,2.08128,346.81,339.44,274.79
2026-06-13 10:00:00,97.7,2.520,1.29167,2.74598,348.10,342.18,277.20
2026-06-13 11:00:00,100.4,3.010,1.29167,3.27992,349.40,345.46,280.07
2026-06-13 12:00:00,102.2,3.060,1.29167,3.33441,350.69,348.80,282.99
2026-06-13 13:00:00,103.5,3.420,1.29167,3.72669,351.98,352.52,286.26
2026-06-13 14:00:00,105.1,3.350,1.29167,3.65041,353.27,356.17,289.46
2026-06-13 15:00:00,106.3,3.040,1.29167,3.31261,354.56,359.49,292.36
2026-06-13 16:00:00,106.7,2.570,1.29167,2.80047,355.85,362.29,294.82
2026-06-13 17:00:00,106.9,1.890,1.29167,2.05949,357.15,364.35,296.62
2026-06-13 18:00:00,105.8,1.020,1.29167,1.11147,358.44,365.46,297.60
2026-06-13 19:00:00,105.3,0.610,1.29167,0.66470,359.73,366.12,298.18
2026-06-13 20:00:00,102.4,0.060,1.29167,0.06538,361.02,366.19,298.24
2026-06-13 21:00:00,99.1,0.000,1.29167,0.00000,362.31,366.19,298.24
2026-06-13 22:00:00,97.0,0.000,1.29167,0.00000,363.60,366.19,298.24
2026-06-13 23:00:00,95.9,0.000,1.29167,0.00000,364.90,366.19,298.24
2026-06-13 23:59:59,94.6,0.000,1.29167,0.00000,366.19,366.19,298.24
2026-06-14 01:00:00,94.3,0.000,1.29167,0.00000,367.48,366.19,298.24
2026-06-14 02:00:00,93.2,0.000,1.29167,0.00000,368.77,366.19,298.24
2026-06-14 03:00:00,88.9,0.000,1.29167,0.00000,370.06,366.19,298.24
2026-06-14 04:00:00,86.7,0.000,1.29167,0.00000,371.35,366.19,298.24
2026-06-14 05:00:00,85.8,0.000,1.28333,0.00000,372.64,366.19,298.24
2026-06-14 06:00:00,84.6,0.080,1.23333,0.09839,373.87,366.29,298.32
2026-06-14 07:00:00,87.1,0.590,1.29167,0.72566,375.16,367.01,298.96
2026-06-14 08:00:00,91.8,1.040,1.29167,1.27913,376.45,368.29,300.08
2026-06-14 09:00:00,85.1,0.480,1.25417,0.59037,377.71,368.88,300.60
2026-06-14 10:00:00,87.6,0.620,1.29167,0.76256,379.00,369.64,301.27
2026-06-14 11:00:00,94.8,2.690,1.29167,3.30851,380.29,372.95,304.17
2026-06-14 12:00:00,101.8,3.330,1.29167,4.09567,381.58,377.05,307.76
2026-06-14 13:00:00,103.5,3.430,1.29167,4.21866,382.88,381.27,311.45
2026-06-14 14:00:00,105.1,3.360,1.29167,4.13256,384.17,385.40,315.08
2026-06-14 15:00:00,106.0,3.040,1.29167,3.73899,385.46,389.14,318.35
2026-06-14 16:00:00,107.1,2.560,1.29167,3.14862,386.75,392.29,321.11
2026-06-14 17:00:00,106.7,1.940,1.29167,2.38606,388.04,394.67,323.20
2026-06-14 18:00:00,106.2,1.360,1.29167,1.67270,389.33,396.35,324.67
2026-06-14 19:00:00,104.5,0.550,1.29167,0.67646,390.63,397.02,325.26
2026-06-14 20:00:00,101.8,0.050,1.29167,0.06150,391.92,397.08,325.32
2026-06-14 21:00:00,99.5,0.000,1.29167,0.00000,393.21,397.08,325.32
2026-06-14 22:00:00,97.7,0.000,1.29167,0.00000,394.50,397.08,325.32
2026-06-14 23:00:00,95.9,0.000,1.29167,0.00000,395.79,397.08,325.32
2026-06-14 23:59:59,92.7,0.000,1.29167,0.00000,397.08,397.08,325.32
2026-06-15 01:00:00,88.9,0.000,1.29167,0.00000,398.38,397.08,325.32
2026-06-15 02:00:00,84.4,0.000,1.22500,0.00000,399.60,397.08,325.32
2026-06-15 03:00:00,83.7,0.000,1.19583,0.00000,400.80,397.08,325.32
2026-06-15 04:00:00,81.7,0.000,1.11250,0.00000,401.91,397.08,325.32
2026-06-15 05:00:00,80.8,0.000,1.07500,0.00000,402.98,397.08,325.32
2026-06-15 06:00:00,81.7,0.080,1.11250,0.08981,404.10,397.17,325.40
2026-06-15 07:00:00,82.4,0.250,1.14167,0.28066,405.24,397.45,325.64
2026-06-15 08:00:00,85.1,0.850,1.25417,0.95423,406.49,398.41,326.48
2026-06-15 09:00:00,88.0,1.720,1.29167,1.93091,407.78,400.34,328.17
2026-06-15 10:00:00,92.7,2.510,1.29167,2.81778,409.08,403.16,330.64
2026-06-15 11:00:00,95.7,2.960,1.29167,3.32296,410.37,406.48,333.55
2026-06-15 12:00:00,99.5,3.310,1.29167,3.71587,411.66,410.20,336.81
2026-06-15 13:00:00,102.0,3.440,1.29167,3.86181,412.95,414.06,340.19
2026-06-15 14:00:00,103.8,3.350,1.29167,3.76078,414.24,417.82,343.49
2026-06-15 15:00:00,106.0,3.070,1.29167,3.44644,415.53,421.26,346.51
2026-06-15 16:00:00,106.3,2.290,1.29167,2.57080,416.83,423.84,348.76
2026-06-15 17:00:00,106.7,1.690,1.29167,1.89723,418.12,425.73,350.43
2026-06-15 18:00:00,104.9,0.920,1.29167,1.03281,419.41,426.77,351.33
2026-06-15 19:00:00,99.3,0.320,1.29167,0.35924,420.70,427.12,351.65
2026-06-15 20:00:00,96.8,0.030,1.29167,0.03368,421.99,427.16,351.68
2026-06-15 21:00:00,94.3,0.000,1.29167,0.00000,423.28,427.16,351.68
2026-06-15 22:00:00,92.5,0.000,1.29167,0.00000,424.58,427.16,351.68
2026-06-15 23:00:00,93.6,0.000,1.29167,0.00000,425.87,427.16,351.68
2026-06-15 23:59:59,94.8,0.000,1.29167,0.00000,427.16,427.16,351.68
2026-06-16 01:00:00,93.6,0.000,1.29167,0.00000,428.45,427.16,351.68
2026-06-16 02:00:00,91.4,0.000,1.29167,0.00000,429.74,427.16,351.68
2026-06-16 03:00:00,89.8,0.000,1.29167,0.00000,431.03,427.16,351.68
2026-06-16 04:00:00,89.1,0.000,1.29167,0.00000,432.33,427.16,351.68
2026-06-16 05:00:00,86.5,0.000,1.29167,0.00000,433.62,427.16,351.68
2026-06-16 06:00:00,85.6,0.070,1.27500,0.07507,434.89,427.23,351.74
2026-06-16 07:00:00,84.4,0.530,1.22500,0.56836,436.12,427.80,352.24
2026-06-16 08:00:00,90.9,1.210,1.29167,1.29758,437.41,429.10,353.38
2026-06-16 09:00:00,96.8,1.890,1.29167,2.02680,438.70,431.13,355.16
2026-06-16 10:00:00,99.7,2.530,1.29167,2.71312,439.99,433.84,357.53
2026-06-16 11:00:00,101.7,3.000,1.29167,3.21713,441.28,437.06,360.35
2026-06-16 12:00:00,103.8,3.320,1.29167,3.56030,442.58,440.62,363.47
2026-06-16 13:00:00,106.2,3.450,1.29167,3.69971,443.87,444.32,366.72
2026-06-16 14:00:00,107.2,3.350,1.29167,3.59247,445.16,447.91,369.87
2026-06-16 15:00:00,108.5,3.060,1.29167,3.28148,446.45,451.19,372.74
2026-06-16 16:00:00,108.7,2.580,1.29167,2.76674,447.74,453.96,375.17
2026-06-16 17:00:00,109.2,1.970,1.29167,2.11259,449.03,456.07,377.02
2026-06-16 18:00:00,108.1,1.270,1.29167,1.36192,450.33,457.43,378.21
2026-06-16 19:00:00,106.3,0.560,1.29167,0.60053,451.62,458.03,378.74
2026-06-16 20:00:00,103.6,0.040,1.29167,0.04290,452.91,458.08,378.78
2026-06-16 21:00:00,101.3,0.000,1.29167,0.00000,454.20,458.08,378.78
2026-06-16 22:00:00,99.9,0.000,1.29167,0.00000,455.49,458.08,378.78
2026-06-16 23:00:00,98.2,0.000,1.29167,0.00000,456.78,458.08,378.78
2026-06-16 23:59:59,96.4,0.000,1.29167,0.00000,458.08,458.08,378.78
2026-06-17 01:00:00,94.8,0.000,1.29167,0.00000,459.37,458.08,378.78
2026-06-17 02:00:00,94.1,0.000,1.29167,0.00000,460.66,458.08,378.78
2026-06-17 03:00:00,93.0,0.000,1.29167,0.00000,461.95,458.08,378.78
2026-06-17 04:00:00,87.6,0.000,1.29167,0.00000,463.24,458.08,378.78
2026-06-17 05:00:00,89.2,0.000,1.29167,0.00000,464.53,458.08,378.78
2026-06-17 06:00:00,84.6,0.050,1.23333,0.05282,465.77,458.13,378.82
2026-06-17 07:00:00,87.8,0.520,1.29167,0.54938,467.06,458.68,379.30
2026-06-17 08:00:00,90.7,1.230,1.29167,1.29948,468.35,459.98,380.44
2026-06-17 09:00:00,95.7,1.910,1.29167,2.01790,469.64,461.99,382.21
2026-06-17 10:00:00,99.1,2.520,1.29167,2.66236,470.93,464.66,384.55
2026-06-17 11:00:00,101.7,3.000,1.29167,3.16947,472.23,467.83,387.32
2026-06-17 12:00:00,104.4,3.320,1.29167,3.50755,473.52,471.33,390.40
2026-06-17 13:00:00,104.9,3.440,1.29167,3.63433,474.81,474.97,393.58
2026-06-17 14:00:00,106.3,3.360,1.29167,3.54981,476.10,478.52,396.69
2026-06-17 15:00:00,107.2,3.080,1.29167,3.25399,477.39,481.77,399.55
2026-06-17 16:00:00,107.4,2.740,1.29167,2.89479,478.68,484.67,402.08
2026-06-17 17:00:00,97.3,1.780,1.29167,1.88055,479.98,486.55,403.73
2026-06-17 18:00:00,97.5,1.310,1.29167,1.38400,481.27,487.93,404.95
2026-06-17 19:00:00,98.8,0.740,1.29167,0.78180,482.56,488.71,405.63
2026-06-17 20:00:00,93.2,0.090,1.29167,0.09508,483.85,488.81,405.71
2026-06-17 21:00:00,87.4,0.000,1.29167,0.00000,485.14,488.81,405.71
2026-06-17 22:00:00,86.0,0.000,1.29167,0.00000,486.43,488.81,405.71
2026-06-17 23:00:00,84.4,0.000,1.22500,0.00000,487.66,488.81,405.71
2026-06-17 23:59:59,82.6,0.000,1.15000,0.00000,488.81,488.81,405.71
2026-06-18 01:00:00,82.6,0.000,1.15000,0.00000,489.96,488.81,405.71
2026-06-18 02:00:00,83.3,0.000,1.17917,0.00000,491.14,488.81,405.71
2026-06-18 03:00:00,81.9,0.000,1.12083,0.00000,492.26,488.81,405.71
2026-06-18 04:00:00,80.6,0.000,1.06667,0.00000,493.33,488.81,405.71
2026-06-18 05:00:00,78.1,0.000,0.96250,0.00000,494.29,488.81,405.71
2026-06-18 06:00:00,75.2,0.060,0.84167,0.05990,495.13,488.87,405.77
2026-06-18 07:00:00,79.9,0.530,1.03750,0.52913,496.17,489.40,406.23
2026-06-18 08:00:00,86.2,1.210,1.29167,1.20800,497.46,490.61,407.29
2026-06-18 09:00:00,89.6,1.920,1.29167,1.91683,498.75,492.52,408.97
2026-06-18 10:00:00,93.0,2.540,1.29167,2.53581,500.04,495.06,411.19
2026-06-18 11:00:00,94.6,3.040,1.29167,3.03498,501.33,498.09,413.85
2026-06-18 12:00:00,95.9,3.350,1.29167,3.34447,502.63,501.44,416.78
2026-06-18 13:00:00,97.7,3.480,1.29167,3.47426,503.92,504.91,419.83
2026-06-18 14:00:00,101.3,3.410,1.29167,3.40437,505.21,508.32,422.81
2026-06-18 15:00:00,104.0,3.110,1.29167,3.10487,506.50,511.42,425.53
2026-06-18 16:00:00,105.6,2.640,1.29167,2.63564,507.79,514.06,427.84
2026-06-18 17:00:00,106.2,2.010,1.29167,2.00668,509.08,516.06,429.60
2026-06-18 18:00:00,105.4,1.300,1.29167,1.29785,510.38,517.36,430.74
2026-06-18 19:00:00,102.9,0.600,1.29167,0.59901,511.67,517.96,431.27
2026-06-18 20:00:00,99.5,0.090,1.29167,0.08985,512.96,518.05,431.34
2026-06-18 21:00:00,95.9,0.000,1.29167,0.00000,514.25,518.05,431.34
2026-06-18 22:00:00,93.2,0.000,1.29167,0.00000,515.54,518.05,431.34
2026-06-18 23:00:00,88.3,0.000,1.29167,0.00000,516.83,518.05,431.34
2026-06-18 23:59:59,84.2,0.000,1.21667,0.00000,518.05,518.05,431.34
2026-06-19 01:00:00,84.0,0.000,1.20833,0.00000,519.26,518.05,431.34
2026-06-19 02:00:00,78.8,0.000,0.99167,0.00000,520.25,518.05,431.34
2026-06-19 03:00:00,78.1,0.000,0.96250,0.00000,521.21,518.05,431.34
2026-06-19 04:00:00,76.1,0.000,0.87917,0.00000,522.09,518.05,431.34
2026-06-19 05:00:00,74.7,0.000,0.82083,0.00000,522.91,518.05,431.34
2026-06-19 06:00:00,72.1,0.090,0.71250,0.08242,523.63,518.13,431.42
2026-06-19 07:00:00,76.5,0.600,0.89583,0.54947,524.52,518.68,431.90
2026-06-19 08:00:00,82.9,1.300,1.16250,1.19053,525.68,519.87,432.94
2026-06-19 09:00:00,88.9,2.010,1.29167,1.84074,526.98,521.71,434.55
2026-06-19 10:00:00,92.3,2.630,1.29167,2.40853,528.27,524.12,436.67
2026-06-19 11:00:00,94.1,3.140,1.29167,2.87558,529.56,527.00,439.19
2026-06-19 12:00:00,96.6,3.470,1.29167,3.17779,530.85,530.18,441.97
2026-06-19 13:00:00,98.2,3.600,1.29167,3.29684,532.14,533.47,444.86
2026-06-19 14:00:00,99.9,3.500,1.29167,3.20527,533.43,536.68,447.67
2026-06-19 15:00:00,101.8,3.200,1.29167,2.93053,534.73,539.61,450.24
2026-06-19 16:00:00,105.3,2.710,1.29167,2.48179,536.02,542.09,452.41
2026-06-19 17:00:00,105.8,2.090,1.29167,1.91400,537.31,544.00,454.09
2026-06-19 18:00:00,104.5,1.360,1.29167,1.24547,538.60,545.25,455.18
2026-06-19 19:00:00,102.0,0.630,1.29167,0.57695,539.89,545.83,455.69
2026-06-19 20:00:00,97.0,0.090,1.29167,0.08242,541.18,545.91,455.76
2026-06-19 21:00:00,91.2,0.000,1.29167,0.00000,542.48,545.91,455.76
2026-06-19 22:00:00,86.2,0.000,1.29167,0.00000,543.77,545.91,455.76
2026-06-19 23:00:00,82.4,0.000,1.14167,0.00000,544.91,545.91,455.76
2026-06-19 23:59:59,79.0,0.000,1.00000,0.00000,545.91,545.91,455.76
2026-06-20 01:00:00,77.9,0.000,0.95417,0.00000,546.86,545.91,455.76
2026-06-20 02:00:00,74.5,0.000,0.81250,0.00000,547.68,545.91,455.76
2026-06-20 03:00:00,75.4,0.000,0.85000,0.00000,548.53,545.91,455.76
2026-06-20 04:00:00,74.3,0.000,0.80417,0.00000,549.33,545.91,455.76
2026-06-20 05:00:00,72.7,0.000,0.73750,0.00000,550.07,545.91,455.76
2026-06-20 06:00:00,71.1,0.090,0.67083,0.07870,550.74,545.99,455.83
2026-06-20 07:00:00,75.6,0.600,0.85833,0.52470,551.60,546.51,456.29
2026-06-20 08:00:00,82.4,1.310,1.14167,1.14559,552.74,547.66,457.29
2026-06-20 09:00:00,87.4,2.030,1.29167,1.77523,554.03,549.43,458.85
2026-06-20 10:00:00,90.3,2.690,1.29167,2.35240,555.32,551.78,460.91
2026-06-20 11:00:00,94.1,3.190,1.29167,2.78965,556.61,554.57,463.36
2026-06-20 12:00:00,96.1,3.510,1.29167,3.06949,557.90,557.64,466.05
2026-06-20 13:00:00,97.9,3.630,1.29167,3.17443,559.20,560.82,468.83
2026-06-20 14:00:00,100.0,3.530,1.29167,3.08698,560.49,563.91,471.54
2026-06-20 15:00:00,101.1,3.230,1.29167,2.82463,561.78,566.73,474.01
2026-06-20 16:00:00,102.9,2.750,1.29167,2.40487,563.07,569.14,476.12
2026-06-20 17:00:00,103.6,2.100,1.29167,1.83645,564.36,570.97,477.73
2026-06-20 18:00:00,102.7,1.370,1.29167,1.19806,565.65,572.17,478.78
2026-06-20 19:00:00,100.9,0.640,1.29167,0.55968,566.95,572.73,479.27
2026-06-20 20:00:00,95.9,0.100,1.29167,0.08745,568.24,572.82,479.35
2026-06-20 21:00:00,92.3,0.000,1.29167,0.00000,569.53,572.82,479.35
2026-06-20 22:00:00,87.8,0.000,1.29167,0.00000,570.82,572.82,479.35
2026-06-20 23:00:00,81.1,0.000,1.08750,0.00000,571.91,572.82,479.35
2026-06-20 23:59:59,76.8,0.000,0.90833,0.00000,572.82,572.82,479.35
2026-06-21 01:00:00,78.8,0.000,0.99167,0.00000,573.81,572.82,479.35
2026-06-21 01:00:00,78.8,0.000,0.99167,0.00000,574.80,572.82,479.35
2026-06-21 02:00:00,79.3,0.000,1.01250,0.00000,575.81,572.82,479.35
2026-06-21 02:00:00,79.3,0.000,1.01250,0.00000,576.83,572.82,479.35
2026-06-21 03:00:00,76.5,0.000,0.89583,0.00000,577.72,572.82,479.35
2026-06-21 03:00:00,76.5,0.000,0.89583,0.00000,578.62,572.82,479.35
2026-06-21 04:00:00,74.5,0.000,0.81250,0.00000,579.43,572.82,479.35
2026-06-21 04:00:00,74.5,0.000,0.81250,0.00000,580.24,572.82,479.35
2026-06-21 05:00:00,71.8,0.000,0.70000,0.00000,580.94,572.82,479.35
2026-06-21 05:00:00,71.8,0.000,0.70000,0.00000,581.64,572.82,479.35
2026-06-21 06:00:00,71.6,0.090,0.69167,0.07858,582.33,572.90,479.42
2026-06-21 06:00:00,71.6,0.090,0.69167,0.07858,583.03,572.97,479.48
2026-06-21 07:00:00,75.6,0.610,0.85833,0.53263,583.88,573.51,479.95
2026-06-21 07:00:00,75.6,0.610,0.85833,0.53263,584.74,574.04,480.42
2026-06-21 08:00:00,81.7,1.320,1.11250,1.15258,585.85,575.19,481.43
2026-06-21 08:00:00,81.7,1.320,1.11250,1.15258,586.97,576.34,482.44
2026-06-21 09:00:00,88.7,2.040,1.29167,1.78125,588.26,578.13,484.00
2026-06-21 09:00:00,88.7,2.040,1.29167,1.78125,589.55,579.91,485.56
2026-06-21 10:00:00,93.0,2.690,1.29167,2.34881,590.84,582.26,487.62
2026-06-21 10:00:00,93.0,2.690,1.29167,2.34881,592.13,584.60,489.68
2026-06-21 11:00:00,95.7,3.190,1.29167,2.78539,593.43,587.39,492.12
2026-06-21 11:00:00,95.7,3.190,1.29167,2.78539,594.72,590.18,494.56
2026-06-21 12:00:00,97.9,3.530,1.29167,3.08227,596.01,593.26,497.26
2026-06-21 12:00:00,97.9,3.530,1.29167,3.08227,597.30,596.34,499.97
2026-06-21 13:00:00,99.0,3.650,1.29167,3.18705,598.59,599.53,502.76
2026-06-21 13:00:00,99.0,3.650,1.29167,3.18705,599.88,602.71,505.55
2026-06-21 14:00:00,101.1,3.570,1.29167,3.11719,601.18,605.83,508.28
2026-06-21 14:00:00,101.1,3.570,1.29167,3.11719,602.47,608.95,511.02
2026-06-21 15:00:00,102.0,3.240,1.29167,2.82905,603.76,611.78,513.50
2026-06-21 15:00:00,102.0,3.240,1.29167,2.82905,605.05,614.61,515.98
2026-06-21 16:00:00,104.2,2.750,1.29167,2.40120,606.34,617.01,518.08
2026-06-21 16:00:00,104.2,2.750,1.29167,2.40120,607.63,619.41,520.19
2026-06-21 17:00:00,104.2,2.110,1.29167,1.84238,608.93,621.25,521.80
2026-06-21 17:00:00,104.2,2.110,1.29167,1.84238,610.22,623.09,523.41
2026-06-21 18:00:00,103.6,1.340,1.29167,1.17004,611.51,624.26,524.44
2026-06-21 18:00:00,103.6,1.340,1.29167,1.17004,612.80,625.43,525.47
2026-06-21 19:00:00,104.0,0.640,1.29167,0.55882,614.09,625.99,525.96
2026-06-21 19:00:00,104.0,0.640,1.29167,0.55882,615.38,626.55,526.45
2026-06-21 20:00:00,97.2,0.090,1.29167,0.07858,616.68,626.63,526.51
2026-06-21 20:00:00,97.2,0.090,1.29167,0.07858,617.97,626.71,526.58
2026-06-21 21:00:00,93.0,0.000,1.29167,0.00000,619.26,626.71,526.58
2026-06-21 21:00:00,93.0,0.000,1.29167,0.00000,620.55,626.71,526.58
2026-06-21 22:00:00,89.8,0.000,1.29167,0.00000,621.84,626.71,526.58
2026-06-21 22:00:00,89.8,0.000,1.29167,0.00000,623.13,626.71,526.58
2026-06-21 23:00:00,85.1,0.000,1.25417,0.00000,624.39,626.71,526.58
2026-06-21 23:00:00,85.1,0.000,1.25417,0.00000,625.64,626.71,526.58
2026-06-21 23:59:59,80.6,0.000,1.06667,0.00000,626.71,626.71,526.58
2026-06-22 01:00:00,78.8,0.000,0.99167,0.00000,627.70,626.71,526.58
2026-06-22 02:00:00,75.0,0.000,0.83333,0.00000,628.53,626.71,526.58
2026-06-22 03:00:00,75.2,0.000,0.84167,0.00000,629.38,626.71,526.58
2026-06-22 04:00:00,72.5,0.000,0.72917,0.00000,630.10,626.71,526.58
2026-06-22 05:00:00,72.5,0.000,0.72917,0.00000,630.83,626.71,526.58
2026-06-22 06:00:00,72.7,0.080,0.73750,0.07284,631.57,626.78,526.65
2026-06-22 07:00:00,76.1,0.590,0.87917,0.53721,632.45,627.32,527.12
2026-06-22 08:00:00,82.9,1.320,1.16250,1.20190,633.61,628.52,528.17
2026-06-22 09:00:00,89.6,2.020,1.29167,1.83927,634.90,630.36,529.78
2026-06-22 10:00:00,94.8,2.660,1.29167,2.42201,636.20,632.78,531.91
2026-06-22 11:00:00,95.4,3.150,1.29167,2.86817,637.49,635.65,534.42
2026-06-22 12:00:00,98.4,3.470,1.29167,3.15954,638.78,638.81,537.19
2026-06-22 13:00:00,103.1,3.580,1.29167,3.25970,640.07,642.07,540.05
2026-06-22 14:00:00,104.4,3.470,1.29167,3.15954,641.36,645.23,542.82
2026-06-22 15:00:00,106.0,3.170,1.29167,2.88638,642.65,648.11,545.35
2026-06-22 16:00:00,107.1,2.680,1.29167,2.44022,643.95,650.56,547.48
2026-06-22 17:00:00,107.6,2.050,1.29167,1.86659,645.24,652.42,549.12
2026-06-22 18:00:00,107.4,1.330,1.29167,1.21100,646.53,653.63,550.18
2026-06-22 19:00:00,104.9,0.620,1.29167,0.56453,647.82,654.20,550.68
2026-06-22 20:00:00,100.9,0.090,1.29167,0.08195,649.11,654.28,550.75
2026-06-22 21:00:00,97.7,0.000,1.29167,0.00000,650.40,654.28,550.75
2026-06-22 22:00:00,93.2,0.000,1.29167,0.00000,651.70,654.28,550.75
2026-06-22 23:00:00,91.2,0.000,1.29167,0.00000,652.99,654.28,550.75
2026-06-22 23:59:59,90.1,0.000,1.29167,0.00000,654.28,654.28,550.75
2026-06-23 01:00:00,88.5,0.000,1.29167,0.00000,655.57,654.28,550.75
2026-06-23 02:00:00,86.0,0.000,1.29167,0.00000,656.86,654.28,550.75
2026-06-23 03:00:00,81.0,0.000,1.08333,0.00000,657.95,654.28,550.75
2026-06-23 04:00:00,78.8,0.000,0.99167,0.00000,658.94,654.28,550.75
2026-06-23 05:00:00,79.7,0.000,1.02917,0.00000,659.97,654.28,550.75
2026-06-23 06:00:00,80.8,0.080,1.07500,0.08263,661.04,654.36,550.82
2026-06-23 07:00:00,83.3,0.540,1.17917,0.55772,662.22,654.92,551.31
2026-06-23 08:00:00,90.0,1.190,1.29167,1.22905,663.51,656.15,552.39
2026-06-23 09:00:00,95.0,1.910,1.29167,1.97268,664.80,658.12,554.12
2026-06-23 10:00:00,96.1,2.530,1.29167,2.61302,666.10,660.73,556.41
2026-06-23 11:00:00,98.6,3.010,1.29167,3.10877,667.39,663.84,559.13
2026-06-23 12:00:00,99.1,3.330,1.29167,3.43927,668.68,667.28,562.15
2026-06-23 13:00:00,102.0,3.450,1.29167,3.56321,669.97,670.85,565.27
2026-06-23 14:00:00,105.4,3.370,1.29167,3.48059,671.26,674.33,568.32
2026-06-23 15:00:00,106.9,3.090,1.29167,3.19140,672.55,677.52,571.12
2026-06-23 16:00:00,108.5,2.590,1.29167,2.67499,673.85,680.19,573.46
2026-06-23 17:00:00,108.9,2.010,1.29167,2.07596,675.14,682.27,575.28
2026-06-23 18:00:00,107.8,1.410,1.29167,1.45627,676.43,683.72,576.56
2026-06-23 19:00:00,104.5,0.380,1.29167,0.39247,677.72,684.12,576.90
2026-06-23 20:00:00,101.3,0.060,1.29167,0.06197,679.01,684.18,576.96
2026-06-23 21:00:00,98.8,0.000,1.29167,0.00000,680.30,684.18,576.96
2026-06-23 22:00:00,97.2,0.000,1.29167,0.00000,681.60,684.18,576.96
2026-06-23 23:00:00,95.7,0.000,1.29167,0.00000,682.89,684.18,576.96
2026-06-23 23:59:59,94.5,0.000,1.29167,0.00000,684.18,684.18,576.96
2026-06-24 01:00:00,93.7,0.000,1.29167,0.00000,685.47,684.18,576.96
2026-06-24 02:00:00,92.7,0.000,1.29167,0.00000,686.76,684.18,576.96
2026-06-24 03:00:00,91.9,0.000,1.29167,0.00000,688.05,684.18,576.96
2026-06-24 04:00:00,88.7,0.000,1.29167,0.00000,689.35,684.18,576.96
2026-06-24 05:00:00,87.3,0.000,1.29167,0.00000,690.64,684.18,576.96
2026-06-24 06:00:00,86.5,0.050,1.29167,0.07609,691.93,684.26,577.02
2026-06-24 07:00:00,87.4,0.330,1.29167,0.50221,693.22,684.76,577.46
2026-06-24 08:00:00,91.8,0.940,1.29167,1.43054,694.51,686.19,578.72
2026-06-24 09:00:00,97.2,1.550,1.29167,2.35886,695.80,688.55,580.78
2026-06-24 10:00:00,99.7,2.580,1.29167,3.92636,697.10,692.47,584.23
2026-06-24 11:00:00,101.3,2.390,1.29167,3.63721,698.39,696.11,587.41
2026-06-24 12:00:00,102.4,2.190,1.29167,3.33284,699.68,699.44,590.34
2026-06-24 13:00:00,102.6,1.340,1.29167,2.03927,700.97,701.48,592.12
2026-06-24 14:00:00,103.6,1.450,1.29167,2.20668,702.26,703.69,594.06
2026-06-24 15:00:00,103.6,2.080,1.29167,3.16544,703.55,706.85,596.83
2026-06-24 16:00:00,104.0,1.880,1.29167,2.86107,704.85,709.72,599.34
2026-06-24 17:00:00,106.0,2.220,1.29167,3.37850,706.14,713.09,602.30
2026-06-24 18:00:00,105.1,1.150,1.29167,1.75012,707.43,714.84,603.83
2026-06-24 19:00:00,100.6,0.190,1.29167,0.28915,708.72,715.13,604.09
2026-06-24 20:00:00,96.8,0.030,1.29167,0.04566,710.01,715.18,604.13
2026-06-24 21:00:00,89.4,0.000,1.29167,0.00000,711.30,715.18,604.13
2026-06-24 22:00:00,88.2,0.000,1.29167,0.00000,712.60,715.18,604.13
2026-06-24 23:00:00,88.7,0.000,1.29167,0.00000,713.89,715.18,604.13
2026-06-24 23:59:59,86.0,0.000,1.29167,0.00000,715.18,715.18,604.13
2026-06-25 01:00:00,85.1,0.000,1.25417,0.00000,716.43,715.18,604.13
2026-06-25 02:00:00,83.8,0.000,1.20000,0.00000,717.63,715.18,604.13
2026-06-25 03:00:00,83.1,0.000,1.17083,0.00000,718.80,715.18,604.13
2026-06-25 04:00:00,82.9,0.000,1.16250,0.00000,719.97,715.18,604.13
2026-06-25 05:00:00,83.8,0.000,1.20000,0.00000,721.17,715.18,604.13
2026-06-25 06:00:00,83.5,0.080,1.18750,0.11753,722.35,715.30,604.23
2026-06-25 07:00:00,86.9,0.530,1.29167,0.77862,723.65,716.08,604.91
2026-06-25 08:00:00,92.7,1.190,1.29167,1.74823,724.94,717.82,606.45
2026-06-25 09:00:00,97.0,1.880,1.29167,2.76190,726.23,720.59,608.87
2026-06-25 10:00:00,98.1,1.270,1.29167,1.86575,727.52,722.45,610.50
2026-06-25 11:00:00,97.0,1.030,1.29167,1.51317,728.81,723.96,611.83
2026-06-25 12:00:00,98.8,2.010,1.29167,2.95289,730.10,726.92,614.42
2026-06-25 13:00:00,101.1,2.320,1.29167,3.40831,731.40,730.33,617.40
2026-06-25 14:00:00,103.6,2.290,1.29167,3.36423,732.69,733.69,620.35
2026-06-25 15:00:00,105.8,3.220,1.29167,4.73049,733.98,738.42,624.50
2026-06-25 16:00:00,105.8,1.580,1.29167,2.32117,735.27,740.74,626.53
2026-06-25 17:00:00,106.0,1.430,1.29167,2.10081,736.56,742.84,628.37
2026-06-25 18:00:00,107.1,1.300,1.29167,1.90983,737.85,744.75,630.05
2026-06-25 19:00:00,105.6,0.530,1.29167,0.77862,739.15,745.53,630.73
2026-06-25 20:00:00,102.0,0.050,1.29167,0.07345,740.44,745.60,630.80
2026-06-25 21:00:00,99.7,0.000,1.29167,0.00000,741.73,745.60,630.80
2026-06-25 22:00:00,96.4,0.000,1.29167,0.00000,743.02,745.60,630.80
2026-06-25 23:00:00,91.8,0.000,1.29167,0.00000,744.31,745.60,630.80
2026-06-25 23:59:59,89.8,0.000,1.29167,0.00000,745.60,745.60,630.80
2026-06-26 01:00:00,90.3,0.000,1.29167,0.00000,746.90,745.60,630.80
2026-06-26 02:00:00,87.6,0.000,1.29167,0.00000,748.19,745.60,630.80
2026-06-26 03:00:00,86.0,0.000,1.29167,0.00000,749.48,745.60,630.80
2026-06-26 04:00:00,84.7,0.000,1.23750,0.00000,750.72,745.60,630.80
2026-06-26 05:00:00,85.8,0.000,1.28333,0.00000,752.00,745.60,630.80
2026-06-26 06:00:00,86.7,0.060,1.29167,0.06441,753.29,745.67,630.85
2026-06-26 07:00:00,87.8,0.280,1.29167,0.30057,754.58,745.97,631.12
2026-06-26 08:00:00,88.9,0.980,1.29167,1.05200,755.87,747.02,632.04
2026-06-26 09:00:00,95.2,2.040,1.29167,2.18989,757.17,749.21,633.96
2026-06-26 10:00:00,96.8,2.570,1.29167,2.75883,758.46,751.97,636.37
2026-06-26 11:00:00,99.0,3.030,1.29167,3.25262,759.75,755.22,639.23
2026-06-26 12:00:00,103.1,3.330,1.29167,3.57467,761.04,758.80,642.36
2026-06-26 13:00:00,105.8,3.420,1.29167,3.67128,762.33,762.47,645.58
2026-06-26 14:00:00,107.8,3.430,1.29167,3.68201,763.62,766.15,648.80
2026-06-26 15:00:00,108.5,3.090,1.29167,3.31703,764.92,769.47,651.71
2026-06-26 16:00:00,108.1,2.620,1.29167,2.81250,766.21,772.28,654.18
2026-06-26 17:00:00,107.4,2.000,1.29167,2.14695,767.50,774.43,656.06
2026-06-26 18:00:00,106.0,1.290,1.29167,1.38478,768.79,775.81,657.27
2026-06-26 19:00:00,103.1,0.600,1.29167,0.64408,770.08,776.46,657.84
2026-06-26 20:00:00,99.7,0.080,1.29167,0.08588,771.37,776.54,657.91
2026-06-26 21:00:00,96.4,0.000,1.29167,0.00000,772.67,776.54,657.91
2026-06-26 22:00:00,94.6,0.000,1.29167,0.00000,773.96,776.54,657.91
2026-06-26 23:00:00,90.5,0.000,1.29167,0.00000,775.25,776.54,657.91
2026-06-26 23:59:59,87.6,0.000,1.29167,0.00000,776.54,776.54,657.91
2026-06-27 01:00:00,83.7,0.000,1.19583,0.00000,777.74,776.54,657.91
2026-06-27 02:00:00,82.4,0.000,1.14167,0.00000,778.88,776.54,657.91
2026-06-27 03:00:00,81.0,0.000,1.08333,0.00000,779.96,776.54,657.91
2026-06-27 04:00:00,78.3,0.000,0.97083,0.00000,780.93,776.54,657.91
2026-06-27 05:00:00,76.3,0.000,0.88750,0.00000,781.82,776.54,657.91
2026-06-27 06:00:00,75.4,0.080,0.85000,0.07859,782.67,776.62,657.98
2026-06-27 07:00:00,80.2,0.550,1.05000,0.54028,783.72,777.16,658.45
2026-06-27 08:00:00,87.4,1.220,1.29167,1.19845,785.01,778.36,659.51
2026-06-27 09:00:00,90.7,1.930,1.29167,1.89591,786.30,780.25,661.17
2026-06-27 10:00:00,94.5,2.540,1.29167,2.49513,787.60,782.75,663.35
2026-06-27 11:00:00,98.6,3.040,1.29167,2.98630,788.89,785.74,665.97
2026-06-27 12:00:00,100.6,3.370,1.29167,3.31047,790.18,789.05,668.87
2026-06-27 13:00:00,102.4,3.500,1.29167,3.43817,791.47,792.48,671.89
2026-06-27 14:00:00,104.7,3.440,1.29167,3.37923,792.76,795.86,674.85
2026-06-27 15:00:00,106.0,3.140,1.29167,3.08453,794.05,798.95,677.55
2026-06-27 16:00:00,106.2,2.660,1.29167,2.61301,795.35,801.56,679.84
2026-06-27 17:00:00,105.6,2.040,1.29167,2.00396,796.64,803.57,681.60
2026-06-27 18:00:00,104.4,1.330,1.29167,1.30650,797.93,804.87,682.74
2026-06-27 19:00:00,102.4,0.600,1.29167,0.58940,799.22,805.46,683.26
2026-06-27 20:00:00,99.1,0.090,1.29167,0.08841,800.51,805.55,683.34
2026-06-27 21:00:00,94.3,0.000,1.29167,0.00000,801.80,805.55,683.34
2026-06-27 22:00:00,90.7,0.000,1.29167,0.00000,803.10,805.55,683.34
2026-06-27 23:00:00,88.7,0.000,1.29167,0.00000,804.39,805.55,683.34
2026-06-27 23:59:59,82.9,0.000,1.16250,0.00000,805.55,805.55,683.34
2026-06-28 01:00:00,81.5,0.000,1.10417,0.00000,806.65,805.55,683.34
2026-06-28 02:00:00,77.4,0.000,0.93333,0.00000,807.59,805.55,683.34
2026-06-28 03:00:00,77.4,0.000,0.93333,0.00000,808.52,805.55,683.34
2026-06-28 04:00:00,80.6,0.000,1.06667,0.00000,809.59,805.55,683.34
2026-06-28 05:00:00,76.8,0.000,0.90833,0.00000,810.50,805.55,683.34
2026-06-28 06:00:00,72.3,0.080,0.72083,0.07583,811.22,805.63,683.40
2026-06-28 07:00:00,76.5,0.540,0.89583,0.51184,812.11,806.14,683.85
2026-06-28 08:00:00,83.3,1.230,1.17917,1.16586,813.29,807.30,684.87
2026-06-28 09:00:00,87.3,1.930,1.29167,1.82936,814.58,809.13,686.48
2026-06-28 10:00:00,89.4,2.550,1.29167,2.41703,815.87,811.55,688.60
2026-06-28 11:00:00,92.3,3.050,1.29167,2.89095,817.17,814.44,691.13
2026-06-28 12:00:00,94.3,3.380,1.29167,3.20374,818.46,817.64,693.94
2026-06-28 13:00:00,97.3,3.500,1.29167,3.31749,819.75,820.96,696.85
2026-06-28 14:00:00,99.1,3.430,1.29167,3.25114,821.04,824.21,699.70
2026-06-28 15:00:00,101.7,3.120,1.29167,2.95730,822.33,827.17,702.29
2026-06-28 16:00:00,102.6,2.640,1.29167,2.50233,823.62,829.67,704.48
2026-06-28 17:00:00,101.8,2.040,1.29167,1.93362,824.92,831.61,706.18
2026-06-28 18:00:00,101.3,1.340,1.29167,1.27012,826.21,832.88,707.29
2026-06-28 19:00:00,99.1,0.640,1.29167,0.60663,827.50,833.48,707.82
2026-06-28 20:00:00,95.4,0.110,1.29167,0.10426,828.79,833.59,707.91
2026-06-28 21:00:00,91.6,0.000,1.29167,0.00000,830.08,833.59,707.91
2026-06-28 22:00:00,88.0,0.000,1.29167,0.00000,831.37,833.59,707.91
2026-06-28 23:00:00,82.9,0.000,1.16250,0.00000,832.54,833.59,707.91
2026-06-28 23:59:59,80.2,0.000,1.05000,0.00000,833.59,833.59,707.91
2026-06-29 01:00:00,79.3,0.000,1.01250,0.00000,834.60,833.59,707.91
2026-06-29 02:00:00,80.8,0.000,1.07500,0.00000,835.67,833.59,707.91
2026-06-29 03:00:00,78.4,0.000,0.97500,0.00000,836.65,833.59,707.91
2026-06-29 04:00:00,76.1,0.000,0.87917,0.00000,837.53,833.59,707.91
2026-06-29 05:00:00,73.9,0.000,0.78750,0.00000,838.32,833.59,707.91
2026-06-29 06:00:00,72.0,0.090,0.70833,0.08185,839.02,833.67,707.98
2026-06-29 07:00:00,76.3,0.570,0.88750,0.51836,839.91,834.19,708.44
2026-06-29 08:00:00,82.4,1.250,1.14167,1.13675,841.05,835.32,709.44
2026-06-29 09:00:00,86.7,1.990,1.29167,1.80971,842.35,837.13,711.02
2026-06-29 10:00:00,89.4,2.630,1.29167,2.39173,843.64,839.53,713.12
2026-06-29 11:00:00,92.8,3.120,1.29167,2.83734,844.93,842.36,715.60
2026-06-29 12:00:00,95.7,3.460,1.29167,3.14653,846.22,845.51,718.36
2026-06-29 13:00:00,97.5,3.590,1.29167,3.26475,847.51,848.77,721.22
2026-06-29 14:00:00,99.7,3.530,1.29167,3.21019,848.80,851.98,724.04
2026-06-29 15:00:00,101.5,3.240,1.29167,2.94646,850.10,854.93,726.62
2026-06-29 16:00:00,102.2,2.740,1.29167,2.49176,851.39,857.42,728.80
2026-06-29 17:00:00,102.0,2.090,1.29167,1.90065,852.68,859.32,730.47
2026-06-29 18:00:00,100.9,1.360,1.29167,1.23679,853.97,860.56,731.55
2026-06-29 19:00:00,97.9,0.640,1.29167,0.58202,855.26,861.14,732.06
2026-06-29 20:00:00,92.3,0.100,1.29167,0.09094,856.55,861.23,732.14
2026-06-29 21:00:00,85.5,0.000,1.27083,0.00000,857.82,861.23,732.14
2026-06-29 22:00:00,82.4,0.000,1.14167,0.00000,858.97,861.23,732.14
2026-06-29 23:00:00,82.0,0.000,1.12500,0.00000,860.09,861.23,732.14
2026-06-29 23:59:59,82.4,0.000,1.14167,0.00000,861.23,861.23,732.14
2026-06-30 01:00:00,79.7,0.000,1.02917,0.00000,862.26,861.23,732.14
2026-06-30 02:00:00,72.0,0.000,0.70833,0.00000,862.97,861.23,732.14
2026-06-30 03:00:00,70.3,0.000,0.63750,0.00000,863.61,861.23,732.14
2026-06-30 04:00:00,68.5,0.000,0.56250,0.00000,864.17,861.23,732.14
2026-06-30 05:00:00,63.7,0.000,0.36250,0.00000,864.53,861.23,732.14
2026-06-30 06:00:00,64.2,0.080,0.38333,0.06516,864.92,861.30,732.20
2026-06-30 07:00:00,72.5,0.570,0.72917,0.46429,865.65,861.76,732.61
2026-06-30 08:00:00,79.3,1.260,1.01250,1.02633,866.66,862.79,733.51
2026-06-30 09:00:00,85.8,1.960,1.28333,1.59652,867.94,864.39,734.91
2026-06-30 10:00:00,88.7,2.600,1.29167,2.11783,869.23,866.50,736.76
2026-06-30 11:00:00,91.4,3.090,1.29167,2.51696,870.52,869.02,738.97
2026-06-30 12:00:00,94.3,3.400,1.29167,2.76947,871.82,871.79,741.40
2026-06-30 13:00:00,97.3,3.590,1.29167,2.92423,873.11,874.71,743.96
2026-06-30 14:00:00,98.6,3.520,1.29167,2.86722,874.40,877.58,746.47
2026-06-30 15:00:00,100.2,3.260,1.29167,2.65543,875.69,880.24,748.80
2026-06-30 16:00:00,100.6,2.790,1.29167,2.27259,876.98,882.51,750.79
2026-06-30 17:00:00,100.4,2.130,1.29167,1.73499,878.27,884.24,752.31
2026-06-30 18:00:00,99.7,1.390,1.29167,1.13222,879.57,885.38,753.31
2026-06-30 19:00:00,97.3,0.650,1.29167,0.52946,880.86,885.91,753.77
2026-06-30 20:00:00,92.3,0.100,1.29167,0.08145,882.15,885.99,753.84
2026-06-30 21:00:00,84.6,0.000,1.23333,0.00000,883.38,885.99,753.84
2026-06-30 22:00:00,78.4,0.000,0.97500,0.00000,884.36,885.99,753.84
2026-06-30 23:00:00,74.8,0.000,0.82500,0.00000,885.18,885.99,753.84
2026-06-30 23:59:59,74.3,0.000,0.80417,0.00000,885.99,885.99,753.84
2026-07-01 01:00:00,70.2,0.000,0.63333,0.00000,886.62,885.99,753.84
2026-07-01 02:00:00,70.2,0.000,0.63333,0.00000,887.25,885.99,753.84
2026-07-01 03:00:00,71.8,0.000,0.70000,0.00000,887.95,885.99,753.84
2026-07-01 04:00:00,70.5,0.000,0.64583,0.00000,888.60,885.99,753.84
2026-07-01 05:00:00,69.4,0.000,0.60000,0.00000,889.20,885.99,753.84
2026-07-01 06:00:00,69.1,0.080,0.58750,0.06548,889.79,886.05,753.90
2026-07-01 07:00:00,70.3,0.580,0.63750,0.47471,890.42,886.53,754.31
2026-07-01 08:00:00,76.6,1.280,0.90000,1.04763,891.32,887.58,755.23
2026-07-01 09:00:00,82.4,2.000,1.14167,1.63691,892.47,889.21,756.67
2026-07-01 10:00:00,86.0,2.620,1.29167,2.14436,893.76,891.36,758.55
2026-07-01 11:00:00,88.3,3.170,1.29167,2.59451,895.05,893.95,760.82
2026-07-01 12:00:00,90.9,3.510,1.29167,2.87278,896.34,896.82,763.34
2026-07-01 13:00:00,93.4,3.650,1.29167,2.98737,897.63,899.81,765.96
2026-07-01 14:00:00,95.7,3.560,1.29167,2.91371,898.92,902.72,768.51
2026-07-01 15:00:00,98.1,3.260,1.29167,2.66817,900.22,905.39,770.85
2026-07-01 16:00:00,100.0,2.780,1.29167,2.27531,901.51,907.67,772.84
2026-07-01 17:00:00,101.5,2.140,1.29167,1.75150,902.80,909.42,774.38
2026-07-01 18:00:00,100.6,1.400,1.29167,1.14584,904.09,910.57,775.38
2026-07-01 19:00:00,97.9,0.670,1.29167,0.54837,905.38,911.11,775.87
2026-07-01 20:00:00,93.4,0.110,1.29167,0.09003,906.67,911.20,775.94
2026-07-01 21:00:00,91.2,0.000,1.29167,0.00000,907.97,911.20,775.94
2026-07-01 22:00:00,87.4,0.000,1.29167,0.00000,909.26,911.20,775.94
2026-07-01 23:00:00,81.7,0.000,1.11250,0.00000,910.37,911.20,775.94
2026-07-01 23:59:59,75.0,0.000,0.83333,0.00000,911.20,911.20,775.94
2026-07-02 01:00:00,73.2,0.000,0.75833,0.00000,911.96,911.20,775.94
2026-07-02 02:00:00,71.6,0.000,0.69167,0.00000,912.65,911.20,775.94
2026-07-02 03:00:00,72.1,0.000,0.71250,0.00000,913.37,911.20,775.94
2026-07-02 04:00:00,70.0,0.000,0.62500,0.00000,913.99,911.20,775.94
2026-07-02 05:00:00,66.7,0.000,0.48750,0.00000,914.48,911.20,775.94
2026-07-02 06:00:00,66.4,0.080,0.47500,0.06523,914.95,911.27,776.00
2026-07-02 07:00:00,69.1,0.600,0.58750,0.48925,915.54,911.76,776.43
2026-07-02 08:00:00,77.2,1.300,0.92500,1.06004,916.47,912.82,777.36
2026-07-02 09:00:00,83.8,2.030,1.20000,1.65530,917.67,914.47,778.81
2026-07-02 10:00:00,87.6,2.660,1.29167,2.16901,918.96,916.64,780.71
2026-07-02 11:00:00,90.7,3.120,1.29167,2.54410,920.25,919.19,782.94
2026-07-02 12:00:00,93.6,3.520,1.29167,2.87027,921.54,922.06,785.46
2026-07-02 13:00:00,96.8,3.660,1.29167,2.98442,922.83,925.04,788.07
2026-07-02 14:00:00,97.3,3.580,1.29167,2.91919,924.12,927.96,790.63
2026-07-02 15:00:00,99.9,3.280,1.29167,2.67457,925.42,930.64,792.98
2026-07-02 16:00:00,101.8,2.790,1.29167,2.27501,926.71,932.91,794.97
2026-07-02 17:00:00,102.0,2.140,1.29167,1.74499,928.00,934.66,796.50
2026-07-02 18:00:00,101.5,1.400,1.29167,1.14158,929.29,935.80,797.50
2026-07-02 19:00:00,100.4,0.670,1.29167,0.54633,930.58,936.34,797.98
2026-07-02 20:00:00,95.2,0.100,1.29167,0.08154,931.87,936.43,798.05
2026-07-02 21:00:00,88.9,0.000,1.29167,0.00000,933.17,936.43,798.05
2026-07-02 22:00:00,85.1,0.000,1.25417,0.00000,934.42,936.43,798.05
2026-07-02 23:00:00,81.5,0.000,1.10417,0.00000,935.52,936.43,798.05
2026-07-02 23:59:59,76.6,0.000,0.90000,0.00000,936.42,936.43,798.05
2026-07-03 01:00:00,74.1,0.000,0.79583,0.00000,937.22,936.43,798.05
2026-07-03 02:00:00,73.0,0.000,0.75000,0.00000,937.97,936.43,798.05
2026-07-03 03:00:00,70.3,0.000,0.63750,0.00000,938.61,936.43,798.05
2026-07-03 04:00:00,70.2,0.000,0.63333,0.00000,939.24,936.43,798.05
2026-07-03 05:00:00,70.0,0.000,0.62500,0.00000,939.87,936.43,798.05
2026-07-03 06:00:00,67.8,0.080,0.53333,0.07434,940.40,936.50,798.12
2026-07-03 07:00:00,73.8,0.580,0.78333,0.53893,941.18,937.04,798.59
2026-07-03 08:00:00,79.9,1.300,1.03750,1.20795,942.22,938.25,799.65
2026-07-03 09:00:00,86.7,2.000,1.29167,1.85839,943.51,940.10,801.28
2026-07-03 10:00:00,91.9,2.670,1.29167,2.48095,944.80,942.59,803.45
2026-07-03 11:00:00,94.5,3.010,1.29167,2.79688,946.10,945.38,805.90
2026-07-03 12:00:00,97.2,3.240,1.29167,3.01059,947.39,948.39,808.54
2026-07-03 13:00:00,98.6,3.430,1.29167,3.18714,948.68,951.58,811.33
2026-07-03 14:00:00,101.1,3.370,1.29167,3.13139,949.97,954.71,814.08
2026-07-03 15:00:00,101.7,3.120,1.29167,2.89909,951.26,957.61,816.62
2026-07-03 16:00:00,103.3,2.760,1.29167,2.56458,952.55,960.18,818.87
2026-07-03 17:00:00,105.3,1.830,1.29167,1.70043,953.85,961.88,820.36
2026-07-03 18:00:00,103.3,0.710,1.29167,0.65973,955.14,962.54,820.94
2026-07-03 19:00:00,100.4,0.330,1.29167,0.30663,956.43,962.84,821.20
2026-07-03 20:00:00,96.8,0.040,1.29167,0.03717,957.72,962.88,821.24
2026-07-03 21:00:00,93.7,0.000,1.29167,0.00000,959.01,962.88,821.24
2026-07-03 22:00:00,90.3,0.000,1.29167,0.00000,960.30,962.88,821.24
2026-07-03 23:00:00,86.9,0.000,1.29167,0.00000,961.60,962.88,821.24
2026-07-03 23:59:59,85.8,0.000,1.28333,0.00000,962.88,962.88,821.24
2026-07-04 01:00:00,82.0,0.000,1.12500,0.00000,964.00,962.88,821.24
2026-07-04 02:00:00,78.8,0.000,0.99167,0.00000,965.00,962.88,821.24
2026-07-04 03:00:00,79.5,0.000,1.02083,0.00000,966.02,962.88,821.24
2026-07-04 04:00:00,81.1,0.000,1.08750,0.00000,967.10,962.88,821.24
2026-07-04 05:00:00,80.2,0.000,1.05000,0.00000,968.15,962.88,821.24
2026-07-04 06:00:00,79.3,0.040,1.01250,0.06921,969.17,962.95,821.30
2026-07-04 07:00:00,81.0,0.410,1.08333,0.70944,970.25,963.66,821.92
2026-07-04 08:00:00,86.4,0.820,1.29167,1.41887,971.54,965.08,823.16
2026-07-04 09:00:00,88.3,0.860,1.29167,1.48809,972.83,966.56,824.47
2026-07-04 10:00:00,90.5,1.140,1.29167,1.97258,974.12,968.54,826.20
2026-07-04 11:00:00,93.6,1.840,1.29167,3.18382,975.42,971.72,828.99
2026-07-04 12:00:00,94.6,2.220,1.29167,3.84134,976.71,975.56,832.35
2026-07-04 13:00:00,98.1,2.200,1.29167,3.80674,978.00,979.37,835.69
2026-07-04 14:00:00,99.1,1.740,1.29167,3.01078,979.29,982.38,838.33
2026-07-04 15:00:00,99.1,1.730,1.29167,2.99348,980.58,985.37,840.95
2026-07-04 16:00:00,98.6,1.310,1.29167,2.26674,981.87,987.64,842.94
2026-07-04 17:00:00,99.7,1.380,1.29167,2.38786,983.17,990.03,845.03
2026-07-04 18:00:00,98.6,0.820,1.29167,1.41887,984.46,991.45,846.28
2026-07-04 19:00:00,97.3,0.400,1.29167,0.69213,985.75,992.14,846.88
2026-07-04 20:00:00,93.6,0.040,1.29167,0.06921,987.04,992.21,846.94
2026-07-04 21:00:00,92.7,0.000,1.29167,0.00000,988.33,992.21,846.94
2026-07-04 22:00:00,89.1,0.000,1.29167,0.00000,989.62,992.21,846.94
2026-07-04 23:00:00,87.4,0.000,1.29167,0.00000,990.92,992.21,846.94
2026-07-04 23:59:59,86.4,0.000,1.29167,0.00000,992.21,992.21,846.94
2026-07-05 01:00:00,84.0,0.000,1.20833,0.00000,993.42,992.21,846.94
2026-07-05 02:00:00,81.1,0.000,1.08750,0.00000,994.50,992.21,846.94
2026-07-05 03:00:00,82.0,0.000,1.12500,0.00000,995.63,992.21,846.94
2026-07-05 04:00:00,81.3,0.000,1.09583,0.00000,996.72,992.21,846.94
2026-07-05 05:00:00,80.4,0.000,1.05833,0.00000,997.78,992.21,846.94
2026-07-05 06:00:00,80.2,0.020,1.05000,0.02484,998.83,992.23,846.97
2026-07-05 07:00:00,81.9,0.150,1.12083,0.18629,999.95,992.42,847.13
2026-07-05 08:00:00,83.7,0.580,1.19583,0.72034,1001.15,993.14,847.76
2026-07-05 09:00:00,89.4,0.990,1.29167,1.22954,1002.44,994.37,848.84
2026-07-05 10:00:00,94.1,1.380,1.29167,1.71391,1003.73,996.08,850.34
2026-07-05 11:00:00,97.5,2.540,1.29167,3.15458,1005.02,999.24,853.11
2026-07-05 12:00:00,99.7,2.630,1.29167,3.26636,1006.32,1002.50,855.97
2026-07-05 13:00:00,98.2,2.900,1.29167,3.60168,1007.61,1006.11,859.13
2026-07-05 14:00:00,102.9,3.220,1.29167,3.99911,1008.90,1010.10,862.63
2026-07-05 15:00:00,104.4,2.810,1.29167,3.48991,1010.19,1013.59,865.69
2026-07-05 16:00:00,105.3,2.640,1.29167,3.27878,1011.48,1016.87,868.56
2026-07-05 17:00:00,106.5,2.010,1.29167,2.49634,1012.77,1019.37,870.75
2026-07-05 18:00:00,107.2,1.290,1.29167,1.60213,1014.07,1020.97,872.16
2026-07-05 19:00:00,106.0,0.590,1.29167,0.73276,1015.36,1021.70,872.80
2026-07-05 20:00:00,101.8,0.090,1.29167,0.11178,1016.65,1021.82,872.90
2026-07-05 21:00:00,97.0,0.000,1.29167,0.00000,1017.94,1021.82,872.90
2026-07-05 22:00:00,93.2,0.000,1.29167,0.00000,1019.23,1021.82,872.90
2026-07-05 23:00:00,90.0,0.000,1.29167,0.00000,1020.52,1021.82,872.90
2026-07-05 23:59:59,87.4,0.000,1.29167,0.00000,1021.82,1021.82,872.90
2026-07-06 01:00:00,86.9,0.000,1.29167,0.00000,1023.11,1021.82,872.90
2026-07-06 02:00:00,90.5,0.000,1.29167,0.00000,1024.40,1021.82,872.90
2026-07-06 03:00:00,89.6,0.000,1.29167,0.00000,1025.69,1021.82,872.90
2026-07-06 04:00:00,85.5,0.000,1.27083,0.00000,1026.96,1021.82,872.90
2026-07-06 05:00:00,82.4,0.000,1.14167,0.00000,1028.10,1021.82,872.90
2026-07-06 06:00:00,80.8,0.040,1.07500,0.04270,1029.18,1021.86,872.93
2026-07-06 07:00:00,83.3,0.400,1.17917,0.42702,1030.36,1022.29,873.31
2026-07-06 08:00:00,90.5,1.170,1.29167,1.24904,1031.65,1023.54,874.40
2026-07-06 09:00:00,97.5,1.870,1.29167,1.99632,1032.94,1025.53,876.15
2026-07-06 10:00:00,100.2,2.490,1.29167,2.65821,1034.23,1028.19,878.48
2026-07-06 11:00:00,102.6,2.990,1.29167,3.19198,1035.52,1031.38,881.28
2026-07-06 12:00:00,104.5,3.320,1.29167,3.54428,1036.82,1034.93,884.39
2026-07-06 13:00:00,104.7,3.450,1.29167,3.68306,1038.11,1038.61,887.61
2026-07-06 14:00:00,107.1,3.360,1.29167,3.58698,1039.40,1042.20,890.76
2026-07-06 15:00:00,108.0,3.080,1.29167,3.28806,1040.69,1045.48,893.64
2026-07-06 16:00:00,109.9,2.680,1.29167,2.86104,1041.98,1048.35,896.15
2026-07-06 17:00:00,109.4,1.760,1.29167,1.87889,1043.27,1050.22,897.80
2026-07-06 18:00:00,108.7,1.290,1.29167,1.37714,1044.57,1051.60,899.00
2026-07-06 19:00:00,106.9,0.590,1.29167,0.62986,1045.86,1052.23,899.55
2026-07-06 20:00:00,103.1,0.080,1.29167,0.08540,1047.15,1052.32,899.63
2026-07-06 21:00:00,98.1,0.000,1.29167,0.00000,1048.44,1052.32,899.63
2026-07-06 22:00:00,94.5,0.000,1.29167,0.00000,1049.73,1052.32,899.63
2026-07-06 23:00:00,89.6,0.000,1.29167,0.00000,1051.02,1052.32,899.63
2026-07-06 23:59:59,89.6,0.000,1.29167,0.00000,1052.32,1052.32,899.63
2026-07-07 01:00:00,93.6,0.000,1.29167,0.00000,1053.61,1052.32,899.63
2026-07-07 02:00:00,92.7,0.000,1.29167,0.00000,1054.90,1052.32,899.63
2026-07-07 03:00:00,91.0,0.000,1.29167,0.00000,1056.19,1052.32,899.63
2026-07-07 04:00:00,84.6,0.000,1.23333,0.00000,1057.42,1052.32,899.63
2026-07-07 05:00:00,82.9,0.000,1.16250,0.00000,1058.59,1052.32,899.63
2026-07-07 06:00:00,81.3,0.050,1.09583,0.05364,1059.68,1052.37,899.68
2026-07-07 07:00:00,84.2,0.460,1.21667,0.49347,1060.90,1052.86,900.11
2026-07-07 08:00:00,89.4,1.130,1.29167,1.21223,1062.19,1054.08,901.17
2026-07-07 09:00:00,98.2,1.840,1.29167,1.97389,1063.48,1056.05,902.90
2026-07-07 10:00:00,102.0,2.460,1.29167,2.63901,1064.77,1058.69,905.21
2026-07-07 11:00:00,103.6,2.960,1.29167,3.17539,1066.07,1061.86,908.00
2026-07-07 12:00:00,105.4,3.240,1.29167,3.47576,1067.36,1065.34,911.04
2026-07-07 13:00:00,107.1,3.430,1.29167,3.67959,1068.65,1069.02,914.27
2026-07-07 14:00:00,108.9,3.350,1.29167,3.59377,1069.94,1072.61,917.42
2026-07-07 15:00:00,109.8,3.070,1.29167,3.29339,1071.23,1075.91,920.31
2026-07-07 16:00:00,110.7,2.600,1.29167,2.78919,1072.52,1078.70,922.75
2026-07-07 17:00:00,111.4,1.980,1.29167,2.12408,1073.82,1080.82,924.61
2026-07-07 18:00:00,110.5,1.260,1.29167,1.35169,1075.11,1082.17,925.80
2026-07-07 19:00:00,108.7,0.570,1.29167,0.61148,1076.40,1082.78,926.33
2026-07-07 20:00:00,104.4,0.070,1.29167,0.07509,1077.69,1082.86,926.40
2026-07-07 21:00:00,99.0,0.000,1.29167,0.00000,1078.98,1082.86,926.40
2026-07-07 22:00:00,96.6,0.000,1.29167,0.00000,1080.27,1082.86,926.40
2026-07-07 23:00:00,94.8,0.000,1.29167,0.00000,1081.57,1082.86,926.40
2026-07-07 23:59:59,93.6,0.000,1.29167,0.00000,1082.86,1082.86,926.40
2026-07-08 01:00:00,91.6,0.000,1.29167,0.00000,1084.15,1082.86,926.40
2026-07-08 02:00:00,91.2,0.000,1.29167,0.00000,1085.44,1082.86,926.40
2026-07-08 03:00:00,88.0,0.000,1.29167,0.00000,1086.73,1082.86,926.40
2026-07-08 04:00:00,88.2,0.000,1.29167,0.00000,1088.02,1082.86,926.40
2026-07-08 05:00:00,85.1,0.000,1.25417,0.00000,1089.28,1082.86,926.40
2026-07-08 06:00:00,82.2,0.040,1.13333,0.04342,1090.41,1082.90,926.44
2026-07-08 07:00:00,86.7,0.450,1.29167,0.48844,1091.70,1083.39,926.87
2026-07-08 08:00:00,92.7,1.120,1.29167,1.21567,1093.00,1084.61,927.93
2026-07-08 09:00:00,99.5,1.830,1.29167,1.98632,1094.29,1086.59,929.67
2026-07-08 10:00:00,101.8,2.460,1.29167,2.67013,1095.58,1089.26,932.01
2026-07-08 11:00:00,103.5,2.960,1.29167,3.21284,1096.87,1092.48,934.83
2026-07-08 12:00:00,104.7,3.280,1.29167,3.56017,1098.16,1096.04,937.95
2026-07-08 13:00:00,106.3,3.420,1.29167,3.71213,1099.45,1099.75,941.20
2026-07-08 14:00:00,108.0,3.350,1.29167,3.63615,1100.75,1103.38,944.39
2026-07-08 15:00:00,109.6,3.060,1.29167,3.32138,1102.04,1106.70,947.30
2026-07-08 16:00:00,110.5,2.570,1.29167,2.78952,1103.33,1109.49,949.75
2026-07-08 17:00:00,110.7,1.960,1.29167,2.12742,1104.62,1111.62,951.61
2026-07-08 18:00:00,110.1,1.250,1.29167,1.35677,1105.91,1112.98,952.80
2026-07-08 19:00:00,108.7,0.550,1.29167,0.59698,1107.20,1113.58,953.32
2026-07-08 20:00:00,104.7,0.080,1.29167,0.08683,1108.50,1113.66,953.40
2026-07-08 21:00:00,99.9,0.000,1.29167,0.00000,1109.79,1113.66,953.40
2026-07-08 22:00:00,97.2,0.000,1.29167,0.00000,1111.08,1113.66,953.40
2026-07-08 23:00:00,95.7,0.000,1.29167,0.00000,1112.37,1113.66,953.40
2026-07-08 23:59:59,93.6,0.000,1.29167,0.00000,1113.66,1113.66,953.40
2026-07-09 01:00:00,90.3,0.000,1.29167,0.00000,1114.95,1113.66,955.17
2026-07-09 02:00:00,88.2,0.000,1.29167,0.00000,1116.25,1113.66,955.17
2026-07-09 03:00:00,86.2,0.000,1.29167,0.00000,1117.54,1113.66,955.17
2026-07-09 04:00:00,84.9,0.000,1.24583,0.00000,1118.78,1113.66,955.17
2026-07-09 05:00:00,84.2,0.000,1.21667,0.00000,1120.00,1113.66,955.17
2026-07-09 06:00:00,82.2,0.040,1.13333,0.04321,1121.13,1113.71,955.21
2026-07-09 07:00:00,85.3,0.450,1.26250,0.48614,1122.40,1114.19,955.61
2026-07-09 08:00:00,91.2,1.110,1.29167,1.19915,1123.69,1115.39,956.59
2026-07-09 09:00:00,97.9,1.810,1.29167,1.95536,1124.98,1117.35,958.19
2026-07-09 10:00:00,101.7,2.440,1.29167,2.63596,1126.27,1119.98,960.35
2026-07-09 11:00:00,103.1,2.940,1.29167,3.17612,1127.56,1123.16,962.95
2026-07-09 12:00:00,105.1,3.280,1.29167,3.54342,1128.85,1126.70,965.85
2026-07-09 13:00:00,107.1,3.420,1.29167,3.69467,1130.15,1130.40,968.87
2026-07-09 14:00:00,108.3,3.350,1.29167,3.61905,1131.44,1134.02,971.84
2026-07-09 15:00:00,110.7,3.060,1.29167,3.30576,1132.73,1137.32,974.54
2026-07-09 16:00:00,111.6,2.610,1.29167,2.81961,1134.02,1140.14,976.85
2026-07-09 17:00:00,111.6,1.980,1.29167,2.13902,1135.31,1142.28,978.60
2026-07-09 18:00:00,110.7,1.270,1.29167,1.37200,1136.60,1143.65,979.73
2026-07-09 19:00:00,108.9,0.570,1.29167,0.61578,1137.90,1144.27,980.23
2026-07-09 20:00:00,105.1,0.080,1.29167,0.08642,1139.19,1144.35,980.30
2026-07-09 21:00:00,101.1,0.000,1.29167,0.00000,1140.48,1144.35,980.30
2026-07-09 22:00:00,99.0,0.000,1.29167,0.00000,1141.77,1144.35,980.30
2026-07-09 23:00:00,95.5,0.000,1.29167,0.00000,1143.06,1144.35,980.30
2026-07-09 23:59:59,93.7,0.000,1.29167,0.00000,1144.35,1144.35,980.30
2026-07-10 01:00:00,93.7,0.000,1.29167,0.00000,1145.65,1144.35,980.30
2026-07-10 02:00:00,91.4,0.000,1.29167,0.00000,1146.94,1144.35,980.30
2026-07-10 03:00:00,89.2,0.000,1.29167,0.00000,1148.23,1144.35,980.30
2026-07-10 04:00:00,87.6,0.000,1.29167,0.00000,1149.52,1144.35,980.30
2026-07-10 05:00:00,84.9,0.000,1.24583,0.00000,1150.77,1144.35,980.30
2026-07-10 06:00:00,84.7,0.040,1.23750,0.04416,1152.00,1144.40,980.34
2026-07-10 07:00:00,86.5,0.420,1.29167,0.46367,1153.30,1144.86,980.72
2026-07-10 08:00:00,90.1,1.080,1.29167,1.19228,1154.59,1146.05,981.69
2026-07-10 09:00:00,93.7,1.790,1.29167,1.97610,1155.88,1148.03,983.31
2026-07-10 10:00:00,95.7,2.440,1.29167,2.69368,1157.17,1150.72,985.51
2026-07-10 11:00:00,97.9,2.800,1.29167,3.09110,1158.46,1153.82,988.05
2026-07-10 12:00:00,100.0,3.270,1.29167,3.60997,1159.75,1157.43,991.00
2026-07-10 13:00:00,102.4,3.400,1.29167,3.75348,1161.05,1161.18,994.07
2026-07-10 14:00:00,104.4,3.310,1.29167,3.65413,1162.34,1164.83,997.07
2026-07-10 15:00:00,106.3,3.010,1.29167,3.32294,1163.63,1168.16,999.79
2026-07-10 16:00:00,108.3,2.570,1.29167,2.83719,1164.92,1170.99,1002.11
2026-07-10 17:00:00,109.2,1.970,1.29167,2.17481,1166.21,1173.17,1003.89
2026-07-10 18:00:00,108.7,1.260,1.29167,1.39100,1167.50,1174.56,1005.03
2026-07-10 19:00:00,107.1,0.550,1.29167,0.60718,1168.80,1175.17,1005.53
2026-07-10 20:00:00,104.0,0.080,1.29167,0.08832,1170.09,1175.25,1005.60
2026-07-10 21:00:00,101.3,0.000,1.29167,0.00000,1171.38,1175.25,1005.60
2026-07-10 22:00:00,99.7,0.000,1.29167,0.00000,1172.67,1175.25,1005.60
2026-07-10 23:00:00,97.0,0.000,1.29167,0.00000,1173.96,1175.25,1005.60
2026-07-10 23:59:59,95.4,0.000,1.29167,0.00000,1175.25,1175.25,1005.60
2026-07-11 01:00:00,94.5,0.000,1.29167,0.00000,1176.55,1175.25,1005.60
2026-07-11 01:00:00,94.5,0.000,1.29167,0.00000,1177.84,1175.25,1005.60
2026-07-11 02:00:00,93.0,0.000,1.29167,0.00000,1179.13,1175.25,1005.60
2026-07-11 02:00:00,93.0,0.000,1.29167,0.00000,1180.42,1175.25,1005.60
2026-07-11 03:00:00,90.5,0.000,1.29167,0.00000,1181.71,1175.25,1005.60
2026-07-11 03:00:00,90.5,0.000,1.29167,0.00000,1183.00,1175.25,1005.60
2026-07-11 04:00:00,89.4,0.000,1.29167,0.00000,1184.30,1175.25,1005.60
2026-07-11 04:00:00,89.4,0.000,1.29167,0.00000,1185.59,1175.25,1005.60
2026-07-11 05:00:00,87.6,0.000,1.29167,0.00000,1186.88,1175.25,1005.60
2026-07-11 05:00:00,87.6,0.000,1.29167,0.00000,1188.17,1175.25,1005.60
2026-07-11 06:00:00,85.8,0.040,1.28333,0.04363,1189.45,1175.30,1005.63
2026-07-11 06:00:00,85.8,0.040,1.28333,0.04363,1190.74,1175.34,1005.67
2026-07-11 07:00:00,87.4,0.400,1.29167,0.43632,1192.03,1175.78,1006.03
2026-07-11 07:00:00,87.4,0.400,1.29167,0.43632,1193.32,1176.21,1006.38
2026-07-11 08:00:00,91.8,1.050,1.29167,1.14533,1194.61,1177.36,1007.32
2026-07-11 08:00:00,91.8,1.050,1.29167,1.14533,1195.90,1178.50,1008.26
2026-07-11 09:00:00,94.5,1.790,1.29167,1.95252,1197.20,1180.46,1009.86
2026-07-11 09:00:00,94.5,1.790,1.29167,1.95252,1198.49,1182.41,1011.46
2026-07-11 10:00:00,96.4,2.420,1.29167,2.63972,1199.78,1185.05,1013.62
2026-07-11 10:00:00,96.4,2.420,1.29167,2.63972,1201.07,1187.69,1015.78
2026-07-11 11:00:00,98.8,2.920,1.29167,3.18511,1202.36,1190.87,1018.39
2026-07-11 11:00:00,98.8,2.920,1.29167,3.18511,1203.65,1194.06,1020.99
2026-07-11 12:00:00,101.1,3.230,1.29167,3.52326,1204.95,1197.58,1023.88
2026-07-11 12:00:00,101.1,3.230,1.29167,3.52326,1206.24,1201.11,1026.76
2026-07-11 13:00:00,102.4,3.370,1.29167,3.67597,1207.53,1204.78,1029.77
2026-07-11 13:00:00,102.4,3.370,1.29167,3.67597,1208.82,1208.46,1032.78
2026-07-11 14:00:00,104.0,3.270,1.29167,3.56689,1210.11,1212.02,1035.70
2026-07-11 14:00:00,104.0,3.270,1.29167,3.56689,1211.40,1215.59,1038.62
2026-07-11 15:00:00,106.0,2.980,1.29167,3.25056,1212.70,1218.84,1041.28
2026-07-11 15:00:00,106.0,2.980,1.29167,3.25056,1213.99,1222.09,1043.94
2026-07-11 16:00:00,106.5,2.490,1.29167,2.71607,1215.28,1224.81,1046.17
2026-07-11 16:00:00,106.5,2.490,1.29167,2.71607,1216.57,1227.52,1048.39
2026-07-11 17:00:00,106.5,1.900,1.29167,2.07250,1217.86,1229.60,1050.09
2026-07-11 17:00:00,106.5,1.900,1.29167,2.07250,1219.15,1231.67,1051.78
2026-07-11 18:00:00,106.0,1.260,1.29167,1.37440,1220.45,1233.04,1052.91
2026-07-11 18:00:00,106.0,1.260,1.29167,1.37440,1221.74,1234.42,1054.03
2026-07-11 19:00:00,104.2,0.580,1.29167,0.63266,1223.03,1235.05,1054.55
2026-07-11 19:00:00,104.2,0.580,1.29167,0.63266,1224.32,1235.68,1055.07
2026-07-11 20:00:00,101.8,0.120,1.29167,0.13090,1225.61,1235.81,1055.18
2026-07-11 20:00:00,101.8,0.120,1.29167,0.13090,1226.90,1235.95,1055.29
2026-07-11 21:00:00,98.8,0.000,1.29167,0.00000,1228.20,1235.95,1055.29
2026-07-11 21:00:00,98.8,0.000,1.29167,0.00000,1229.49,1235.95,1055.29
2026-07-11 22:00:00,90.1,0.000,1.29167,0.00000,1230.78,1235.95,1055.29
2026-07-11 22:00:00,90.1,0.000,1.29167,0.00000,1232.07,1235.95,1055.29
2026-07-11 23:00:00,92.5,0.000,1.29167,0.00000,1233.36,1235.95,1055.29
2026-07-11 23:00:00,92.5,0.000,1.29167,0.00000,1234.65,1235.95,1055.29
2026-07-11 23:59:59,92.1,0.000,1.29167,0.00000,1235.95,1235.95,1055.29
2026-07-12 01:00:00,90.3,0.000,1.29167,0.00000,1237.24,1235.95,1055.29
2026-07-12 02:00:00,89.2,0.000,1.29167,0.00000,1238.53,1235.95,1055.29
2026-07-12 03:00:00,90.1,0.000,1.29167,0.00000,1239.82,1235.95,1055.29
2026-07-12 04:00:00,82.6,0.000,1.15000,0.00000,1240.97,1235.95,1055.29
2026-07-12 05:00:00,83.3,0.000,1.17917,0.00000,1242.15,1235.95,1055.29
2026-07-12 06:00:00,81.1,0.030,1.08750,0.03429,1243.24,1235.98,1055.31
2026-07-12 07:00:00,82.8,0.440,1.15833,0.50296,1244.40,1236.48,1055.72
2026-07-12 08:00:00,87.3,1.180,1.29167,1.34884,1245.69,1237.83,1056.83
2026-07-12 09:00:00,92.1,1.660,1.29167,1.89753,1246.98,1239.73,1058.38
2026-07-12 10:00:00,92.5,1.740,1.29167,1.98897,1248.27,1241.72,1060.01
2026-07-12 11:00:00,95.4,2.830,1.29167,3.23494,1249.56,1244.95,1062.66
2026-07-12 12:00:00,98.2,3.130,1.29167,3.57787,1250.85,1248.53,1065.59
2026-07-12 13:00:00,100.9,3.270,1.29167,3.73790,1252.15,1252.27,1068.65
2026-07-12 14:00:00,103.3,3.220,1.29167,3.68075,1253.44,1255.95,1071.66
2026-07-12 15:00:00,104.9,2.960,1.29167,3.38354,1254.73,1259.33,1074.43
2026-07-12 16:00:00,106.2,2.470,1.29167,2.82343,1256.02,1262.16,1076.74
2026-07-12 17:00:00,106.7,1.950,1.29167,2.22902,1257.31,1264.39,1078.57
2026-07-12 18:00:00,106.3,1.150,1.29167,1.31455,1258.60,1265.70,1079.64
2026-07-12 19:00:00,99.1,0.160,1.29167,0.18289,1259.90,1265.88,1079.79
2026-07-12 20:00:00,87.1,0.000,1.29167,0.00000,1261.19,1265.88,1079.79
2026-07-12 21:00:00,82.6,0.000,1.15000,0.00000,1262.34,1265.88,1079.79
2026-07-12 22:00:00,82.4,0.000,1.14167,0.00000,1263.48,1265.88,1079.79
2026-07-12 23:00:00,84.0,0.000,1.20833,0.00000,1264.69,1265.88,1079.79
2026-07-12 23:59:59,83.7,0.000,1.19583,0.00000,1265.88,1265.88,1079.79
2026-07-13 01:00:00,81.9,0.000,1.12083,0.00000,1267.00,1265.88,1079.79
2026-07-13 02:00:00,81.0,0.000,1.08333,0.00000,1268.09,1265.88,1079.79
2026-07-13 03:00:00,78.8,0.000,0.99167,0.00000,1269.08,1265.88,1079.79
2026-07-13 04:00:00,77.7,0.000,0.94583,0.00000,1270.03,1265.88,1079.79
2026-07-13 05:00:00,77.0,0.000,0.91667,0.00000,1270.94,1265.88,1079.79
2026-07-13 06:00:00,77.0,0.020,0.91667,0.02347,1271.86,1265.91,1079.81
2026-07-13 07:00:00,78.3,0.240,0.97083,0.28163,1272.83,1266.19,1080.04
2026-07-13 08:00:00,80.8,0.660,1.07500,0.77449,1273.90,1266.96,1080.68
2026-07-13 09:00:00,85.1,1.010,1.25417,1.18520,1275.16,1268.15,1081.65
2026-07-13 10:00:00,88.2,1.210,1.29167,1.41989,1276.45,1269.57,1082.81
2026-07-13 11:00:00,91.0,2.090,1.29167,2.45254,1277.74,1272.02,1084.82
2026-07-13 12:00:00,95.2,3.300,1.29167,3.87244,1279.03,1275.89,1087.99
2026-07-13 13:00:00,97.5,3.310,1.29167,3.88417,1280.33,1279.78,1091.17
2026-07-13 14:00:00,99.0,3.240,1.29167,3.80203,1281.62,1283.58,1094.28
2026-07-13 15:00:00,101.5,2.940,1.29167,3.44999,1282.91,1287.03,1097.11
2026-07-13 16:00:00,102.7,2.520,1.29167,2.95713,1284.20,1289.99,1099.53
2026-07-13 17:00:00,103.8,1.970,1.29167,2.31173,1285.49,1292.30,1101.42
2026-07-13 18:00:00,103.1,0.870,1.29167,1.02092,1286.78,1293.32,1102.26
2026-07-13 19:00:00,95.2,0.030,1.29167,0.03520,1288.08,1293.35,1102.28
2026-07-13 20:00:00,85.6,0.000,1.27500,0.00000,1289.35,1293.35,1102.28
2026-07-13 21:00:00,79.3,0.000,1.01250,0.00000,1290.36,1293.35,1102.28
2026-07-13 22:00:00,78.8,0.000,0.99167,0.00000,1291.35,1293.35,1102.28
2026-07-13 23:00:00,79.0,0.000,1.00000,0.00000,1292.35,1293.35,1102.28
2026-07-13 23:59:59,79.0,0.000,1.00000,0.00000,1293.35,1293.35,1102.28
2026-07-14 01:00:00,78.6,0.000,0.98333,0.00000,1294.34,1293.35,1102.28
2026-07-14 02:00:00,78.1,0.000,0.96250,0.00000,1295.30,1293.35,1102.28
2026-07-14 03:00:00,77.5,0.000,0.93750,0.00000,1296.24,1293.35,1102.28
2026-07-14 04:00:00,77.4,0.000,0.93333,0.00000,1297.17,1293.35,1102.28
2026-07-14 05:00:00,77.7,0.000,0.94583,0.00000,1298.12,1293.35,1102.28
2026-07-14 06:00:00,77.0,0.030,0.91667,0.03060,1299.03,1293.38,1102.31
2026-07-14 07:00:00,79.9,0.470,1.03750,0.47939,1300.07,1293.86,1102.70
2026-07-14 08:00:00,84.2,1.180,1.21667,1.20357,1301.29,1295.07,1103.69
2026-07-14 09:00:00,88.2,1.770,1.29167,1.80535,1302.58,1296.87,1105.17
2026-07-14 10:00:00,90.3,2.030,1.29167,2.07054,1303.87,1298.94,1106.86
2026-07-14 11:00:00,93.7,3.100,1.29167,3.16191,1305.16,1302.11,1109.45
2026-07-14 12:00:00,96.1,3.420,1.29167,3.48830,1306.45,1305.59,1112.31
2026-07-14 13:00:00,97.3,3.370,1.29167,3.43730,1307.75,1309.03,1115.12
2026-07-14 14:00:00,99.1,3.270,1.29167,3.33531,1309.04,1312.37,1117.85
2026-07-14 15:00:00,100.6,2.970,1.29167,3.02932,1310.33,1315.40,1120.33
2026-07-14 16:00:00,102.2,2.530,1.29167,2.58053,1311.62,1317.98,1122.44
2026-07-14 17:00:00,102.6,1.940,1.29167,1.97874,1312.91,1319.96,1124.06
2026-07-14 18:00:00,103.1,1.290,1.29167,1.31576,1314.20,1321.27,1125.14
2026-07-14 19:00:00,101.5,0.580,1.29167,0.59158,1315.50,1321.86,1125.62
2026-07-14 20:00:00,100.4,0.090,1.29167,0.09180,1316.79,1321.95,1125.70
2026-07-14 21:00:00,97.3,0.000,1.29167,0.00000,1318.08,1321.95,1125.70
2026-07-14 22:00:00,96.3,0.000,1.29167,0.00000,1319.37,1321.95,1125.70
2026-07-14 23:00:00,94.3,0.000,1.29167,0.00000,1320.66,1321.95,1125.70
2026-07-14 23:59:59,92.3,0.000,1.29167,0.00000,1321.95,1321.95,1125.70
2026-07-15 01:00:00,87.8,0.000,1.29167,0.00000,1323.25,1321.95,1121.83
2026-07-15 02:00:00,89.6,0.000,1.29167,0.00000,1324.54,1321.95,1121.83
2026-07-15 03:00:00,90.3,0.000,1.29167,0.00000,1325.83,1321.95,1121.83
2026-07-15 04:00:00,90.3,0.000,1.29167,0.00000,1327.12,1321.95,1121.83
2026-07-15 05:00:00,89.6,0.000,1.29167,0.00000,1328.41,1321.95,1121.83
2026-07-15 06:00:00,85.3,0.010,1.26250,0.01425,1329.68,1321.97,1121.85
2026-07-15 07:00:00,84.6,0.120,1.23333,0.17106,1330.91,1322.14,1122.01
2026-07-15 08:00:00,87.1,0.480,1.29167,0.68423,1332.20,1322.82,1122.66
2026-07-15 09:00:00,90.0,0.790,1.29167,1.12612,1333.49,1323.95,1123.72
2026-07-15 10:00:00,95.4,1.500,1.29167,2.13820,1334.78,1326.09,1125.74
2026-07-15 11:00:00,99.0,2.400,1.29167,3.42113,1336.08,1329.51,1128.96
2026-07-15 12:00:00,99.1,1.880,1.29167,2.67988,1337.37,1332.19,1131.49
2026-07-15 13:00:00,102.0,3.110,1.29167,4.43321,1338.66,1336.62,1135.68
2026-07-15 14:00:00,102.6,2.470,1.29167,3.52091,1339.95,1340.14,1139.00
2026-07-15 15:00:00,104.0,2.830,1.29167,4.03408,1341.24,1344.18,1142.81
2026-07-15 16:00:00,105.6,2.520,1.29167,3.59218,1342.53,1347.77,1146.20
2026-07-15 17:00:00,106.2,1.920,1.29167,2.73690,1343.83,1350.51,1148.78
2026-07-15 18:00:00,106.2,1.250,1.29167,1.78184,1345.12,1352.29,1150.46
2026-07-15 19:00:00,104.9,0.380,1.29167,0.54168,1346.41,1352.83,1150.97
2026-07-15 20:00:00,93.6,0.020,1.29167,0.02851,1347.70,1352.86,1151.00
2026-07-15 21:00:00,87.3,0.000,1.29167,0.00000,1348.99,1352.86,1151.00
2026-07-15 22:00:00,85.8,0.000,1.28333,0.00000,1350.28,1352.86,1151.00
2026-07-15 23:00:00,86.9,0.000,1.29167,0.00000,1351.57,1352.86,1151.00
2026-07-15 23:59:59,86.7,0.000,1.29167,0.00000,1352.86,1352.86,1151.00
2026-07-16 01:00:00,84.4,0.000,1.22500,0.00000,1354.08,1352.86,1151.00
2026-07-16 02:00:00,83.8,0.000,1.20000,0.00000,1355.28,1352.86,1151.00
2026-07-16 03:00:00,84.9,0.000,1.24583,0.00000,1356.53,1352.86,1151.00
2026-07-16 04:00:00,83.5,0.000,1.18750,0.00000,1357.72,1352.86,1151.00
2026-07-16 05:00:00,82.2,0.000,1.13333,0.00000,1358.85,1352.86,1151.00
2026-07-16 06:00:00,82.0,0.010,1.12500,0.01360,1359.98,1352.87,1151.01
2026-07-16 07:00:00,82.2,0.180,1.13333,0.24488,1361.11,1353.12,1151.24
2026-07-16 08:00:00,83.5,0.310,1.18750,0.42174,1362.30,1353.54,1151.64
2026-07-16 09:00:00,85.3,0.510,1.26250,0.69382,1363.56,1354.23,1152.30
2026-07-16 10:00:00,84.9,0.930,1.24583,1.26521,1364.80,1355.50,1153.49
2026-07-16 11:00:00,88.2,1.470,1.29167,1.99985,1366.10,1357.50,1155.38
2026-07-16 12:00:00,91.4,2.850,1.29167,3.87725,1367.39,1361.37,1159.04
2026-07-16 13:00:00,94.3,3.420,1.29167,4.65270,1368.68,1366.03,1163.43
2026-07-16 14:00:00,96.6,3.140,1.29167,4.27178,1369.97,1370.30,1167.46
2026-07-16 15:00:00,98.8,2.880,1.29167,3.91807,1371.26,1374.22,1171.16
2026-07-16 16:00:00,99.3,2.220,1.29167,3.02018,1372.55,1377.24,1174.01
2026-07-16 17:00:00,99.7,2.070,1.29167,2.81611,1373.85,1380.05,1176.66
2026-07-16 18:00:00,99.1,1.550,1.29167,2.10868,1375.14,1382.16,1178.65
2026-07-16 19:00:00,96.8,0.310,1.29167,0.42174,1376.43,1382.58,1179.05
2026-07-16 20:00:00,95.4,0.070,1.29167,0.09523,1377.72,1382.68,1179.14
2026-07-16 21:00:00,89.2,0.000,1.29167,0.00000,1379.01,1382.68,1179.14
2026-07-16 22:00:00,84.4,0.000,1.22500,0.00000,1380.24,1382.68,1179.14
2026-07-16 23:00:00,84.6,0.000,1.23333,0.00000,1381.47,1382.68,1179.14
2026-07-16 23:59:59,84.0,0.000,1.20833,0.00000,1382.68,1382.68,1179.14
2026-07-17 01:00:00,81.9,0.000,1.12083,0.00000,1383.80,1382.68,1179.14
2026-07-17 02:00:00,81.1,0.000,1.08750,0.00000,1384.89,1382.68,1179.14
2026-07-17 03:00:00,79.9,0.000,1.03750,0.00000,1385.93,1382.68,1179.14
2026-07-17 04:00:00,79.5,0.000,1.02083,0.00000,1386.95,1382.68,1179.14
2026-07-17 05:00:00,79.5,0.000,1.02083,0.00000,1387.97,1382.68,1179.14
2026-07-17 06:00:00,79.7,0.010,1.02917,0.02090,1389.00,1382.70,1179.16
2026-07-17 07:00:00,79.9,0.060,1.03750,0.12542,1390.03,1382.83,1179.28
2026-07-17 08:00:00,79.7,0.180,1.02917,0.37626,1391.06,1383.20,1179.64
2026-07-17 09:00:00,79.7,0.410,1.02917,0.85704,1392.09,1384.06,1180.44
2026-07-17 10:00:00,79.0,0.620,1.00000,1.29601,1393.09,1385.35,1181.67
2026-07-17 11:00:00,77.4,0.410,0.93333,0.85704,1394.03,1386.21,1182.48
2026-07-17 12:00:00,75.0,0.320,0.83333,0.66891,1394.86,1386.88,1183.11
2026-07-17 13:00:00,75.9,0.470,0.87083,0.98246,1395.73,1387.86,1184.04
2026-07-17 14:00:00,78.6,1.190,0.98333,2.48750,1396.71,1390.35,1186.38
2026-07-17 15:00:00,83.5,2.620,1.18750,5.47667,1397.90,1395.83,1191.55
2026-07-17 16:00:00,86.7,3.020,1.29167,6.31281,1399.19,1402.14,1197.51
2026-07-17 17:00:00,88.5,1.870,1.29167,3.90892,1400.48,1406.05,1201.20
2026-07-17 18:00:00,89.2,1.100,1.29167,2.29937,1401.78,1408.35,1203.37
2026-07-17 19:00:00,86.7,0.190,1.29167,0.39716,1403.07,1408.75,1203.74
2026-07-17 20:00:00,84.4,0.030,1.22500,0.06271,1404.29,1408.81,1203.80
2026-07-17 21:00:00,82.8,0.000,1.15833,0.00000,1405.45,1408.81,1203.80
2026-07-17 22:00:00,82.0,0.000,1.12500,0.00000,1406.58,1408.81,1203.80
2026-07-17 23:00:00,81.7,0.000,1.11250,0.00000,1407.69,1408.81,1203.80
2026-07-17 23:59:59,81.9,0.000,1.12083,0.00000,1408.81,1408.81,1203.80
2026-07-18 01:00:00,81.5,0.000,1.10417,0.00000,1409.91,1408.81,1203.80
2026-07-18 02:00:00,81.0,0.000,1.08333,0.00000,1411.00,1408.81,1203.80
2026-07-18 03:00:00,81.0,0.000,1.08333,0.00000,1412.08,1408.81,1203.80
2026-07-18 04:00:00,81.9,0.000,1.12083,0.00000,1413.20,1408.81,1203.80
2026-07-18 05:00:00,80.6,0.000,1.06667,0.00000,1414.27,1408.81,1203.80
2026-07-18 06:00:00,79.3,0.000,1.01250,0.00000,1415.28,1408.81,1203.80
2026-07-18 07:00:00,80.8,0.050,1.07500,0.13576,1416.35,1408.94,1203.93
2026-07-18 08:00:00,80.8,0.160,1.07500,0.43445,1417.43,1409.38,1204.34
2026-07-18 09:00:00,81.3,0.440,1.09583,1.19473,1418.53,1410.57,1205.47
2026-07-18 10:00:00,82.6,0.780,1.15000,2.11793,1419.68,1412.69,1207.47
2026-07-18 11:00:00,82.2,0.690,1.13333,1.87355,1420.81,1414.56,1209.23
2026-07-18 12:00:00,81.5,0.890,1.10417,2.41661,1421.91,1416.98,1211.51
2026-07-18 13:00:00,81.0,1.000,1.08333,2.71529,1423.00,1419.70,1214.08
2026-07-18 14:00:00,82.2,1.020,1.13333,2.76960,1424.13,1422.47,1216.69
2026-07-18 15:00:00,83.7,0.850,1.19583,2.30800,1425.33,1424.77,1218.87
2026-07-18 16:00:00,87.4,1.700,1.29167,4.61600,1426.62,1429.39,1223.23
2026-07-18 17:00:00,91.2,1.820,1.29167,4.94183,1427.91,1434.33,1227.89
2026-07-18 18:00:00,91.8,0.670,1.29167,1.81925,1429.20,1436.15,1229.61
2026-07-18 19:00:00,89.8,0.100,1.29167,0.27153,1430.49,1436.42,1229.86
2026-07-18 20:00:00,87.8,0.010,1.29167,0.02715,1431.78,1436.45,1229.89
2026-07-18 21:00:00,84.4,0.000,1.22500,0.00000,1433.01,1436.45,1229.89
2026-07-18 22:00:00,82.6,0.000,1.15000,0.00000,1434.16,1436.45,1229.89
2026-07-18 23:00:00,82.6,0.000,1.15000,0.00000,1435.31,1436.45,1229.89
2026-07-18 23:59:59,82.4,0.000,1.14167,0.00000,1436.45,1436.45,1229.89
2026-07-19 01:00:00,83.5,0.000,1.18750,0.00000,1437.64,1436.45,1229.89
2026-07-19 02:00:00,81.5,0.000,1.10417,0.00000,1438.74,1436.45,1229.89
2026-07-19 03:00:00,81.9,0.000,1.12083,0.00000,1439.86,1436.45,1229.89
2026-07-19 04:00:00,80.2,0.000,1.05000,0.00000,1440.91,1436.45,1229.89
2026-07-19 05:00:00,80.2,0.000,1.05000,0.00000,1441.96,1436.45,1229.89
2026-07-19 06:00:00,80.4,0.010,1.05833,0.01272,1443.02,1436.46,1229.90
2026-07-19 07:00:00,81.5,0.120,1.10417,0.15267,1444.13,1436.62,1230.04
2026-07-19 08:00:00,83.1,0.310,1.17083,0.39441,1445.30,1437.01,1230.42
2026-07-19 09:00:00,85.5,0.550,1.27083,0.69976,1446.57,1437.71,1231.08
2026-07-19 10:00:00,87.8,1.280,1.29167,1.62853,1447.86,1439.34,1232.61
2026-07-19 11:00:00,92.3,3.010,1.29167,3.82959,1449.15,1443.17,1236.23
2026-07-19 12:00:00,94.3,3.500,1.29167,4.45301,1450.44,1447.62,1240.43
2026-07-19 13:00:00,96.3,2.670,1.29167,3.39701,1451.73,1451.02,1243.64
2026-07-19 14:00:00,96.6,2.930,1.29167,3.72781,1453.03,1454.75,1247.15
2026-07-19 15:00:00,99.3,2.580,1.29167,3.28251,1454.32,1458.03,1250.25
2026-07-19 16:00:00,98.8,2.580,1.29167,3.28251,1455.61,1461.31,1253.35
2026-07-19 17:00:00,100.0,1.920,1.29167,2.44280,1456.90,1463.75,1255.65
2026-07-19 18:00:00,101.8,1.210,1.29167,1.53947,1458.19,1465.29,1257.11
2026-07-19 19:00:00,100.9,0.440,1.29167,0.55981,1459.48,1465.85,1257.64
2026-07-19 20:00:00,98.2,0.070,1.29167,0.08906,1460.78,1465.94,1257.72
2026-07-19 21:00:00,96.4,0.000,1.29167,0.00000,1462.07,1465.94,1257.72
2026-07-19 22:00:00,93.6,0.000,1.29167,0.00000,1463.36,1465.94,1257.72
2026-07-19 23:00:00,91.8,0.000,1.29167,0.00000,1464.65,1465.94,1257.72
2026-07-19 23:59:59,90.0,0.000,1.29167,0.00000,1465.94,1465.94,1257.72
2026-07-20 01:00:00,86.7,0.000,1.29167,0.00000,1467.23,1465.94,1257.72
2026-07-20 02:00:00,86.2,0.000,1.29167,0.00000,1468.53,1465.94,1257.72
2026-07-20 03:00:00,86.9,0.000,1.29167,0.00000,1469.82,1465.94,1257.72
2026-07-20 04:00:00,86.5,0.000,1.29167,0.00000,1471.11,1465.94,1257.72
2026-07-20 05:00:00,86.5,0.000,1.29167,0.00000,1472.40,1465.94,1257.72
2026-07-20 06:00:00,86.0,0.010,1.29167,0.01087,1473.69,1465.95,1257.73
2026-07-20 07:00:00,86.5,0.220,1.29167,0.23920,1474.98,1466.19,1257.96
2026-07-20 08:00:00,88.9,0.970,1.29167,1.05466,1476.28,1467.25,1258.95
2026-07-20 09:00:00,92.3,1.430,1.29167,1.55480,1477.57,1468.80,1260.42
2026-07-20 10:00:00,96.3,2.680,1.29167,2.91390,1478.86,1471.72,1263.17
2026-07-20 11:00:00,98.4,3.060,1.29167,3.32706,1480.15,1475.04,1266.31
2026-07-20 12:00:00,100.0,3.330,1.29167,3.62062,1481.44,1478.66,1269.73
2026-07-20 13:00:00,101.7,3.470,1.29167,3.77284,1482.73,1482.44,1273.29
2026-07-20 14:00:00,102.2,3.310,1.29167,3.59888,1484.03,1486.03,1276.68
2026-07-20 15:00:00,102.9,3.000,1.29167,3.26182,1485.32,1489.30,1279.76
2026-07-20 16:00:00,103.8,2.540,1.29167,2.76168,1486.61,1492.06,1282.37
2026-07-20 17:00:00,103.6,1.920,1.29167,2.08757,1487.90,1494.15,1284.34
2026-07-20 18:00:00,102.6,1.170,1.29167,1.27211,1489.19,1495.42,1285.54
2026-07-20 19:00:00,102.0,0.710,1.29167,0.77196,1490.48,1496.19,1286.27
2026-07-20 20:00:00,99.5,0.090,1.29167,0.09785,1491.78,1496.29,1286.36
2026-07-20 21:00:00,99.1,0.000,1.29167,0.00000,1493.07,1496.29,1286.36
2026-07-20 22:00:00,81.5,0.000,1.10417,0.00000,1494.17,1496.29,1286.36
2026-07-20 23:00:00,80.2,0.000,1.05000,0.00000,1495.22,1496.29,1286.36
2026-07-20 23:59:59,80.6,0.000,1.06667,0.00000,1496.29,1496.29,1286.36
2026-07-21 01:00:00,79.7,0.000,1.02917,0.00000,1497.32,1496.29,1285.73
2026-07-21 02:00:00,79.5,0.000,1.02083,0.00000,1498.34,1496.29,1285.73
2026-07-21 03:00:00,80.1,0.000,1.04583,0.00000,1499.38,1496.29,1285.73
2026-07-21 04:00:00,79.5,0.000,1.02083,0.00000,1500.40,1496.29,1285.73
2026-07-21 05:00:00,78.1,0.000,0.96250,0.00000,1501.37,1496.29,1285.73
2026-07-21 06:00:00,76.3,0.020,0.88750,0.02481,1502.25,1496.31,1285.75
2026-07-21 07:00:00,76.6,0.110,0.90000,0.13646,1503.15,1496.45,1285.88
2026-07-21 08:00:00,77.4,0.250,0.93333,0.31014,1504.09,1496.76,1286.18
2026-07-21 09:00:00,79.2,0.980,1.00833,1.21574,1505.10,1497.97,1287.36
2026-07-21 10:00:00,82.4,2.380,1.14167,2.95252,1506.24,1500.93,1290.21
2026-07-21 11:00:00,85.5,2.740,1.27083,3.39912,1507.51,1504.33,1293.49
2026-07-21 12:00:00,88.3,2.990,1.29167,3.70926,1508.80,1508.04,1297.08
2026-07-21 13:00:00,90.7,2.370,1.29167,2.94012,1510.09,1510.98,1299.92
2026-07-21 14:00:00,92.8,2.510,1.29167,3.11379,1511.38,1514.09,1302.93
2026-07-21 15:00:00,95.7,2.850,1.29167,3.53558,1512.68,1517.63,1306.35
2026-07-21 16:00:00,96.3,1.680,1.29167,2.08413,1513.97,1519.71,1308.36
2026-07-21 17:00:00,97.2,1.880,1.29167,2.33224,1515.26,1522.04,1310.61
2026-07-21 18:00:00,97.2,1.130,1.29167,1.40183,1516.55,1523.44,1311.97
2026-07-21 19:00:00,97.2,0.540,1.29167,0.66990,1517.84,1524.11,1312.62
2026-07-21 20:00:00,94.5,0.070,1.29167,0.08684,1519.13,1524.20,1312.70
2026-07-21 21:00:00,88.3,0.000,1.29167,0.00000,1520.43,1524.20,1312.70
2026-07-21 22:00:00,85.8,0.000,1.28333,0.00000,1521.71,1524.20,1312.70
2026-07-21 23:00:00,85.8,0.000,1.28333,0.00000,1522.99,1524.20,1312.70
2026-07-21 23:59:59,84.0,0.000,1.20833,0.00000,1524.20,1524.20,1312.70
2026-07-22 01:00:00,82.9,0.000,1.16250,0.00000,1525.36,1524.20,1312.70
2026-07-22 02:00:00,84.0,0.000,1.20833,0.00000,1526.57,1524.20,1312.70
2026-07-22 03:00:00,81.7,0.000,1.11250,0.00000,1527.68,1524.20,1312.70
2026-07-22 04:00:00,79.7,0.000,1.02917,0.00000,1528.71,1524.20,1312.70
2026-07-22 05:00:00,80.4,0.000,1.05833,0.00000,1529.77,1524.20,1312.70
2026-07-22 06:00:00,79.3,0.020,1.01250,0.02222,1530.78,1524.22,1312.72
2026-07-22 07:00:00,82.0,0.460,1.12500,0.51111,1531.91,1524.73,1313.22
2026-07-22 08:00:00,86.0,1.070,1.29167,1.18889,1533.20,1525.92,1314.36
2026-07-22 09:00:00,87.8,1.210,1.29167,1.34444,1534.49,1527.27,1315.66
2026-07-22 10:00:00,90.9,2.100,1.29167,2.33333,1535.78,1529.60,1317.92
2026-07-22 11:00:00,94.1,2.930,1.29167,3.25556,1537.08,1532.86,1321.06
2026-07-22 12:00:00,94.6,3.180,1.29167,3.53333,1538.37,1536.39,1324.48
2026-07-22 13:00:00,97.7,3.330,1.29167,3.70000,1539.66,1540.09,1328.05
2026-07-22 14:00:00,99.5,3.270,1.29167,3.63333,1540.95,1543.72,1331.57
2026-07-22 15:00:00,99.5,2.990,1.29167,3.32222,1542.24,1547.04,1334.78
2026-07-22 16:00:00,102.0,2.500,1.29167,2.77778,1543.53,1549.82,1337.46
2026-07-22 17:00:00,100.0,1.900,1.29167,2.11111,1544.83,1551.93,1339.50
2026-07-22 18:00:00,101.1,1.190,1.29167,1.32222,1546.12,1553.26,1340.78
2026-07-22 19:00:00,99.5,0.500,1.29167,0.55556,1547.41,1553.81,1341.32
2026-07-22 20:00:00,96.4,0.050,1.29167,0.05556,1548.70,1553.87,1341.37
2026-07-22 21:00:00,94.5,0.000,1.29167,0.00000,1549.99,1553.87,1341.37
2026-07-22 22:00:00,91.8,0.000,1.29167,0.00000,1551.28,1553.87,1341.37
2026-07-22 23:00:00,91.2,0.000,1.29167,0.00000,1552.58,1553.87,1341.37
2026-07-22 23:59:59,88.9,0.000,1.29167,0.00000,1553.87,1553.87,1341.37
2026-07-23 01:00:00,87.1,0.000,1.29167,0.00000,1555.16,1553.87,1341.37
2026-07-23 02:00:00,85.8,0.000,1.28333,0.00000,1556.44,1553.87,1341.37
2026-07-23 03:00:00,85.6,0.000,1.27500,0.00000,1557.72,1553.87,1341.37
2026-07-23 04:00:00,83.8,0.000,1.20000,0.00000,1558.92,1553.87,1341.37
2026-07-23 05:00:00,82.4,0.000,1.14167,0.00000,1560.06,1553.87,1341.37
2026-07-23 06:00:00,82.2,0.030,1.13333,0.03339,1561.19,1553.90,1341.40
2026-07-23 07:00:00,86.4,0.400,1.29167,0.44521,1562.48,1554.35,1341.83
2026-07-23 08:00:00,91.9,1.040,1.29167,1.15755,1563.78,1555.50,1342.95
2026-07-23 09:00:00,97.5,1.750,1.29167,1.94781,1565.07,1557.45,1344.83
2026-07-23 10:00:00,100.6,2.370,1.29167,2.63789,1566.36,1560.09,1347.38
2026-07-23 11:00:00,102.7,2.870,1.29167,3.19440,1567.65,1563.28,1350.47
2026-07-23 12:00:00,104.0,3.210,1.29167,3.57283,1568.94,1566.86,1353.92
2026-07-23 13:00:00,106.0,3.360,1.29167,3.73979,1570.23,1570.60,1357.53
2026-07-23 14:00:00,107.4,3.300,1.29167,3.67301,1571.53,1574.27,1361.08
2026-07-23 15:00:00,108.0,2.990,1.29167,3.32797,1572.82,1577.60,1364.30
2026-07-23 16:00:00,109.9,2.530,1.29167,2.81597,1574.11,1580.41,1367.02
2026-07-23 17:00:00,108.5,1.910,1.29167,2.12589,1575.40,1582.54,1369.08
2026-07-23 18:00:00,110.1,1.190,1.29167,1.32451,1576.69,1583.86,1370.36
2026-07-23 19:00:00,107.8,0.470,1.29167,0.52313,1577.98,1584.39,1370.86
2026-07-23 20:00:00,103.8,0.050,1.29167,0.05565,1579.28,1584.44,1370.92
2026-07-23 21:00:00,99.9,0.000,1.29167,0.00000,1580.57,1584.44,1370.92
2026-07-23 22:00:00,97.9,0.000,1.29167,0.00000,1581.86,1584.44,1370.92
2026-07-23 23:00:00,97.0,0.000,1.29167,0.00000,1583.15,1584.44,1370.92
2026-07-23 23:59:59,94.3,0.000,1.29167,0.00000,1584.44,1584.44,1370.92
2026-07-24 01:00:00,97.5,0.000,1.29167,0.00000,1585.73,1584.44,1370.92
2026-07-24 02:00:00,97.3,0.000,1.29167,0.00000,1587.03,1584.44,1370.92
2026-07-24 03:00:00,96.8,0.000,1.29167,0.00000,1588.32,1584.44,1370.92
2026-07-24 04:00:00,95.0,0.000,1.29167,0.00000,1589.61,1584.44,1370.92
2026-07-24 05:00:00,89.1,0.000,1.29167,0.00000,1590.90,1584.44,1370.92
2026-07-24 06:00:00,87.8,0.020,1.29167,0.02284,1592.19,1584.46,1370.94
2026-07-24 07:00:00,87.8,0.290,1.29167,0.33125,1593.48,1584.80,1371.26
2026-07-24 08:00:00,92.7,1.020,1.29167,1.16507,1594.78,1585.96,1372.38
2026-07-24 09:00:00,97.7,1.730,1.29167,1.97605,1596.07,1587.94,1374.29
2026-07-24 10:00:00,101.3,2.370,1.29167,2.70707,1597.36,1590.64,1376.91
2026-07-24 11:00:00,104.0,2.860,1.29167,3.26676,1598.65,1593.91,1380.07
2026-07-24 12:00:00,103.8,3.210,1.29167,3.66654,1599.94,1597.58,1383.61
2026-07-24 13:00:00,106.3,3.320,1.29167,3.79219,1601.23,1601.37,1387.27
2026-07-24 14:00:00,108.7,3.290,1.29167,3.75792,1602.53,1605.13,1390.91
2026-07-24 15:00:00,112.1,3.010,1.29167,3.43810,1603.82,1608.57,1394.23
2026-07-24 16:00:00,110.8,2.570,1.29167,2.93552,1605.11,1611.50,1397.06
2026-07-24 17:00:00,113.2,1.650,1.29167,1.88467,1606.40,1613.39,1398.89
2026-07-24 18:00:00,111.9,1.050,1.29167,1.19934,1607.69,1614.58,1400.04
2026-07-24 19:00:00,109.8,0.660,1.29167,0.75387,1608.98,1615.34,1400.77
2026-07-24 20:00:00,107.6,0.090,1.29167,0.10280,1610.28,1615.44,1400.87
2026-07-24 21:00:00,104.9,0.000,1.29167,0.00000,1611.57,1615.44,1400.87
2026-07-24 22:00:00,104.4,0.000,1.29167,0.00000,1612.86,1615.44,1400.87
2026-07-24 23:00:00,101.5,0.000,1.29167,0.00000,1614.15,1615.44,1400.87
2026-07-24 23:59:59,101.1,0.000,1.29167,0.00000,1615.44,1615.44,1400.87
2026-07-25 01:00:00,101.1,0.000,1.29167,0.00000,1616.73,1615.44,1400.87
2026-07-25 02:00:00,100.2,0.000,1.29167,0.00000,1618.03,1615.44,1400.87
2026-07-25 03:00:00,94.6,0.000,1.29167,0.00000,1619.32,1615.44,1400.87
2026-07-25 04:00:00,90.7,0.000,1.29167,0.00000,1620.61,1615.44,1400.87
2026-07-25 05:00:00,90.3,0.000,1.29167,0.00000,1621.90,1615.44,1400.87
2026-07-25 06:00:00,90.5,0.020,1.29167,0.02391,1623.19,1615.47,1400.90
2026-07-25 07:00:00,90.3,0.360,1.29167,0.43039,1624.48,1615.90,1401.31
2026-07-25 08:00:00,95.0,1.020,1.29167,1.21944,1625.78,1617.12,1402.49
2026-07-25 09:00:00,100.6,1.740,1.29167,2.08022,1627.07,1619.20,1404.50
2026-07-25 10:00:00,104.9,2.180,1.29167,2.60625,1628.36,1621.80,1407.02
2026-07-25 11:00:00,106.3,2.610,1.29167,3.12032,1629.65,1624.92,1410.03
2026-07-25 12:00:00,108.9,3.250,1.29167,3.88546,1630.94,1628.81,1413.79
2026-07-25 13:00:00,110.5,3.480,1.29167,4.16043,1632.23,1632.97,1417.81
2026-07-25 14:00:00,111.9,3.470,1.29167,4.14848,1633.53,1637.12,1421.82
2026-07-25 15:00:00,111.9,3.030,1.29167,3.62245,1634.82,1640.74,1425.32
2026-07-25 16:00:00,111.7,2.580,1.29167,3.08446,1636.11,1643.82,1428.30
2026-07-25 17:00:00,109.2,1.400,1.29167,1.67374,1637.40,1645.50,1429.92
2026-07-25 18:00:00,98.6,0.540,1.29167,0.64558,1638.69,1646.14,1430.54
2026-07-25 19:00:00,98.6,0.230,1.29167,0.27497,1639.98,1646.42,1430.81
2026-07-25 20:00:00,97.9,0.020,1.29167,0.02391,1641.28,1646.44,1430.83
2026-07-25 21:00:00,95.4,0.000,1.29167,0.00000,1642.57,1646.44,1430.83
2026-07-25 22:00:00,91.0,0.000,1.29167,0.00000,1643.86,1646.44,1430.83
2026-07-25 23:00:00,87.6,0.000,1.29167,0.00000,1645.15,1646.44,1430.83
2026-07-25 23:59:59,89.8,0.000,1.29167,0.00000,1646.44,1646.44,1430.83
2026-07-26 01:00:00,89.6,0.000,1.29167,0.00000,1647.73,1646.44,1430.83
2026-07-26 02:00:00,86.2,0.000,1.29167,0.00000,1649.03,1646.44,1430.83
2026-07-26 03:00:00,86.2,0.000,1.29167,0.00000,1650.32,1646.44,1430.83
2026-07-26 04:00:00,85.3,0.000,1.26250,0.00000,1651.58,1646.44,1430.83
2026-07-26 05:00:00,86.0,0.000,1.29167,0.00000,1652.87,1646.44,1430.83
2026-07-26 06:00:00,84.7,0.020,1.23750,0.02294,1654.11,1646.46,1430.85
2026-07-26 07:00:00,87.1,0.370,1.29167,0.42446,1655.40,1646.89,1431.26
2026-07-26 08:00:00,91.8,1.060,1.29167,1.21602,1656.69,1648.11,1432.44
2026-07-26 09:00:00,96.4,1.580,1.29167,1.81255,1657.98,1649.92,1434.19
2026-07-26 10:00:00,98.6,2.340,1.29167,2.68442,1659.28,1652.60,1436.78
2026-07-26 11:00:00,100.4,2.840,1.29167,3.25801,1660.57,1655.86,1439.93
2026-07-26 12:00:00,102.0,3.180,1.29167,3.64805,1661.86,1659.51,1443.46
2026-07-26 13:00:00,104.0,3.320,1.29167,3.80866,1663.15,1663.32,1447.14
2026-07-26 14:00:00,105.4,3.250,1.29167,3.72835,1664.44,1667.05,1450.74
2026-07-26 15:00:00,106.3,2.970,1.29167,3.40714,1665.73,1670.45,1454.03
2026-07-26 16:00:00,107.1,2.490,1.29167,2.85649,1667.03,1673.31,1456.79
2026-07-26 17:00:00,107.2,1.860,1.29167,2.13377,1668.32,1675.44,1458.86
2026-07-26 18:00:00,106.9,1.150,1.29167,1.31926,1669.61,1676.76,1460.13
2026-07-26 19:00:00,105.6,0.470,1.29167,0.53918,1670.90,1677.30,1460.65
2026-07-26 20:00:00,103.1,0.050,1.29167,0.05736,1672.19,1677.36,1460.71
2026-07-26 21:00:00,101.5,0.000,1.29167,0.00000,1673.48,1677.36,1460.71
2026-07-26 22:00:00,100.2,0.000,1.29167,0.00000,1674.78,1677.36,1460.71
2026-07-26 23:00:00,99.5,0.000,1.29167,0.00000,1676.07,1677.36,1460.71
2026-07-26 23:59:59,98.2,0.000,1.29167,0.00000,1677.36,1677.36,1460.71
2026-07-27 01:00:00,96.3,0.000,1.29167,0.00000,1678.65,1677.36,1460.71
2026-07-27 02:00:00,94.5,0.000,1.29167,0.00000,1679.94,1677.36,1460.71
2026-07-27 03:00:00,93.4,0.000,1.29167,0.00000,1681.23,1677.36,1460.71
2026-07-27 04:00:00,92.5,0.000,1.29167,0.00000,1682.53,1677.36,1460.71
2026-07-27 05:00:00,91.6,0.000,1.29167,0.00000,1683.82,1677.36,1460.71
2026-07-27 06:00:00,91.0,0.020,1.29167,0.02305,1685.11,1677.38,1460.73
2026-07-27 07:00:00,91.6,0.320,1.29167,0.36877,1686.40,1677.75,1461.09
2026-07-27 08:00:00,93.7,0.960,1.29167,1.10632,1687.69,1678.86,1462.15
2026-07-27 09:00:00,96.6,1.670,1.29167,1.92454,1688.98,1680.78,1464.01
2026-07-27 10:00:00,99.9,2.310,1.29167,2.66208,1690.28,1683.44,1466.59
2026-07-27 11:00:00,102.2,2.830,1.29167,3.26134,1691.57,1686.70,1469.74
2026-07-27 12:00:00,104.0,3.170,1.29167,3.65316,1692.86,1690.36,1473.27
2026-07-27 13:00:00,105.3,3.320,1.29167,3.82602,1694.15,1694.18,1476.97
2026-07-27 14:00:00,106.9,3.240,1.29167,3.73383,1695.44,1697.92,1480.57
2026-07-27 15:00:00,108.0,2.960,1.29167,3.41115,1696.73,1701.33,1483.87
2026-07-27 16:00:00,108.9,2.500,1.29167,2.88104,1698.03,1704.21,1486.65
2026-07-27 17:00:00,109.0,1.890,1.29167,2.17807,1699.32,1706.39,1488.76
2026-07-27 18:00:00,108.1,1.190,1.29167,1.37138,1700.61,1707.76,1490.08
2026-07-27 19:00:00,106.9,0.470,1.29167,0.54164,1701.90,1708.30,1490.61
2026-07-27 20:00:00,104.5,0.050,1.29167,0.05762,1703.19,1708.36,1490.66
2026-07-27 21:00:00,102.4,0.000,1.29167,0.00000,1704.48,1708.36,1490.66
2026-07-27 22:00:00,101.3,0.000,1.29167,0.00000,1705.78,1708.36,1490.66
2026-07-27 23:00:00,101.3,0.000,1.29167,0.00000,1707.07,1708.36,1490.66
2026-07-27 23:59:59,100.0,0.000,1.29167,0.00000,1708.36,1708.36,1490.66
2026-07-28 01:00:00,98.2,0.000,1.29167,0.00000,1709.65,1708.36,1493.24
2026-07-28 02:00:00,96.4,0.000,1.29167,0.00000,1710.94,1708.36,1493.24
2026-07-28 03:00:00,93.7,0.000,1.29167,0.00000,1712.23,1708.36,1493.24
2026-07-28 04:00:00,90.3,0.000,1.29167,0.00000,1713.53,1708.36,1493.24
2026-07-28 05:00:00,89.2,0.000,1.29167,0.00000,1714.82,1708.36,1493.24
2026-07-28 06:00:00,84.6,0.000,1.23333,0.00000,1716.05,1708.36,1493.24
2026-07-28 07:00:00,80.6,0.180,1.06667,0.21812,1717.12,1708.58,1493.43
2026-07-28 08:00:00,83.1,0.550,1.17083,0.66648,1718.29,1709.24,1494.02
2026-07-28 09:00:00,84.0,0.630,1.20833,0.76342,1719.50,1710.01,1494.69
2026-07-28 10:00:00,90.3,2.470,1.29167,2.99308,1720.79,1713.00,1497.33
2026-07-28 11:00:00,93.7,2.640,1.29167,3.19909,1722.08,1716.20,1500.15
2026-07-28 12:00:00,95.5,3.190,1.29167,3.86556,1723.37,1720.06,1503.56
2026-07-28 13:00:00,98.2,3.320,1.29167,4.02309,1724.66,1724.09,1507.11
2026-07-28 14:00:00,100.8,3.250,1.29167,3.93827,1725.95,1728.03,1510.58
2026-07-28 15:00:00,102.4,2.960,1.29167,3.58685,1727.25,1731.61,1513.75
2026-07-28 16:00:00,103.3,2.490,1.29167,3.01732,1728.54,1734.63,1516.41
2026-07-28 17:00:00,103.5,1.850,1.29167,2.24178,1729.83,1736.87,1518.39
2026-07-28 18:00:00,104.0,1.150,1.29167,1.39354,1731.12,1738.26,1519.62
2026-07-28 19:00:00,102.4,0.460,1.29167,0.55742,1732.41,1738.82,1520.11
2026-07-28 20:00:00,98.6,0.040,1.29167,0.04847,1733.70,1738.87,1520.15
2026-07-28 21:00:00,96.8,0.000,1.29167,0.00000,1735.00,1738.87,1520.15
2026-07-28 22:00:00,96.8,0.000,1.29167,0.00000,1736.29,1738.87,1520.15
2026-07-28 23:00:00,95.5,0.000,1.29167,0.00000,1737.58,1738.87,1520.15
2026-07-28 23:59:59,93.7,0.000,1.29167,0.00000,1738.87,1738.87,1520.15
2026-07-29 01:00:00,93.0,0.000,1.29167,0.00000,1740.16,1738.87,1520.15
2026-07-29 02:00:00,92.8,0.000,1.29167,0.00000,1741.45,1738.87,1520.15
2026-07-29 03:00:00,91.9,0.000,1.29167,0.00000,1742.75,1738.87,1520.15
2026-07-29 04:00:00,88.7,0.000,1.29167,0.00000,1744.04,1738.87,1520.15
2026-07-29 05:00:00,86.4,0.000,1.29167,0.00000,1745.33,1738.87,1520.15
2026-07-29 06:00:00,85.5,0.030,1.27083,0.03469,1746.60,1738.91,1520.18
2026-07-29 07:00:00,87.3,0.360,1.29167,0.41629,1747.89,1739.32,1520.55
2026-07-29 08:00:00,91.9,0.940,1.29167,1.08699,1749.18,1740.41,1521.51
2026-07-29 09:00:00,96.1,1.710,1.29167,1.97739,1750.48,1742.39,1523.25
2026-07-29 10:00:00,98.4,2.330,1.29167,2.69434,1751.77,1745.08,1525.63
2026-07-29 11:00:00,100.6,2.850,1.29167,3.29566,1753.06,1748.38,1528.53
2026-07-29 12:00:00,101.8,3.190,1.29167,3.68882,1754.35,1752.07,1531.79
2026-07-29 13:00:00,103.5,3.330,1.29167,3.85071,1755.64,1755.92,1535.18
2026-07-29 14:00:00,104.2,3.260,1.29167,3.76977,1756.93,1759.69,1538.51
2026-07-29 15:00:00,106.0,2.990,1.29167,3.45755,1758.23,1763.14,1541.56
2026-07-29 16:00:00,106.5,2.520,1.29167,2.91405,1759.52,1766.06,1544.13
2026-07-29 17:00:00,107.8,1.900,1.29167,2.19710,1760.81,1768.25,1546.07
2026-07-29 18:00:00,107.1,0.980,1.29167,1.13324,1762.10,1769.39,1547.07
2026-07-29 19:00:00,106.0,0.380,1.29167,0.43942,1763.39,1769.83,1547.45
2026-07-29 20:00:00,102.4,0.020,1.29167,0.02313,1764.68,1769.85,1547.47
2026-07-29 21:00:00,99.0,0.000,1.29167,0.00000,1765.98,1769.85,1547.47
2026-07-29 22:00:00,98.1,0.000,1.29167,0.00000,1767.27,1769.85,1547.47
2026-07-29 23:00:00,96.4,0.000,1.29167,0.00000,1768.56,1769.85,1547.47
2026-07-29 23:59:59,97.9,0.000,1.29167,0.00000,1769.85,1769.85,1547.47
2026-07-30 01:00:00,95.9,0.000,1.29167,0.00000,1771.14,1769.85,1547.47
2026-07-30 02:00:00,93.4,0.000,1.29167,0.00000,1772.43,1769.85,1547.47
2026-07-30 03:00:00,91.4,0.000,1.29167,0.00000,1773.73,1769.85,1547.47
2026-07-30 04:00:00,89.2,0.000,1.29167,0.00000,1775.02,1769.85,1547.47
2026-07-30 05:00:00,87.8,0.000,1.29167,0.00000,1776.31,1769.85,1547.47
2026-07-30 06:00:00,87.4,0.030,1.29167,0.03682,1777.60,1769.89,1547.51
2026-07-30 07:00:00,86.5,0.260,1.29167,0.31908,1778.89,1770.21,1547.79
2026-07-30 08:00:00,88.2,0.350,1.29167,0.42953,1780.18,1770.64,1548.17
2026-07-30 09:00:00,90.7,0.970,1.29167,1.19042,1781.48,1771.83,1549.22
2026-07-30 10:00:00,96.8,2.130,1.29167,2.61401,1782.77,1774.44,1551.52
2026-07-30 11:00:00,99.0,2.730,1.29167,3.35036,1784.06,1777.79,1554.48
2026-07-30 12:00:00,102.6,3.220,1.29167,3.95170,1785.35,1781.74,1557.96
2026-07-30 13:00:00,105.4,3.340,1.29167,4.09897,1786.64,1785.84,1561.58
2026-07-30 14:00:00,106.2,3.250,1.29167,3.98852,1787.93,1789.83,1565.10
2026-07-30 15:00:00,108.7,2.970,1.29167,3.64489,1789.23,1793.47,1568.31
2026-07-30 16:00:00,109.8,2.490,1.29167,3.05582,1790.52,1796.53,1571.01
2026-07-30 17:00:00,110.5,1.850,1.29167,2.27039,1791.81,1798.80,1573.01
2026-07-30 18:00:00,109.8,1.160,1.29167,1.42359,1793.10,1800.22,1574.26
2026-07-30 19:00:00,108.7,0.470,1.29167,0.57680,1794.39,1800.80,1574.77
2026-07-30 20:00:00,104.5,0.040,1.29167,0.04909,1795.68,1800.85,1574.82
2026-07-30 21:00:00,101.8,0.000,1.29167,0.00000,1796.98,1800.85,1574.82
2026-07-30 22:00:00,99.9,0.000,1.29167,0.00000,1798.27,1800.85,1574.82
2026-07-30 23:00:00,99.0,0.000,1.29167,0.00000,1799.56,1800.85,1574.82
2026-07-30 23:59:59,98.6,0.000,1.29167,0.00000,1800.85,1800.85,1574.82
2026-07-31 01:00:00,97.7,0.000,1.29167,0.00000,1802.14,1800.85,1574.82
2026-07-31 01:00:00,97.7,0.000,1.29167,0.00000,1803.43,1800.85,1574.82
2026-07-31 02:00:00,96.6,0.000,1.29167,0.00000,1804.73,1800.85,1574.82
2026-07-31 02:00:00,96.6,0.000,1.29167,0.00000,1806.02,1800.85,1574.82
2026-07-31 03:00:00,94.3,0.000,1.29167,0.00000,1807.31,1800.85,1574.82
2026-07-31 03:00:00,94.3,0.000,1.29167,0.00000,1808.60,1800.85,1574.82
2026-07-31 04:00:00,90.9,0.000,1.29167,0.00000,1809.89,1800.85,1574.82
2026-07-31 04:00:00,90.9,0.000,1.29167,0.00000,1811.18,1800.85,1574.82
2026-07-31 05:00:00,88.9,0.000,1.29167,0.00000,1812.48,1800.85,1574.82
2026-07-31 05:00:00,88.9,0.000,1.29167,0.00000,1813.77,1800.85,1574.82
2026-07-31 06:00:00,86.4,0.030,1.29167,0.03426,1815.06,1800.88,1574.85
2026-07-31 06:00:00,86.4,0.030,1.29167,0.03426,1816.35,1800.92,1574.88
2026-07-31 07:00:00,89.4,0.360,1.29167,0.41112,1817.64,1801.33,1575.24
2026-07-31 07:00:00,89.4,0.360,1.29167,0.41112,1818.93,1801.74,1575.60
2026-07-31 08:00:00,93.9,0.930,1.29167,1.06205,1820.23,1802.80,1576.54
2026-07-31 08:00:00,93.9,0.930,1.29167,1.06205,1821.52,1803.86,1577.47
2026-07-31 09:00:00,96.3,1.930,1.29167,2.20405,1822.81,1806.07,1579.42
2026-07-31 09:00:00,96.3,1.930,1.29167,2.20405,1824.10,1808.27,1581.36
2026-07-31 10:00:00,99.0,2.190,1.29167,2.50096,1825.39,1810.77,1583.57
2026-07-31 10:00:00,99.0,2.190,1.29167,2.50096,1826.68,1813.27,1585.77
2026-07-31 11:00:00,101.3,2.320,1.29167,2.64942,1827.98,1815.92,1588.11
2026-07-31 11:00:00,101.3,2.320,1.29167,2.64942,1829.27,1818.57,1590.45
2026-07-31 12:00:00,103.1,3.100,1.29167,3.54018,1830.56,1822.11,1593.57
2026-07-31 12:00:00,103.1,3.100,1.29167,3.54018,1831.85,1825.65,1596.69
2026-07-31 13:00:00,105.8,3.390,1.29167,3.87136,1833.14,1829.53,1600.11
2026-07-31 13:00:00,105.8,3.390,1.29167,3.87136,1834.43,1833.40,1603.52
2026-07-31 14:00:00,108.1,3.300,1.29167,3.76858,1835.73,1837.17,1606.84
2026-07-31 14:00:00,108.1,3.300,1.29167,3.76858,1837.02,1840.93,1610.17
2026-07-31 15:00:00,110.1,3.000,1.29167,3.42598,1838.31,1844.36,1613.19
2026-07-31 15:00:00,110.1,3.000,1.29167,3.42598,1839.60,1847.79,1616.21
2026-07-31 16:00:00,110.8,2.510,1.29167,2.86640,1840.89,1850.65,1618.74
2026-07-31 16:00:00,110.8,2.510,1.29167,2.86640,1842.18,1853.52,1621.27
2026-07-31 17:00:00,110.8,1.870,1.29167,2.13553,1843.48,1855.65,1623.15
2026-07-31 17:00:00,110.8,1.870,1.29167,2.13553,1844.77,1857.79,1625.04
2026-07-31 18:00:00,110.5,1.150,1.29167,1.31329,1846.06,1859.10,1626.19
2026-07-31 18:00:00,110.5,1.150,1.29167,1.31329,1847.35,1860.42,1627.35
2026-07-31 19:00:00,109.0,0.460,1.29167,0.52532,1848.64,1860.94,1627.82
2026-07-31 19:00:00,109.0,0.460,1.29167,0.52532,1849.93,1861.47,1628.28
2026-07-31 20:00:00,105.8,0.040,1.29167,0.04568,1851.23,1861.51,1628.32
2026-07-31 20:00:00,105.8,0.040,1.29167,0.04568,1852.52,1861.56,1628.36
2026-07-31 21:00:00,102.7,0.000,1.29167,0.00000,1853.81,1861.56,1628.36
2026-07-31 21:00:00,102.7,0.000,1.29167,0.00000,1855.10,1861.56,1628.36
2026-07-31 22:00:00,101.3,0.000,1.29167,0.00000,1856.39,1861.56,1628.36
2026-07-31 22:00:00,101.3,0.000,1.29167,0.00000,1857.68,1861.56,1628.36
2026-07-31 23:00:00,99.7,0.000,1.29167,0.00000,1858.98,1861.56,1628.36
2026-07-31 23:00:00,99.7,0.000,1.29167,0.00000,1860.27,1861.56,1628.36
2026-07-31 23:59:59,99.1,0.000,1.29167,0.00000,1861.56,1861.56,1628.36
2026-08-01 01:00:00,98.2,0.000,1.29167,0.00000,1862.85,1861.56,1628.36
2026-08-01 02:00:00,96.4,0.000,1.29167,0.00000,1864.14,1861.56,1628.36
2026-08-01 03:00:00,94.8,0.000,1.29167,0.00000,1865.43,1861.56,1628.36
2026-08-01 04:00:00,93.9,0.000,1.29167,0.00000,1866.73,1861.56,1628.36
2026-08-01 05:00:00,93.2,0.000,1.29167,0.00000,1868.02,1861.56,1628.36
2026-08-01 06:00:00,92.1,0.010,1.29167,0.01144,1869.31,1861.57,1628.37
2026-08-01 07:00:00,90.1,0.320,1.29167,0.36605,1870.60,1861.94,1628.69
2026-08-01 08:00:00,91.8,1.000,1.29167,1.14391,1871.89,1863.08,1629.70
2026-08-01 09:00:00,96.1,1.710,1.29167,1.95609,1873.18,1865.04,1631.43
2026-08-01 10:00:00,101.5,2.350,1.29167,2.68819,1874.48,1867.72,1633.80
2026-08-01 11:00:00,104.7,2.860,1.29167,3.27159,1875.77,1871.00,1636.68
2026-08-01 12:00:00,107.2,3.210,1.29167,3.67196,1877.06,1874.67,1639.92
2026-08-01 13:00:00,109.0,3.360,1.29167,3.84354,1878.35,1878.51,1643.31
2026-08-01 14:00:00,111.0,3.310,1.29167,3.78635,1879.64,1882.30,1646.65
2026-08-01 15:00:00,112.1,2.930,1.29167,3.35166,1880.93,1885.65,1649.61
2026-08-01 16:00:00,112.6,2.530,1.29167,2.89410,1882.23,1888.54,1652.16
2026-08-01 17:00:00,112.3,1.880,1.29167,2.15055,1883.52,1890.69,1654.06
2026-08-01 18:00:00,111.4,1.150,1.29167,1.31550,1884.81,1892.01,1655.22
2026-08-01 19:00:00,110.1,0.450,1.29167,0.51476,1886.10,1892.52,1655.67
2026-08-01 20:00:00,105.6,0.030,1.29167,0.03432,1887.39,1892.56,1655.70
2026-08-01 21:00:00,102.0,0.000,1.29167,0.00000,1888.68,1892.56,1655.70
2026-08-01 22:00:00,99.5,0.000,1.29167,0.00000,1889.98,1892.56,1655.70
2026-08-01 23:00:00,94.8,0.000,1.29167,0.00000,1891.27,1892.56,1655.70
2026-08-01 23:59:59,99.3,0.000,1.29167,0.00000,1892.56,1892.56,1655.70
2026-08-02 01:00:00,99.5,0.000,1.29167,0.00000,1893.85,1892.56,1655.70
2026-08-02 02:00:00,98.1,0.000,1.29167,0.00000,1895.14,1892.56,1655.70
2026-08-02 03:00:00,96.8,0.000,1.29167,0.00000,1896.43,1892.56,1655.70
2026-08-02 04:00:00,94.8,0.000,1.29167,0.00000,1897.73,1892.56,1655.70
2026-08-02 05:00:00,90.1,0.000,1.29167,0.00000,1899.02,1892.56,1655.70
2026-08-02 06:00:00,89.1,0.010,1.29167,0.01233,1900.31,1892.57,1655.71
2026-08-02 07:00:00,89.2,0.270,1.29167,0.33294,1901.60,1892.90,1656.01
2026-08-02 08:00:00,91.8,0.900,1.29167,1.10979,1902.89,1894.01,1656.98
2026-08-02 09:00:00,98.6,1.690,1.29167,2.08393,1904.18,1896.10,1658.82
2026-08-02 10:00:00,103.3,2.350,1.29167,2.89777,1905.48,1899.00,1661.38
2026-08-02 11:00:00,105.8,2.600,1.29167,3.20605,1906.77,1902.20,1664.21
2026-08-02 12:00:00,106.7,2.280,1.29167,2.81146,1908.06,1905.01,1666.69
2026-08-02 13:00:00,108.0,2.740,1.29167,3.37868,1909.35,1908.39,1669.67
2026-08-02 14:00:00,110.5,3.420,1.29167,4.21718,1910.64,1912.61,1673.39
2026-08-02 15:00:00,110.8,2.980,1.29167,3.67462,1911.93,1916.28,1676.63
2026-08-02 16:00:00,111.2,2.480,1.29167,3.05807,1913.23,1919.34,1679.32
2026-08-02 17:00:00,111.6,1.850,1.29167,2.28123,1914.52,1921.62,1681.34
2026-08-02 18:00:00,110.5,1.120,1.29167,1.38107,1915.81,1923.00,1682.55
2026-08-02 19:00:00,108.5,0.420,1.29167,0.51790,1917.10,1923.52,1683.01
2026-08-02 20:00:00,104.7,0.030,1.29167,0.03699,1918.39,1923.56,1683.04
2026-08-02 21:00:00,102.4,0.000,1.29167,0.00000,1919.68,1923.56,1683.04
2026-08-02 22:00:00,100.8,0.000,1.29167,0.00000,1920.98,1923.56,1683.04
2026-08-02 23:00:00,96.4,0.000,1.29167,0.00000,1922.27,1923.56,1683.04
2026-08-02 23:59:59,92.1,0.000,1.29167,0.00000,1923.56,1923.56,1683.04
2026-08-03 01:00:00,92.5,0.000,1.29167,0.00000,1924.85,1923.56,1683.04
2026-08-03 02:00:00,95.9,0.000,1.29167,0.00000,1926.14,1923.56,1683.04
2026-08-03 03:00:00,97.3,0.000,1.29167,0.00000,1927.43,1923.56,1683.04
2026-08-03 04:00:00,95.7,0.000,1.29167,0.00000,1928.73,1923.56,1683.04
2026-08-03 05:00:00,94.8,0.000,1.29167,0.00000,1930.02,1923.56,1683.04
2026-08-03 06:00:00,91.2,0.020,1.29167,0.02807,1931.31,1923.59,1683.07
2026-08-03 07:00:00,91.2,0.450,1.29167,0.63151,1932.60,1924.22,1683.62
2026-08-03 08:00:00,94.3,0.990,1.29167,1.38932,1933.89,1925.61,1684.85
2026-08-03 09:00:00,97.5,1.610,1.29167,2.25939,1935.18,1927.87,1686.84
2026-08-03 10:00:00,101.3,2.180,1.29167,3.05930,1936.48,1930.93,1689.54
2026-08-03 11:00:00,102.6,2.330,1.29167,3.26981,1937.77,1934.20,1692.42
2026-08-03 12:00:00,106.0,3.480,1.29167,4.88366,1939.06,1939.08,1696.73
2026-08-03 13:00:00,106.5,1.890,1.29167,2.65233,1940.35,1941.73,1699.07
2026-08-03 14:00:00,109.4,2.560,1.29167,3.59258,1941.64,1945.32,1702.24
2026-08-03 15:00:00,110.1,2.110,1.29167,2.96107,1942.93,1948.29,1704.85
2026-08-03 16:00:00,110.5,1.770,1.29167,2.48393,1944.23,1950.77,1707.04
2026-08-03 17:00:00,110.1,1.480,1.29167,2.07696,1945.52,1952.85,1708.87
2026-08-03 18:00:00,108.5,0.830,1.29167,1.16478,1946.81,1954.01,1709.90
2026-08-03 19:00:00,106.3,0.350,1.29167,0.49117,1948.10,1954.50,1710.34
2026-08-03 20:00:00,105.1,0.040,1.29167,0.05613,1949.39,1954.56,1710.38
2026-08-03 21:00:00,99.9,0.000,1.29167,0.00000,1950.68,1954.56,1710.38
2026-08-03 22:00:00,95.7,0.000,1.29167,0.00000,1951.98,1954.56,1710.38
2026-08-03 23:00:00,90.9,0.000,1.29167,0.00000,1953.27,1954.56,1710.38
2026-08-03 23:59:59,88.5,0.000,1.29167,0.00000,1954.56,1954.56,1710.38
2026-08-04 01:00:00,87.3,0.000,1.29167,0.00000,1955.85,1954.56,1707.49
2026-08-04 02:00:00,86.5,0.000,1.29167,0.00000,1957.14,1954.56,1707.49
2026-08-04 03:00:00,84.2,0.000,1.21667,0.00000,1958.36,1954.56,1707.49
2026-08-04 04:00:00,83.7,0.000,1.19583,0.00000,1959.55,1954.56,1707.49
2026-08-04 05:00:00,84.0,0.000,1.20833,0.00000,1960.76,1954.56,1707.49
2026-08-04 06:00:00,84.0,0.010,1.20833,0.01530,1961.97,1954.57,1707.50
2026-08-04 07:00:00,82.9,0.120,1.16250,0.18365,1963.13,1954.76,1707.68
2026-08-04 08:00:00,85.6,0.570,1.27500,0.87234,1964.41,1955.63,1708.53
2026-08-04 09:00:00,89.8,1.000,1.29167,1.53042,1965.70,1957.16,1710.03
2026-08-04 10:00:00,92.3,0.890,1.29167,1.36208,1966.99,1958.52,1711.36
2026-08-04 11:00:00,96.8,2.360,1.29167,3.61180,1968.28,1962.13,1714.89
2026-08-04 12:00:00,98.2,2.330,1.29167,3.56589,1969.58,1965.70,1718.37
2026-08-04 13:00:00,100.0,2.310,1.29167,3.53528,1970.87,1969.24,1721.83
2026-08-04 14:00:00,101.3,2.410,1.29167,3.68832,1972.16,1972.92,1725.43
2026-08-04 15:00:00,103.6,2.660,1.29167,4.07093,1973.45,1976.99,1729.41
2026-08-04 16:00:00,105.3,2.390,1.29167,3.65771,1974.74,1980.65,1732.98
2026-08-04 17:00:00,105.6,1.600,1.29167,2.44868,1976.03,1983.10,1735.37
2026-08-04 18:00:00,106.0,1.000,1.29167,1.53042,1977.33,1984.63,1736.87
2026-08-04 19:00:00,104.4,0.270,1.29167,0.41321,1978.62,1985.04,1737.27
2026-08-04 20:00:00,102.0,0.020,1.29167,0.03061,1979.91,1985.08,1737.30
2026-08-04 21:00:00,99.5,0.000,1.29167,0.00000,1981.20,1985.08,1737.30
2026-08-04 22:00:00,98.8,0.000,1.29167,0.00000,1982.49,1985.08,1737.30
2026-08-04 23:00:00,97.0,0.000,1.29167,0.00000,1983.78,1985.08,1737.30
2026-08-04 23:59:59,96.1,0.000,1.29167,0.00000,1985.08,1985.08,1737.30
2026-08-05 01:00:00,93.9,0.000,1.29167,0.00000,1986.37,1985.08,1737.30
2026-08-05 02:00:00,92.3,0.000,1.29167,0.00000,1987.66,1985.08,1737.30
2026-08-05 03:00:00,91.4,0.000,1.29167,0.00000,1988.95,1985.08,1737.30
2026-08-05 04:00:00,90.1,0.000,1.29167,0.00000,1990.24,1985.08,1737.30
2026-08-05 05:00:00,89.8,0.000,1.29167,0.00000,1991.53,1985.08,1737.30
2026-08-05 06:00:00,90.0,0.010,1.29167,0.01683,1992.83,1985.09,1737.32
2026-08-05 07:00:00,90.1,0.150,1.29167,0.25244,1994.12,1985.34,1737.56
2026-08-05 08:00:00,92.5,0.580,1.29167,0.97611,1995.41,1986.32,1738.52
2026-08-05 09:00:00,93.4,0.980,1.29167,1.64929,1996.70,1987.97,1740.13
2026-08-05 10:00:00,94.1,0.810,1.29167,1.36319,1997.99,1989.33,1741.46
2026-08-05 11:00:00,96.1,1.580,1.29167,2.65907,1999.28,1991.99,1744.06
2026-08-05 12:00:00,97.3,1.630,1.29167,2.74321,2000.58,1994.74,1746.74
2026-08-05 13:00:00,99.0,2.430,1.29167,4.08958,2001.87,1998.82,1750.73
2026-08-05 14:00:00,100.0,1.870,1.29167,3.14712,2003.16,2001.97,1753.81
2026-08-05 15:00:00,101.5,2.690,1.29167,4.52714,2004.45,2006.50,1758.23
2026-08-05 16:00:00,102.7,2.430,1.29167,4.08958,2005.74,2010.59,1762.22
2026-08-05 17:00:00,103.5,1.790,1.29167,3.01249,2007.03,2013.60,1765.17
2026-08-05 18:00:00,104.0,1.080,1.29167,1.81759,2008.33,2015.42,1766.94
2026-08-05 19:00:00,102.4,0.370,1.29167,0.62269,2009.62,2016.04,1767.55
2026-08-05 20:00:00,99.7,0.020,1.29167,0.03366,2010.91,2016.08,1767.58
2026-08-05 21:00:00,95.5,0.000,1.29167,0.00000,2012.20,2016.08,1767.58
2026-08-05 22:00:00,94.1,0.000,1.29167,0.00000,2013.49,2016.08,1767.58
2026-08-05 23:00:00,95.0,0.000,1.29167,0.00000,2014.78,2016.08,1767.58
2026-08-05 23:59:59,94.5,0.000,1.29167,0.00000,2016.08,2016.08,1767.58
2026-08-06 01:00:00,91.2,0.000,1.29167,0.00000,2017.37,2016.08,1767.58
2026-08-06 02:00:00,86.4,0.000,1.29167,0.00000,2018.66,2016.08,1767.58
2026-08-06 03:00:00,87.3,0.000,1.29167,0.00000,2019.95,2016.08,1767.58
2026-08-06 04:00:00,86.2,0.000,1.29167,0.00000,2021.24,2016.08,1767.58
2026-08-06 05:00:00,85.1,0.000,1.25417,0.00000,2022.50,2016.08,1767.58
2026-08-06 06:00:00,83.5,0.000,1.18750,0.00000,2023.68,2016.08,1767.58
2026-08-06 07:00:00,83.5,0.060,1.18750,0.07857,2024.87,2016.15,1767.66
2026-08-06 08:00:00,85.8,0.570,1.28333,0.74639,2026.15,2016.90,1768.39
2026-08-06 09:00:00,90.5,1.530,1.29167,2.00346,2027.45,2018.90,1770.35
2026-08-06 10:00:00,92.3,1.390,1.29167,1.82013,2028.74,2020.72,1772.13
2026-08-06 11:00:00,95.5,2.820,1.29167,3.69264,2030.03,2024.42,1775.73
2026-08-06 12:00:00,97.9,2.860,1.29167,3.74502,2031.32,2028.16,1779.39
2026-08-06 13:00:00,100.2,2.740,1.29167,3.58789,2032.61,2031.75,1782.90
2026-08-06 14:00:00,102.2,3.260,1.29167,4.26880,2033.90,2036.02,1787.07
2026-08-06 15:00:00,103.6,2.830,1.29167,3.70574,2035.20,2039.72,1790.69
2026-08-06 16:00:00,104.2,2.410,1.29167,3.15577,2036.49,2042.88,1793.77
2026-08-06 17:00:00,104.0,1.740,1.29167,2.27844,2037.78,2045.16,1796.00
2026-08-06 18:00:00,102.9,1.020,1.29167,1.33564,2039.07,2046.49,1797.30
2026-08-06 19:00:00,99.7,0.230,1.29167,0.30117,2040.36,2046.79,1797.60
2026-08-06 20:00:00,96.8,0.020,1.29167,0.02619,2041.65,2046.82,1797.62
2026-08-06 21:00:00,95.5,0.000,1.29167,0.00000,2042.95,2046.82,1797.62
2026-08-06 22:00:00,94.5,0.000,1.29167,0.00000,2044.24,2046.82,1797.62
2026-08-06 23:00:00,93.4,0.000,1.29167,0.00000,2045.53,2046.82,1797.62
2026-08-06 23:59:59,89.2,0.000,1.29167,0.00000,2046.82,2046.82,1797.62
2026-08-07 01:00:00,87.8,0.000,1.29167,0.00000,2048.11,2046.82,1797.62
2026-08-07 02:00:00,86.7,0.000,1.29167,0.00000,2049.40,2046.82,1797.62
2026-08-07 03:00:00,84.4,0.000,1.22500,0.00000,2050.63,2046.82,1797.62
2026-08-07 04:00:00,86.7,0.000,1.29167,0.00000,2051.92,2046.82,1797.62
2026-08-07 05:00:00,85.8,0.000,1.28333,0.00000,2053.20,2046.82,1797.62
2026-08-07 06:00:00,85.3,0.010,1.26250,0.01196,2054.47,2046.83,1797.63
2026-08-07 07:00:00,84.9,0.300,1.24583,0.35886,2055.71,2047.19,1797.98
2026-08-07 08:00:00,90.3,0.900,1.29167,1.07658,2057.00,2048.27,1799.04
2026-08-07 09:00:00,95.0,1.590,1.29167,1.90196,2058.30,2050.17,1800.89
2026-08-07 10:00:00,98.4,2.250,1.29167,2.69145,2059.59,2052.86,1803.52
2026-08-07 11:00:00,100.2,2.760,1.29167,3.30151,2060.88,2056.16,1806.75
2026-08-07 12:00:00,102.0,3.110,1.29167,3.72018,2062.17,2059.88,1810.38
2026-08-07 13:00:00,104.0,3.260,1.29167,3.89961,2063.46,2063.78,1814.19
2026-08-07 14:00:00,105.4,3.170,1.29167,3.79195,2064.75,2067.57,1817.90
2026-08-07 15:00:00,107.4,2.860,1.29167,3.42113,2066.05,2071.00,1821.24
2026-08-07 16:00:00,108.1,2.380,1.29167,2.84696,2067.34,2073.84,1824.02
2026-08-07 17:00:00,108.5,1.760,1.29167,2.10531,2068.63,2075.95,1826.08
2026-08-07 18:00:00,108.1,1.040,1.29167,1.24405,2069.92,2077.19,1827.29
2026-08-07 19:00:00,106.3,0.380,1.29167,0.45456,2071.21,2077.65,1827.74
2026-08-07 20:00:00,102.4,0.020,1.29167,0.02392,2072.50,2077.67,1827.76
2026-08-07 21:00:00,99.3,0.000,1.29167,0.00000,2073.80,2077.67,1827.76
2026-08-07 22:00:00,97.2,0.000,1.29167,0.00000,2075.09,2077.67,1827.76
2026-08-07 23:00:00,95.9,0.000,1.29167,0.00000,2076.38,2077.67,1827.76
2026-08-07 23:59:59,95.0,0.000,1.29167,0.00000,2077.67,2077.67,1827.76
2026-08-08 01:00:00,94.6,0.000,1.29167,0.00000,2078.96,2077.67,1827.76
2026-08-08 02:00:00,93.0,0.000,1.29167,0.00000,2080.25,2077.67,1827.76
2026-08-08 03:00:00,91.9,0.000,1.29167,0.00000,2081.55,2077.67,1827.76
2026-08-08 04:00:00,92.5,0.000,1.29167,0.00000,2082.84,2077.67,1827.76
2026-08-08 05:00:00,91.0,0.000,1.29167,0.00000,2084.13,2077.67,1827.76
2026-08-08 06:00:00,90.0,0.010,1.29167,0.01235,2085.42,2077.68,1827.77
2026-08-08 07:00:00,91.0,0.290,1.29167,0.35802,2086.71,2078.04,1828.12
2026-08-08 08:00:00,91.4,0.400,1.29167,0.49383,2088.00,2078.54,1828.60
2026-08-08 09:00:00,94.5,1.500,1.29167,1.85185,2089.30,2080.39,1830.41
2026-08-08 10:00:00,97.9,2.210,1.29167,2.72840,2090.59,2083.12,1833.08
2026-08-08 11:00:00,100.8,2.730,1.29167,3.37037,2091.88,2086.49,1836.37
2026-08-08 12:00:00,103.3,3.090,1.29167,3.81481,2093.17,2090.30,1840.10
2026-08-08 13:00:00,104.7,3.250,1.29167,4.01235,2094.46,2094.31,1844.02
2026-08-08 14:00:00,106.5,3.170,1.29167,3.91358,2095.75,2098.23,1847.84
2026-08-08 15:00:00,108.3,2.870,1.29167,3.54321,2097.05,2101.77,1851.30
2026-08-08 16:00:00,109.2,2.380,1.29167,2.93827,2098.34,2104.71,1854.17
2026-08-08 17:00:00,109.9,1.740,1.29167,2.14815,2099.63,2106.86,1856.27
2026-08-08 18:00:00,109.8,1.060,1.29167,1.30864,2100.92,2108.16,1857.55
2026-08-08 19:00:00,108.9,0.390,1.29167,0.48148,2102.21,2108.65,1858.02
2026-08-08 20:00:00,103.6,0.020,1.29167,0.02469,2103.50,2108.67,1858.04
2026-08-08 21:00:00,99.5,0.000,1.29167,0.00000,2104.80,2108.67,1858.04
2026-08-08 22:00:00,101.1,0.000,1.29167,0.00000,2106.09,2108.67,1858.04
2026-08-08 23:00:00,98.6,0.000,1.29167,0.00000,2107.38,2108.67,1858.04
2026-08-08 23:59:59,95.5,0.000,1.29167,0.00000,2108.67,2108.67,1858.04
2026-08-09 01:00:00,93.6,0.000,1.29167,0.00000,2109.96,2108.67,1858.04
2026-08-09 02:00:00,93.2,0.000,1.29167,0.00000,2111.25,2108.67,1858.04
2026-08-09 03:00:00,92.7,0.000,1.29167,0.00000,2112.55,2108.67,1858.04
2026-08-09 04:00:00,89.6,0.000,1.29167,0.00000,2113.84,2108.67,1858.04
2026-08-09 05:00:00,87.8,0.000,1.29167,0.00000,2115.13,2108.67,1858.04
2026-08-09 06:00:00,87.1,0.010,1.29167,0.01202,2116.42,2108.68,1858.06
2026-08-09 07:00:00,87.6,0.260,1.29167,0.31265,2117.71,2109.00,1858.36
2026-08-09 08:00:00,90.7,0.880,1.29167,1.05818,2119.00,2110.05,1859.40
2026-08-09 09:00:00,94.6,1.570,1.29167,1.88790,2120.30,2111.94,1861.24
2026-08-09 10:00:00,97.2,2.220,1.29167,2.66951,2121.59,2114.61,1863.85
2026-08-09 11:00:00,99.3,2.750,1.29167,3.30683,2122.88,2117.92,1867.08
2026-08-09 12:00:00,101.1,3.100,1.29167,3.72770,2124.17,2121.65,1870.72
2026-08-09 13:00:00,103.5,3.250,1.29167,3.90807,2125.46,2125.55,1874.54
2026-08-09 14:00:00,105.8,3.170,1.29167,3.81187,2126.75,2129.37,1878.26
2026-08-09 15:00:00,108.0,2.870,1.29167,3.45112,2128.05,2132.82,1881.63
2026-08-09 16:00:00,109.4,2.390,1.29167,2.87393,2129.34,2135.69,1884.44
2026-08-09 17:00:00,110.1,1.750,1.29167,2.10434,2130.63,2137.79,1886.50
2026-08-09 18:00:00,110.1,1.100,1.29167,1.32273,2131.92,2139.12,1887.79
2026-08-09 19:00:00,108.7,0.450,1.29167,0.54112,2133.21,2139.66,1888.32
2026-08-09 20:00:00,103.5,0.010,1.29167,0.01202,2134.50,2139.67,1888.33
2026-08-09 21:00:00,93.2,0.000,1.29167,0.00000,2135.80,2139.67,1888.33
2026-08-09 22:00:00,86.5,0.000,1.29167,0.00000,2137.09,2139.67,1888.33
2026-08-09 23:00:00,88.9,0.000,1.29167,0.00000,2138.38,2139.67,1888.33
2026-08-09 23:59:59,90.3,0.000,1.29167,0.00000,2139.67,2139.67,1888.33
2026-08-10 01:00:00,89.8,0.000,1.29167,0.00000,2140.96,2139.67,1888.33
2026-08-10 02:00:00,86.7,0.000,1.29167,0.00000,2142.25,2139.67,1888.33
2026-08-10 03:00:00,85.1,0.000,1.25417,0.00000,2143.51,2139.67,1888.33
2026-08-10 04:00:00,83.8,0.000,1.20000,0.00000,2144.71,2139.67,1888.33
2026-08-10 05:00:00,82.9,0.000,1.16250,0.00000,2145.87,2139.67,1888.33
2026-08-10 06:00:00,82.0,0.010,1.12500,0.01204,2147.00,2139.68,1888.34
2026-08-10 07:00:00,83.3,0.270,1.17917,0.32497,2148.18,2140.01,1888.66
2026-08-10 08:00:00,88.2,0.860,1.29167,1.03508,2149.47,2141.04,1889.67
2026-08-10 09:00:00,92.7,1.550,1.29167,1.86554,2150.76,2142.91,1891.49
2026-08-10 10:00:00,95.9,2.200,1.29167,2.64787,2152.05,2145.56,1894.08
2026-08-10 11:00:00,98.8,2.720,1.29167,3.27373,2153.34,2148.83,1897.28
2026-08-10 12:00:00,100.8,3.070,1.29167,3.69498,2154.63,2152.53,1900.89
2026-08-10 13:00:00,102.6,3.220,1.29167,3.87551,2155.93,2156.40,1904.67
2026-08-10 14:00:00,103.8,3.140,1.29167,3.77923,2157.22,2160.18,1908.36
2026-08-10 15:00:00,104.7,2.840,1.29167,3.41815,2158.51,2163.60,1911.70
2026-08-10 16:00:00,105.6,2.350,1.29167,2.82840,2159.80,2166.43,1914.47
2026-08-10 17:00:00,105.8,1.720,1.29167,2.07015,2161.09,2168.50,1916.49
2026-08-10 18:00:00,105.1,1.000,1.29167,1.20358,2162.38,2169.70,1917.67
2026-08-10 19:00:00,103.6,0.350,1.29167,0.42125,2163.68,2170.12,1918.08
2026-08-10 20:00:00,101.1,0.010,1.29167,0.01204,2164.97,2170.13,1918.09
2026-08-10 21:00:00,97.3,0.000,1.29167,0.00000,2166.26,2170.13,1918.09
2026-08-10 22:00:00,92.5,0.000,1.29167,0.00000,2167.55,2170.13,1918.09
2026-08-10 23:00:00,91.4,0.000,1.29167,0.00000,2168.84,2170.13,1918.09
2026-08-10 23:59:59,91.0,0.000,1.29167,0.00000,2170.13,2170.13,1918.09
2026-08-11 01:00:00,90.7,0.000,1.29167,0.00000,2171.43,2170.13,1920.20
2026-08-11 02:00:00,87.6,0.000,1.29167,0.00000,2172.72,2170.13,1920.20
2026-08-11 03:00:00,86.4,0.000,1.29167,0.00000,2174.01,2170.13,1920.20
2026-08-11 04:00:00,85.1,0.000,1.25417,0.00000,2175.26,2170.13,1920.20
2026-08-11 05:00:00,84.6,0.000,1.23333,0.00000,2176.50,2170.13,1920.20
2026-08-11 06:00:00,83.8,0.010,1.20000,0.01289,2177.70,2170.15,1920.21
2026-08-11 07:00:00,83.1,0.160,1.17083,0.20627,2178.87,2170.35,1920.40
2026-08-11 08:00:00,83.7,0.570,1.19583,0.73484,2180.06,2171.09,1921.06
2026-08-11 09:00:00,85.3,0.760,1.26250,0.97978,2181.33,2172.07,1921.95
2026-08-11 10:00:00,89.6,1.930,1.29167,2.48813,2182.62,2174.56,1924.21
2026-08-11 11:00:00,92.5,2.690,1.29167,3.46792,2183.91,2178.02,1927.36
2026-08-11 12:00:00,94.8,3.160,1.29167,4.07384,2185.20,2182.10,1931.06
2026-08-11 13:00:00,96.4,3.330,1.29167,4.29300,2186.49,2186.39,1934.96
2026-08-11 14:00:00,98.4,2.790,1.29167,3.59684,2187.78,2189.99,1938.22
2026-08-11 15:00:00,100.0,2.870,1.29167,3.69997,2189.08,2193.69,1941.58
2026-08-11 16:00:00,101.7,2.390,1.29167,3.08116,2190.37,2196.77,1944.38
2026-08-11 17:00:00,102.2,1.740,1.29167,2.24319,2191.66,2199.01,1946.42
2026-08-11 18:00:00,100.4,0.940,1.29167,1.21184,2192.95,2200.22,1947.52
2026-08-11 19:00:00,98.1,0.360,1.29167,0.46411,2194.24,2200.69,1947.94
2026-08-11 20:00:00,95.7,0.010,1.29167,0.01289,2195.53,2200.70,1947.95
2026-08-11 21:00:00,93.4,0.000,1.29167,0.00000,2196.83,2200.70,1947.95
2026-08-11 22:00:00,91.4,0.000,1.29167,0.00000,2198.12,2200.70,1947.95
2026-08-11 23:00:00,89.4,0.000,1.29167,0.00000,2199.41,2200.70,1947.95
2026-08-11 23:59:59,86.5,0.000,1.29167,0.00000,2200.70,2200.70,1947.95
2026-08-12 01:00:00,84.7,0.000,1.23750,0.00000,2201.94,2200.70,1947.95
2026-08-12 02:00:00,83.7,0.000,1.19583,0.00000,2203.13,2200.70,1947.95
2026-08-12 03:00:00,83.7,0.000,1.19583,0.00000,2204.33,2200.70,1947.95
2026-08-12 04:00:00,84.0,0.000,1.20833,0.00000,2205.54,2200.70,1947.95
2026-08-12 05:00:00,83.7,0.000,1.19583,0.00000,2206.73,2200.70,1947.95
2026-08-12 06:00:00,83.5,0.000,1.18750,0.00000,2207.92,2200.70,1947.95
2026-08-12 07:00:00,82.8,0.110,1.15833,0.14131,2209.08,2200.84,1948.08
2026-08-12 08:00:00,80.4,0.520,1.05833,0.66803,2210.14,2201.51,1948.68
2026-08-12 09:00:00,81.3,0.660,1.09583,0.84789,2211.23,2202.36,1949.45
2026-08-12 10:00:00,87.1,2.310,1.29167,2.96760,2212.53,2205.32,1952.15
2026-08-12 11:00:00,91.2,2.980,1.29167,3.82833,2213.82,2209.15,1955.62
2026-08-12 12:00:00,94.1,3.030,1.29167,3.89257,2215.11,2213.05,1959.16
2026-08-12 13:00:00,95.9,3.400,1.29167,4.36790,2216.40,2217.41,1963.12
2026-08-12 14:00:00,97.2,2.770,1.29167,3.55855,2217.69,2220.97,1966.36
2026-08-12 15:00:00,98.4,2.560,1.29167,3.28877,2218.98,2224.26,1969.34
2026-08-12 16:00:00,99.9,2.180,1.29167,2.80059,2220.28,2227.06,1971.88
2026-08-12 17:00:00,100.4,1.540,1.29167,1.97840,2221.57,2229.04,1973.68
2026-08-12 18:00:00,96.6,0.320,1.29167,0.41110,2222.86,2229.45,1974.05
2026-08-12 19:00:00,88.2,0.090,1.29167,0.11562,2224.15,2229.57,1974.16
2026-08-12 20:00:00,82.6,0.000,1.15000,0.00000,2225.30,2229.57,1974.16
2026-08-12 21:00:00,82.9,0.000,1.16250,0.00000,2226.46,2229.57,1974.16
2026-08-12 22:00:00,81.5,0.000,1.10417,0.00000,2227.57,2229.57,1974.16
2026-08-12 23:00:00,80.6,0.000,1.06667,0.00000,2228.63,2229.57,1974.16
2026-08-12 23:59:59,77.4,0.000,0.93333,0.00000,2229.57,2229.57,1974.16
2026-08-13 01:00:00,75.4,0.000,0.85000,0.00000,2230.42,2229.57,1974.16
2026-08-13 02:00:00,75.4,0.000,0.85000,0.00000,2231.27,2229.57,1974.16
2026-08-13 03:00:00,75.2,0.000,0.84167,0.00000,2232.11,2229.57,1974.16
2026-08-13 04:00:00,74.8,0.000,0.82500,0.00000,2232.93,2229.57,1974.16
2026-08-13 05:00:00,74.5,0.000,0.81250,0.00000,2233.75,2229.57,1974.16
2026-08-13 06:00:00,74.3,0.000,0.80417,0.00000,2234.55,2229.57,1974.16
2026-08-13 07:00:00,75.7,0.270,0.86250,0.32185,2235.41,2229.89,1974.45
2026-08-13 08:00:00,79.3,0.900,1.01250,1.07283,2236.43,2230.96,1975.42
2026-08-13 09:00:00,82.6,1.610,1.15000,1.91918,2237.58,2232.88,1977.17
2026-08-13 10:00:00,86.2,2.290,1.29167,2.72976,2238.87,2235.61,1979.65
2026-08-13 11:00:00,89.1,2.580,1.29167,3.07546,2240.16,2238.69,1982.44
2026-08-13 12:00:00,91.8,3.090,1.29167,3.68339,2241.45,2242.37,1985.78
2026-08-13 13:00:00,94.8,3.160,1.29167,3.76684,2242.74,2246.14,1989.20
2026-08-13 14:00:00,96.1,3.090,1.29167,3.68339,2244.03,2249.82,1992.55
2026-08-13 15:00:00,97.2,2.650,1.29167,3.15890,2245.33,2252.98,1995.41
2026-08-13 16:00:00,98.4,1.880,1.29167,2.24103,2246.62,2255.22,1997.45
2026-08-13 17:00:00,94.3,0.360,1.29167,0.42913,2247.91,2255.65,1997.84
2026-08-13 18:00:00,88.5,0.450,1.29167,0.53642,2249.20,2256.18,1998.33
2026-08-13 19:00:00,84.7,0.160,1.23750,0.19073,2250.44,2256.38,1998.50
2026-08-13 20:00:00,86.0,0.010,1.29167,0.01192,2251.73,2256.39,1998.51
2026-08-13 21:00:00,84.6,0.000,1.23333,0.00000,2252.96,2256.39,1998.51
2026-08-13 22:00:00,83.8,0.000,1.20000,0.00000,2254.16,2256.39,1998.51
2026-08-13 23:00:00,81.9,0.000,1.12083,0.00000,2255.28,2256.39,1998.51
2026-08-13 23:59:59,81.5,0.000,1.10417,0.00000,2256.39,2256.39,1998.51
2026-08-14 01:00:00,79.7,0.000,1.02917,0.00000,2257.42,2256.39,1998.51
2026-08-14 02:00:00,79.0,0.000,1.00000,0.00000,2258.42,2256.39,1998.51
2026-08-14 03:00:00,79.3,0.000,1.01250,0.00000,2259.43,2256.39,1998.51
2026-08-14 04:00:00,78.4,0.000,0.97500,0.00000,2260.40,2256.39,1998.51
2026-08-14 05:00:00,77.2,0.000,0.92500,0.00000,2261.33,2256.39,1998.51
2026-08-14 06:00:00,75.4,0.010,0.85000,0.01323,2262.18,2256.40,1998.52
2026-08-14 07:00:00,75.2,0.210,0.84167,0.27789,2263.02,2256.68,1998.77
2026-08-14 08:00:00,81.1,0.860,1.08750,1.13802,2264.11,2257.82,1999.81
2026-08-14 09:00:00,85.5,1.450,1.27083,1.91875,2265.38,2259.74,2001.55
2026-08-14 10:00:00,89.4,1.930,1.29167,2.55393,2266.67,2262.29,2003.87
2026-08-14 11:00:00,92.5,2.600,1.29167,3.44052,2267.96,2265.73,2006.99
2026-08-14 12:00:00,94.8,2.650,1.29167,3.50668,2269.25,2269.24,2010.18
2026-08-14 13:00:00,95.7,2.280,1.29167,3.01707,2270.55,2272.25,2012.91
2026-08-14 14:00:00,97.2,2.540,1.29167,3.36112,2271.84,2275.61,2015.97
2026-08-14 15:00:00,97.3,2.080,1.29167,2.75242,2273.13,2278.37,2018.47
2026-08-14 16:00:00,98.2,2.280,1.29167,3.01707,2274.42,2281.38,2021.20
2026-08-14 17:00:00,97.7,1.220,1.29167,1.61440,2275.71,2283.00,2022.67
2026-08-14 18:00:00,98.1,1.040,1.29167,1.37621,2277.00,2284.37,2023.92
2026-08-14 19:00:00,95.7,0.220,1.29167,0.29112,2278.30,2284.67,2024.18
2026-08-14 20:00:00,91.8,0.010,1.29167,0.01323,2279.59,2284.68,2024.20
2026-08-14 21:00:00,89.1,0.000,1.29167,0.00000,2280.88,2284.68,2024.20
2026-08-14 22:00:00,87.1,0.000,1.29167,0.00000,2282.17,2284.68,2024.20
2026-08-14 23:00:00,85.6,0.000,1.27500,0.00000,2283.45,2284.68,2024.20
2026-08-14 23:59:59,84.6,0.000,1.23333,0.00000,2284.68,2284.68,2024.20
2026-08-15 01:00:00,82.4,0.000,1.14167,0.00000,2285.82,2284.68,2024.20
2026-08-15 02:00:00,80.2,0.000,1.05000,0.00000,2286.87,2284.68,2024.20
2026-08-15 03:00:00,81.5,0.000,1.10417,0.00000,2287.98,2284.68,2024.20
2026-08-15 04:00:00,80.4,0.000,1.05833,0.00000,2289.03,2284.68,2024.20
2026-08-15 05:00:00,78.1,0.000,0.96250,0.00000,2290.00,2284.68,2024.20
2026-08-15 06:00:00,77.5,0.000,0.93750,0.00000,2290.93,2284.68,2024.20
2026-08-15 07:00:00,78.6,0.290,0.98333,0.36064,2291.92,2285.04,2024.52
2026-08-15 08:00:00,83.7,0.580,1.19583,0.72128,2293.11,2285.76,2025.18
2026-08-15 09:00:00,88.2,1.580,1.29167,1.96487,2294.40,2287.73,2026.96
2026-08-15 10:00:00,91.9,2.290,1.29167,2.84782,2295.70,2290.57,2029.55
2026-08-15 11:00:00,96.1,2.800,1.29167,3.48205,2296.99,2294.06,2032.71
2026-08-15 12:00:00,99.3,3.150,1.29167,3.91731,2298.28,2297.97,2036.27
2026-08-15 13:00:00,100.4,3.310,1.29167,4.11628,2299.57,2302.09,2040.00
2026-08-15 14:00:00,102.0,3.240,1.29167,4.02923,2300.86,2306.12,2043.66
2026-08-15 15:00:00,102.9,2.980,1.29167,3.70590,2302.15,2309.82,2047.03
2026-08-15 16:00:00,103.1,1.730,1.29167,2.15141,2303.45,2311.98,2048.98
2026-08-15 17:00:00,102.4,0.890,1.29167,1.10679,2304.74,2313.08,2049.98
2026-08-15 18:00:00,101.3,0.410,1.29167,0.50987,2306.03,2313.59,2050.45
2026-08-15 19:00:00,99.3,0.140,1.29167,0.17410,2307.32,2313.77,2050.61
2026-08-15 20:00:00,96.4,0.010,1.29167,0.01244,2308.61,2313.78,2050.62
2026-08-15 21:00:00,93.6,0.000,1.29167,0.00000,2309.90,2313.78,2050.62
2026-08-15 22:00:00,91.4,0.000,1.29167,0.00000,2311.20,2313.78,2050.62
2026-08-15 23:00:00,88.3,0.000,1.29167,0.00000,2312.49,2313.78,2050.62
2026-08-15 23:59:59,86.5,0.000,1.29167,0.00000,2313.78,2313.78,2050.62
2026-08-16 01:00:00,85.1,0.000,1.25417,0.00000,2315.03,2313.78,2050.62
2026-08-16 02:00:00,88.0,0.000,1.29167,0.00000,2316.33,2313.78,2050.62
2026-08-16 03:00:00,90.0,0.000,1.29167,0.00000,2317.62,2313.78,2050.62
2026-08-16 04:00:00,86.4,0.000,1.29167,0.00000,2318.91,2313.78,2050.62
2026-08-16 05:00:00,84.0,0.000,1.20833,0.00000,2320.12,2313.78,2050.62
2026-08-16 06:00:00,84.6,0.010,1.23333,0.01398,2321.35,2313.79,2050.63
2026-08-16 07:00:00,83.3,0.120,1.17917,0.16780,2322.53,2313.96,2050.78
2026-08-16 08:00:00,85.3,0.430,1.26250,0.60128,2323.79,2314.56,2051.33
2026-08-16 09:00:00,90.0,1.150,1.29167,1.60807,2325.08,2316.17,2052.79
2026-08-16 10:00:00,95.7,2.120,1.29167,2.96444,2326.38,2319.13,2055.48
2026-08-16 11:00:00,98.4,2.670,1.29167,3.73352,2327.67,2322.87,2058.87
2026-08-16 12:00:00,100.9,2.960,1.29167,4.13903,2328.96,2327.01,2062.63
2026-08-16 13:00:00,102.0,2.280,1.29167,3.18817,2330.25,2330.20,2065.52
2026-08-16 14:00:00,103.1,2.230,1.29167,3.11826,2331.54,2333.31,2068.35
2026-08-16 15:00:00,104.4,2.490,1.29167,3.48182,2332.83,2336.80,2071.51
2026-08-16 16:00:00,106.5,2.540,1.29167,3.55174,2334.13,2340.35,2074.74
2026-08-16 17:00:00,106.0,1.780,1.29167,2.48901,2335.42,2342.84,2077.00
2026-08-16 18:00:00,103.5,0.820,1.29167,1.14662,2336.71,2343.98,2078.04
2026-08-16 19:00:00,102.6,0.330,1.29167,0.46145,2338.00,2344.44,2078.46
2026-08-16 20:00:00,98.6,0.010,1.29167,0.01398,2339.29,2344.46,2078.47
2026-08-16 21:00:00,96.3,0.000,1.29167,0.00000,2340.58,2344.46,2078.47
2026-08-16 22:00:00,93.6,0.000,1.29167,0.00000,2341.88,2344.46,2078.47
2026-08-16 23:00:00,89.4,0.000,1.29167,0.00000,2343.17,2344.46,2078.47
2026-08-16 23:59:59,88.0,0.000,1.29167,0.00000,2344.46,2344.46,2078.47
2026-08-17 01:00:00,86.4,0.000,1.29167,0.00000,2345.75,2344.46,2078.47
2026-08-17 02:00:00,84.7,0.000,1.23750,0.00000,2346.99,2344.46,2078.47
2026-08-17 03:00:00,83.7,0.000,1.19583,0.00000,2348.18,2344.46,2078.47
2026-08-17 04:00:00,85.8,0.000,1.28333,0.00000,2349.47,2344.46,2078.47
2026-08-17 05:00:00,84.2,0.000,1.21667,0.00000,2350.68,2344.46,2078.47
2026-08-17 06:00:00,81.3,0.000,1.09583,0.00000,2351.78,2344.46,2078.47
2026-08-17 07:00:00,81.5,0.260,1.10417,0.30290,2352.88,2344.76,2078.75
2026-08-17 08:00:00,88.3,0.910,1.29167,1.06015,2354.18,2345.82,2079.71
2026-08-17 09:00:00,93.7,1.640,1.29167,1.91061,2355.47,2347.73,2081.44
2026-08-17 10:00:00,97.9,2.300,1.29167,2.67951,2356.76,2350.41,2083.88
2026-08-17 11:00:00,100.9,2.810,1.29167,3.27366,2358.05,2353.69,2086.85
2026-08-17 12:00:00,103.3,3.170,1.29167,3.69307,2359.34,2357.38,2090.20
2026-08-17 13:00:00,106.3,3.320,1.29167,3.86782,2360.63,2361.25,2093.71
2026-08-17 14:00:00,107.6,3.230,1.29167,3.76297,2361.93,2365.01,2097.13
2026-08-17 15:00:00,109.4,2.920,1.29167,3.40181,2363.22,2368.41,2100.22
2026-08-17 16:00:00,110.3,2.420,1.29167,2.81931,2364.51,2371.23,2102.78
2026-08-17 17:00:00,110.3,1.760,1.29167,2.05041,2365.80,2373.28,2104.64
2026-08-17 18:00:00,109.6,1.010,1.29167,1.17666,2367.09,2374.46,2105.71
2026-08-17 19:00:00,106.9,0.320,1.29167,0.37280,2368.38,2374.83,2106.05
2026-08-17 20:00:00,103.5,0.010,1.29167,0.01165,2369.68,2374.84,2106.06
2026-08-17 21:00:00,98.8,0.000,1.29167,0.00000,2370.97,2374.84,2106.06
2026-08-17 22:00:00,94.8,0.000,1.29167,0.00000,2372.26,2374.84,2106.06
2026-08-17 23:00:00,90.5,0.000,1.29167,0.00000,2373.55,2374.84,2106.06
2026-08-17 23:59:59,88.9,0.000,1.29167,0.00000,2374.84,2374.84,2106.06
2026-08-18 01:00:00,87.1,0.000,1.29167,0.00000,2376.13,2374.84,2109.55
2026-08-18 02:00:00,87.6,0.000,1.29167,0.00000,2377.43,2374.84,2109.55
2026-08-18 03:00:00,85.8,0.000,1.28333,0.00000,2378.71,2374.84,2109.55
2026-08-18 04:00:00,84.0,0.000,1.20833,0.00000,2379.92,2374.84,2109.55
2026-08-18 05:00:00,80.4,0.000,1.05833,0.00000,2380.98,2374.84,2109.55
2026-08-18 06:00:00,81.0,0.000,1.08333,0.00000,2382.06,2374.84,2109.55
2026-08-18 07:00:00,82.9,0.260,1.16250,0.30799,2383.22,2375.15,2109.79
2026-08-18 08:00:00,90.5,0.890,1.29167,1.05429,2384.51,2376.20,2110.63
2026-08-18 09:00:00,94.8,1.610,1.29167,1.90720,2385.80,2378.11,2112.14
2026-08-18 10:00:00,98.6,2.270,1.29167,2.68903,2387.10,2380.80,2114.27
2026-08-18 11:00:00,102.2,2.790,1.29167,3.30502,2388.39,2384.11,2116.89
2026-08-18 12:00:00,104.5,3.130,1.29167,3.70779,2389.68,2387.81,2119.83
2026-08-18 13:00:00,106.0,3.270,1.29167,3.87363,2390.97,2391.69,2122.90
2026-08-18 14:00:00,107.8,3.180,1.29167,3.76701,2392.26,2395.45,2125.89
2026-08-18 15:00:00,108.9,2.880,1.29167,3.41164,2393.55,2398.87,2128.59
2026-08-18 16:00:00,110.8,2.380,1.29167,2.81934,2394.85,2401.68,2130.83
2026-08-18 17:00:00,110.7,1.710,1.29167,2.02566,2396.14,2403.71,2132.44
2026-08-18 18:00:00,110.3,0.970,1.29167,1.14906,2397.43,2404.86,2133.35
2026-08-18 19:00:00,108.3,0.270,1.29167,0.31984,2398.72,2405.18,2133.60
2026-08-18 20:00:00,103.3,0.000,1.29167,0.00000,2400.01,2405.18,2133.60
2026-08-18 21:00:00,98.8,0.000,1.29167,0.00000,2401.30,2405.18,2133.60
2026-08-18 22:00:00,96.3,0.000,1.29167,0.00000,2402.60,2405.18,2133.60
2026-08-18 23:00:00,94.3,0.000,1.29167,0.00000,2403.89,2405.18,2133.60
2026-08-18 23:59:59,94.3,0.000,1.29167,0.00000,2405.18,2405.18,2133.60
2026-08-19 01:00:00,93.4,0.000,1.29167,0.00000,2406.47,2405.18,2133.60
2026-08-19 02:00:00,91.9,0.000,1.29167,0.00000,2407.76,2405.18,2133.60
2026-08-19 03:00:00,90.9,0.000,1.29167,0.00000,2409.05,2405.18,2133.60
2026-08-19 04:00:00,90.1,0.000,1.29167,0.00000,2410.35,2405.18,2133.60
2026-08-19 05:00:00,90.1,0.000,1.29167,0.00000,2411.64,2405.18,2133.60
2026-08-19 06:00:00,90.5,0.000,1.29167,0.00000,2412.93,2405.18,2133.60
2026-08-19 07:00:00,89.6,0.240,1.29167,0.28708,2414.22,2405.47,2133.83
2026-08-19 08:00:00,92.7,0.860,1.29167,1.02871,2415.51,2406.49,2134.64
2026-08-19 09:00:00,95.7,1.570,1.29167,1.87800,2416.80,2408.37,2136.13
2026-08-19 10:00:00,97.9,2.210,1.29167,2.64355,2418.10,2411.02,2138.23
2026-08-19 11:00:00,99.9,2.720,1.29167,3.25361,2419.39,2414.27,2140.81
2026-08-19 12:00:00,101.1,3.060,1.29167,3.66031,2420.68,2417.93,2143.71
2026-08-19 13:00:00,102.9,3.200,1.29167,3.82777,2421.97,2421.76,2146.74
2026-08-19 14:00:00,105.3,3.120,1.29167,3.73208,2423.26,2425.49,2149.70
2026-08-19 15:00:00,106.3,2.820,1.29167,3.37322,2424.55,2428.86,2152.38
2026-08-19 16:00:00,107.8,2.320,1.29167,2.77513,2425.85,2431.64,2154.58
2026-08-19 17:00:00,108.0,1.720,1.29167,2.05743,2427.14,2433.70,2156.21
2026-08-19 18:00:00,107.1,1.180,1.29167,1.41149,2428.43,2435.11,2157.33
2026-08-19 19:00:00,105.6,0.440,1.29167,0.52632,2429.72,2435.63,2157.74
2026-08-19 20:00:00,103.1,0.010,1.29167,0.01196,2431.01,2435.65,2157.75
2026-08-19 21:00:00,100.6,0.000,1.29167,0.00000,2432.30,2435.65,2157.75
2026-08-19 22:00:00,94.3,0.000,1.29167,0.00000,2433.60,2435.65,2157.75
2026-08-19 23:00:00,78.1,0.000,0.96250,0.00000,2434.56,2435.65,2157.75
2026-08-19 23:59:59,81.1,0.000,1.08750,0.00000,2435.65,2435.65,2157.75
2026-08-20 01:00:00,79.2,0.000,1.00833,0.00000,2436.65,2435.65,2157.75
2026-08-20 01:00:00,79.2,0.000,1.00833,0.00000,2437.66,2435.65,2157.75
2026-08-20 02:00:00,79.9,0.000,1.03750,0.00000,2438.70,2435.65,2157.75
2026-08-20 02:00:00,79.9,0.000,1.03750,0.00000,2439.74,2435.65,2157.75
2026-08-20 03:00:00,78.6,0.000,0.98333,0.00000,2440.72,2435.65,2157.75
2026-08-20 03:00:00,78.6,0.000,0.98333,0.00000,2441.70,2435.65,2157.75
2026-08-20 04:00:00,78.3,0.000,0.97083,0.00000,2442.68,2435.65,2157.75
2026-08-20 04:00:00,78.3,0.000,0.97083,0.00000,2443.65,2435.65,2157.75
2026-08-20 05:00:00,77.9,0.000,0.95417,0.00000,2444.60,2435.65,2157.75
2026-08-20 05:00:00,77.9,0.000,0.95417,0.00000,2445.55,2435.65,2157.75
2026-08-20 06:00:00,77.5,0.000,0.93750,0.00000,2446.49,2435.65,2157.75
2026-08-20 06:00:00,77.5,0.000,0.93750,0.00000,2447.43,2435.65,2157.75
2026-08-20 07:00:00,78.4,0.350,0.97500,0.38496,2448.40,2436.03,2158.06
2026-08-20 07:00:00,78.4,0.350,0.97500,0.38496,2449.38,2436.42,2158.36
2026-08-20 08:00:00,83.1,1.020,1.17083,1.12189,2450.55,2437.54,2159.25
2026-08-20 08:00:00,83.1,1.020,1.17083,1.12189,2451.72,2438.66,2160.14
2026-08-20 09:00:00,86.0,1.580,1.29167,1.73783,2453.01,2440.40,2161.52
2026-08-20 09:00:00,86.0,1.580,1.29167,1.73783,2454.30,2442.14,2162.90
2026-08-20 10:00:00,88.7,2.260,1.29167,2.48576,2455.60,2444.62,2164.87
2026-08-20 10:00:00,88.7,2.260,1.29167,2.48576,2456.89,2447.11,2166.84
2026-08-20 11:00:00,91.4,2.610,1.29167,2.87073,2458.18,2449.98,2169.11
2026-08-20 11:00:00,91.4,2.610,1.29167,2.87073,2459.47,2452.85,2171.39
2026-08-20 12:00:00,94.6,3.140,1.29167,3.45367,2460.76,2456.30,2174.13
2026-08-20 12:00:00,94.6,3.140,1.29167,3.45367,2462.05,2459.76,2176.86
2026-08-20 13:00:00,96.8,3.350,1.29167,3.68465,2463.35,2463.44,2179.79
2026-08-20 13:00:00,96.8,3.350,1.29167,3.68465,2464.64,2467.12,2182.71
2026-08-20 14:00:00,99.3,3.160,1.29167,3.47567,2465.93,2470.60,2185.46
2026-08-20 14:00:00,99.3,3.160,1.29167,3.47567,2467.22,2474.08,2188.22
2026-08-20 15:00:00,100.9,2.770,1.29167,3.04671,2468.51,2477.12,2190.63
2026-08-20 15:00:00,100.9,2.770,1.29167,3.04671,2469.80,2480.17,2193.05
2026-08-20 16:00:00,103.1,2.250,1.29167,2.47476,2471.10,2482.64,2195.01
2026-08-20 16:00:00,103.1,2.250,1.29167,2.47476,2472.39,2485.12,2196.97
2026-08-20 17:00:00,103.6,1.710,1.29167,1.88082,2473.68,2487.00,2198.46
2026-08-20 17:00:00,103.6,1.710,1.29167,1.88082,2474.97,2488.88,2199.95
2026-08-20 18:00:00,102.7,0.980,1.29167,1.07790,2476.26,2489.96,2200.81
2026-08-20 18:00:00,102.7,0.980,1.29167,1.07790,2477.55,2491.04,2201.66
2026-08-20 19:00:00,100.6,0.320,1.29167,0.35197,2478.85,2491.39,2201.94
2026-08-20 19:00:00,100.6,0.320,1.29167,0.35197,2480.14,2491.74,2202.22
2026-08-20 20:00:00,97.3,0.010,1.29167,0.01100,2481.43,2491.75,2202.23
2026-08-20 20:00:00,97.3,0.010,1.29167,0.01100,2482.72,2491.76,2202.24
2026-08-20 21:00:00,95.2,0.000,1.29167,0.00000,2484.01,2491.76,2202.24
2026-08-20 21:00:00,95.2,0.000,1.29167,0.00000,2485.30,2491.76,2202.24
2026-08-20 22:00:00,93.2,0.000,1.29167,0.00000,2486.60,2491.76,2202.24
2026-08-20 22:00:00,93.2,0.000,1.29167,0.00000,2487.89,2491.76,2202.24
2026-08-20 23:00:00,92.3,0.000,1.29167,0.00000,2489.18,2491.76,2202.24
2026-08-20 23:00:00,92.3,0.000,1.29167,0.00000,2490.47,2491.76,2202.24
2026-08-20 23:59:59,91.4,0.000,1.29167,0.00000,2491.76,2491.76,2202.24
2026-08-21 01:00:00,87.8,0.000,1.29167,0.00000,2493.05,2491.76,2202.24
2026-08-21 02:00:00,85.6,0.000,1.27500,0.00000,2494.33,2491.76,2202.24
2026-08-21 03:00:00,83.7,0.000,1.19583,0.00000,2495.53,2491.76,2202.24
2026-08-21 04:00:00,82.6,0.000,1.15000,0.00000,2496.68,2491.76,2202.24
2026-08-21 05:00:00,82.4,0.000,1.14167,0.00000,2497.82,2491.76,2202.24
2026-08-21 06:00:00,81.5,0.000,1.10417,0.00000,2498.92,2491.76,2202.24
2026-08-21 07:00:00,82.2,0.240,1.13333,0.29512,2500.05,2492.06,2202.47
2026-08-21 08:00:00,88.0,0.850,1.29167,1.04522,2501.35,2493.10,2203.30
2026-08-21 09:00:00,93.9,1.590,1.29167,1.95518,2502.64,2495.06,2204.85
2026-08-21 10:00:00,98.8,2.250,1.29167,2.76677,2503.93,2497.82,2207.04
2026-08-21 11:00:00,100.2,2.760,1.29167,3.39390,2505.22,2501.22,2209.73
2026-08-21 12:00:00,102.0,3.100,1.29167,3.81199,2506.51,2505.03,2212.76
2026-08-21 13:00:00,104.7,3.240,1.29167,3.98415,2507.80,2509.01,2215.91
2026-08-21 14:00:00,106.9,3.160,1.29167,3.88577,2509.10,2512.90,2219.00
2026-08-21 15:00:00,108.7,2.860,1.29167,3.51687,2510.39,2516.42,2221.78
2026-08-21 16:00:00,109.4,2.450,1.29167,3.01270,2511.68,2519.43,2224.17
2026-08-21 17:00:00,109.0,1.520,1.29167,1.86911,2512.97,2521.30,2225.65
2026-08-21 18:00:00,106.7,0.450,1.29167,0.55335,2514.26,2521.85,2226.09
2026-08-21 19:00:00,104.7,0.130,1.29167,0.15986,2515.55,2522.01,2226.22
2026-08-21 20:00:00,99.9,0.000,1.29167,0.00000,2516.85,2522.01,2226.22
2026-08-21 21:00:00,98.1,0.000,1.29167,0.00000,2518.14,2522.01,2226.22
2026-08-21 22:00:00,95.9,0.000,1.29167,0.00000,2519.43,2522.01,2226.22
2026-08-21 23:00:00,92.3,0.000,1.29167,0.00000,2520.72,2522.01,2226.22
2026-08-21 23:59:59,90.1,0.000,1.29167,0.00000,2522.01,2522.01,2226.22
2026-08-22 01:00:00,91.4,0.000,1.29167,0.00000,2523.30,2522.01,2226.22
2026-08-22 02:00:00,90.0,0.000,1.29167,0.00000,2524.60,2522.01,2226.22
2026-08-22 03:00:00,86.5,0.000,1.29167,0.00000,2525.89,2522.01,2226.22
2026-08-22 04:00:00,81.7,0.000,1.11250,0.00000,2527.00,2522.01,2226.22
2026-08-22 05:00:00,81.5,0.000,1.10417,0.00000,2528.10,2522.01,2226.22
2026-08-22 06:00:00,82.8,0.000,1.15833,0.00000,2529.26,2522.01,2226.22
2026-08-22 07:00:00,80.8,0.190,1.07500,0.23475,2530.34,2522.25,2226.40
2026-08-22 08:00:00,86.4,0.880,1.29167,1.08728,2531.63,2523.33,2227.27
2026-08-22 09:00:00,91.6,1.600,1.29167,1.97688,2532.92,2525.31,2228.83
2026-08-22 10:00:00,96.4,2.240,1.29167,2.76763,2534.21,2528.08,2231.03
2026-08-22 11:00:00,100.9,2.770,1.29167,3.42247,2535.50,2531.50,2233.74
2026-08-22 12:00:00,103.1,3.100,1.29167,3.83021,2536.80,2535.33,2236.78
2026-08-22 13:00:00,106.3,3.250,1.29167,4.01554,2538.09,2539.35,2239.96
2026-08-22 14:00:00,108.9,3.160,1.29167,3.90434,2539.38,2543.25,2243.06
2026-08-22 15:00:00,110.7,2.850,1.29167,3.52132,2540.67,2546.77,2245.85
2026-08-22 16:00:00,111.9,2.340,1.29167,2.89119,2541.96,2549.66,2248.14
2026-08-22 17:00:00,111.7,1.700,1.29167,2.10044,2543.25,2551.76,2249.80
2026-08-22 18:00:00,108.5,0.290,1.29167,0.35831,2544.55,2552.12,2250.09
2026-08-22 19:00:00,105.4,0.130,1.29167,0.16062,2545.84,2552.28,2250.22
2026-08-22 20:00:00,102.2,0.010,1.29167,0.01236,2547.13,2552.30,2250.23
2026-08-22 21:00:00,99.1,0.000,1.29167,0.00000,2548.42,2552.30,2250.23
2026-08-22 22:00:00,97.2,0.000,1.29167,0.00000,2549.71,2552.30,2250.23
2026-08-22 23:00:00,99.0,0.000,1.29167,0.00000,2551.00,2552.30,2250.23
2026-08-22 23:59:59,95.9,0.000,1.29167,0.00000,2552.30,2552.30,2250.23
2026-08-23 01:00:00,93.0,0.000,1.29167,0.00000,2553.59,2552.30,2250.23
2026-08-23 02:00:00,91.4,0.000,1.29167,0.00000,2554.88,2552.30,2250.23
2026-08-23 03:00:00,86.7,0.000,1.29167,0.00000,2556.17,2552.30,2250.23
2026-08-23 04:00:00,84.2,0.000,1.21667,0.00000,2557.39,2552.30,2250.23
2026-08-23 05:00:00,81.3,0.000,1.09583,0.00000,2558.48,2552.30,2250.23
2026-08-23 06:00:00,81.9,0.000,1.12083,0.00000,2559.60,2552.30,2250.23
2026-08-23 07:00:00,82.9,0.070,1.16250,0.09426,2560.77,2552.39,2250.30
2026-08-23 08:00:00,84.4,0.370,1.22500,0.49825,2561.99,2552.89,2250.70
2026-08-23 09:00:00,89.2,0.830,1.29167,1.11769,2563.28,2554.01,2251.58
2026-08-23 10:00:00,97.3,2.050,1.29167,2.76057,2564.57,2556.77,2253.77
2026-08-23 11:00:00,102.6,2.790,1.29167,3.75707,2565.87,2560.52,2256.75
2026-08-23 12:00:00,105.3,3.120,1.29167,4.20145,2567.16,2564.73,2260.08
2026-08-23 13:00:00,106.9,3.270,1.29167,4.40344,2568.45,2569.13,2263.57
2026-08-23 14:00:00,108.7,3.150,1.29167,4.24185,2569.74,2573.37,2266.93
2026-08-23 15:00:00,108.7,2.750,1.29167,3.70320,2571.03,2577.07,2269.87
2026-08-23 16:00:00,106.9,1.730,1.29167,2.32965,2572.32,2579.40,2271.71
2026-08-23 17:00:00,106.0,0.840,1.29167,1.13116,2573.62,2580.53,2272.61
2026-08-23 18:00:00,106.9,0.890,1.29167,1.19849,2574.91,2581.73,2273.56
2026-08-23 19:00:00,103.8,0.220,1.29167,0.29626,2576.20,2582.03,2273.80
2026-08-23 20:00:00,101.5,0.000,1.29167,0.00000,2577.49,2582.03,2273.80
2026-08-23 21:00:00,93.4,0.000,1.29167,0.00000,2578.78,2582.03,2273.80
2026-08-23 22:00:00,79.3,0.000,1.01250,0.00000,2579.80,2582.03,2273.80
2026-08-23 23:00:00,82.6,0.000,1.15000,0.00000,2580.95,2582.03,2273.80
2026-08-23 23:59:59,81.0,0.000,1.08333,0.00000,2582.03,2582.03,2273.80
2026-08-24 01:00:00,86.4,0.000,1.29167,0.00000,2583.32,2582.03,2273.80
2026-08-24 02:00:00,85.8,0.000,1.28333,0.00000,2584.60,2582.03,2273.80
2026-08-24 03:00:00,82.8,0.000,1.15833,0.00000,2585.76,2582.03,2273.80
2026-08-24 04:00:00,81.0,0.000,1.08333,0.00000,2586.85,2582.03,2273.80
2026-08-24 05:00:00,79.3,0.000,1.01250,0.00000,2587.86,2582.03,2273.80
2026-08-24 06:00:00,79.3,0.000,1.01250,0.00000,2588.87,2582.03,2273.80
2026-08-24 07:00:00,78.4,0.140,0.97500,0.17822,2589.85,2582.21,2273.94
2026-08-24 08:00:00,79.3,0.410,1.01250,0.52193,2590.86,2582.73,2274.35
2026-08-24 09:00:00,82.2,1.320,1.13333,1.68036,2591.99,2584.41,2275.68
2026-08-24 10:00:00,85.8,1.610,1.28333,2.04953,2593.27,2586.46,2277.31
2026-08-24 11:00:00,90.9,2.780,1.29167,3.53893,2594.57,2590.00,2280.11
2026-08-24 12:00:00,94.3,2.800,1.29167,3.56439,2595.86,2593.56,2282.94
2026-08-24 13:00:00,97.5,2.960,1.29167,3.76807,2597.15,2597.33,2285.93
2026-08-24 14:00:00,99.5,2.990,1.29167,3.80626,2598.44,2601.14,2288.94
2026-08-24 15:00:00,102.2,2.930,1.29167,3.72988,2599.73,2604.87,2291.90
2026-08-24 16:00:00,104.0,2.310,1.29167,2.94062,2601.02,2607.81,2294.23
2026-08-24 17:00:00,103.5,1.630,1.29167,2.07499,2602.32,2609.88,2295.88
2026-08-24 18:00:00,103.3,0.900,1.29167,1.14570,2603.61,2611.03,2296.78
2026-08-24 19:00:00,99.9,0.230,1.29167,0.29279,2604.90,2611.32,2297.02
2026-08-24 20:00:00,94.5,0.000,1.29167,0.00000,2606.19,2611.32,2297.02
2026-08-24 21:00:00,93.2,0.000,1.29167,0.00000,2607.48,2611.32,2297.02
2026-08-24 22:00:00,88.5,0.000,1.29167,0.00000,2608.77,2611.32,2297.02
2026-08-24 23:00:00,86.9,0.000,1.29167,0.00000,2610.07,2611.32,2297.02
2026-08-24 23:59:59,85.1,0.000,1.25417,0.00000,2611.32,2611.32,2297.02
2026-08-25 01:00:00,84.0,0.000,1.20833,0.00000,2612.53,2611.32,2297.02
2026-08-25 02:00:00,82.9,0.000,1.16250,0.00000,2613.69,2611.32,2297.02
2026-08-25 03:00:00,81.9,0.000,1.12083,0.00000,2614.81,2611.32,2297.02
2026-08-25 04:00:00,81.1,0.000,1.08750,0.00000,2615.90,2611.32,2297.02
2026-08-25 05:00:00,79.7,0.000,1.02917,0.00000,2616.93,2611.32,2297.02
2026-08-25 06:00:00,78.4,0.000,0.97500,0.00000,2617.90,2611.32,2297.02
2026-08-25 07:00:00,78.6,0.200,0.98333,0.23444,2618.89,2611.56,2297.20
2026-08-25 08:00:00,83.8,0.830,1.20000,0.97291,2620.09,2612.53,2297.97
2026-08-25 09:00:00,90.3,1.560,1.29167,1.82859,2621.38,2614.36,2299.42
2026-08-25 10:00:00,95.0,2.230,1.29167,2.61395,2622.67,2616.97,2301.50
2026-08-25 11:00:00,99.9,2.760,1.29167,3.23521,2623.96,2620.21,2304.06
2026-08-25 12:00:00,103.6,3.110,1.29167,3.64547,2625.25,2623.85,2306.95
2026-08-25 13:00:00,105.1,3.240,1.29167,3.79785,2626.55,2627.65,2309.96
2026-08-25 14:00:00,108.5,3.150,1.29167,3.69235,2627.84,2631.34,2312.89
2026-08-25 15:00:00,109.8,2.830,1.29167,3.31726,2629.13,2634.66,2315.52
2026-08-25 16:00:00,111.2,2.320,1.29167,2.71945,2630.42,2637.38,2317.67
2026-08-25 17:00:00,111.4,1.650,1.29167,1.93409,2631.71,2639.31,2319.21
2026-08-25 18:00:00,109.0,0.990,1.29167,1.16045,2633.00,2640.47,2320.13
2026-08-25 19:00:00,103.6,0.240,1.29167,0.28132,2634.30,2640.75,2320.35
2026-08-25 20:00:00,98.6,0.000,1.29167,0.00000,2635.59,2640.75,2320.35
2026-08-25 21:00:00,95.0,0.000,1.29167,0.00000,2636.88,2640.75,2320.35
2026-08-25 22:00:00,93.9,0.000,1.29167,0.00000,2638.17,2640.75,2320.35
2026-08-25 23:00:00,91.0,0.000,1.29167,0.00000,2639.46,2640.75,2320.35
2026-08-25 23:59:59,89.1,0.000,1.29167,0.00000,2640.75,2640.75,2320.35
2026-08-26 01:00:00,86.9,0.000,1.29167,0.00000,2642.05,2640.75,2320.35
2026-08-26 02:00:00,86.4,0.000,1.29167,0.00000,2643.34,2640.75,2320.35
2026-08-26 03:00:00,84.7,0.000,1.23750,0.00000,2644.57,2640.75,2320.35
2026-08-26 04:00:00,82.8,0.000,1.15833,0.00000,2645.73,2640.75,2320.35
2026-08-26 05:00:00,81.3,0.000,1.09583,0.00000,2646.83,2640.75,2320.35
2026-08-26 06:00:00,80.1,0.000,1.04583,0.00000,2647.87,2640.75,2320.35
2026-08-26 07:00:00,81.1,0.220,1.08750,0.26929,2648.96,2641.02,2320.56
2026-08-26 08:00:00,87.4,0.860,1.29167,1.05267,2650.25,2642.08,2321.40
2026-08-26 09:00:00,93.6,1.610,1.29167,1.97070,2651.55,2644.05,2322.96
2026-08-26 10:00:00,98.2,2.260,1.29167,2.76632,2652.84,2646.81,2325.15
2026-08-26 11:00:00,101.7,2.490,1.29167,3.04785,2654.13,2649.86,2327.57
2026-08-26 12:00:00,106.0,3.070,1.29167,3.75779,2655.42,2653.62,2330.55
2026-08-26 13:00:00,109.6,3.370,1.29167,4.12500,2656.71,2657.74,2333.82
2026-08-26 14:00:00,110.1,2.940,1.29167,3.59866,2658.00,2661.34,2336.67
2026-08-26 15:00:00,109.4,2.100,1.29167,2.57047,2659.30,2663.91,2338.71
2026-08-26 16:00:00,110.1,2.410,1.29167,2.94993,2660.59,2666.86,2341.05
2026-08-26 17:00:00,109.2,1.430,1.29167,1.75037,2661.88,2668.61,2342.44
2026-08-26 18:00:00,108.0,0.700,1.29167,0.85682,2663.17,2669.47,2343.11
2026-08-26 19:00:00,106.0,0.130,1.29167,0.15912,2664.46,2669.63,2343.24
2026-08-26 20:00:00,102.6,0.000,1.29167,0.00000,2665.75,2669.63,2343.24
2026-08-26 21:00:00,95.5,0.000,1.29167,0.00000,2667.05,2669.63,2343.24
2026-08-26 22:00:00,98.4,0.000,1.29167,0.00000,2668.34,2669.63,2343.24
2026-08-26 23:00:00,96.3,0.000,1.29167,0.00000,2669.63,2669.63,2343.24
