week,date,plant_id,range,genotype,organ,rank,tiller,variable,value,flag,unit,days_after_planting,gdd_cumulative_F_8655
1,2026-07-09,74-1,74,B,internode,1.0,,collar_height_cumulative_cm,6.0,,cm,38,980.3
1,2026-07-09,74-1,74,B,internode,1.0,,dia_sheath_mm,16.85,,mm,38,980.3
1,2026-07-09,74-1,74,B,internode,1.0,,dia_perp_mm,11.71,,mm,38,980.3
1,2026-07-09,74-1,74,B,internode,2.0,,collar_height_cumulative_cm,9.0,,cm,38,980.3
1,2026-07-09,74-1,74,B,internode,2.0,,dia_sheath_mm,15.07,,mm,38,980.3
1,2026-07-09,74-1,74,B,internode,2.0,,dia_perp_mm,12.33,,mm,38,980.3
1,2026-07-09,74-1,74,B,internode,3.0,,collar_height_cumulative_cm,14.0,,cm,38,980.3
1,2026-07-09,74-1,74,B,internode,3.0,,dia_sheath_mm,15.22,,mm,38,980.3
1,2026-07-09,74-1,74,B,internode,3.0,,dia_perp_mm,11.05,,mm,38,980.3
1,2026-07-09,74-1,74,B,internode,4.0,,collar_height_cumulative_cm,19.0,,cm,38,980.3
1,2026-07-09,74-1,74,B,internode,4.0,,dia_sheath_mm,14.75,,mm,38,980.3
1,2026-07-09,74-1,74,B,internode,4.0,,dia_perp_mm,10.27,,mm,38,980.3
1,2026-07-09,74-1,74,B,internode,5.0,,collar_height_cumulative_cm,19.0,,cm,38,980.3
1,2026-07-09,74-1,74,B,internode,5.0,,dia_sheath_mm,10.37,,mm,38,980.3
1,2026-07-09,74-1,74,B,internode,5.0,,dia_perp_mm,7.0,,mm,38,980.3
1,2026-07-09,74-1,74,B,internode,6.0,,collar_height_cumulative_cm,24.0,,cm,38,980.3
1,2026-07-09,74-1,74,B,internode,6.0,,dia_sheath_mm,6.0,tube_6mm_approx,mm,38,980.3
1,2026-07-09,74-1,74,B,internode,6.0,,dia_perp_mm,6.0,tube_6mm_approx,mm,38,980.3
1,2026-07-09,74-2,74,B,internode,1.0,,collar_height_cumulative_cm,6.0,,cm,38,980.3
1,2026-07-09,74-2,74,B,internode,1.0,,dia_sheath_mm,19.86,,mm,38,980.3
1,2026-07-09,74-2,74,B,internode,1.0,,dia_perp_mm,15.45,,mm,38,980.3
1,2026-07-09,74-2,74,B,internode,2.0,,collar_height_cumulative_cm,8.0,,cm,38,980.3
1,2026-07-09,74-2,74,B,internode,2.0,,dia_sheath_mm,19.34,,mm,38,980.3
1,2026-07-09,74-2,74,B,internode,2.0,,dia_perp_mm,13.8,,mm,38,980.3
1,2026-07-09,74-2,74,B,internode,3.0,,collar_height_cumulative_cm,12.0,,cm,38,980.3
1,2026-07-09,74-2,74,B,internode,3.0,,dia_sheath_mm,16.59,,mm,38,980.3
1,2026-07-09,74-2,74,B,internode,3.0,,dia_perp_mm,12.98,,mm,38,980.3
1,2026-07-09,74-2,74,B,internode,4.0,,collar_height_cumulative_cm,15.0,,cm,38,980.3
1,2026-07-09,74-2,74,B,internode,4.0,,dia_sheath_mm,14.63,,mm,38,980.3
1,2026-07-09,74-2,74,B,internode,4.0,,dia_perp_mm,11.82,,mm,38,980.3
1,2026-07-09,74-2,74,B,internode,5.0,,collar_height_cumulative_cm,19.0,,cm,38,980.3
1,2026-07-09,74-2,74,B,internode,5.0,,dia_perp_mm,15.76,,mm,38,980.3
1,2026-07-09,74-2,74,B,internode,6.0,,collar_height_cumulative_cm,20.0,,cm,38,980.3
1,2026-07-09,74-2,74,B,internode,7.0,,collar_height_cumulative_cm,21.0,,cm,38,980.3
1,2026-07-09,74-3,74,B,internode,1.0,,collar_height_cumulative_cm,7.0,,cm,38,980.3
1,2026-07-09,74-3,74,B,internode,1.0,,dia_sheath_mm,19.44,,mm,38,980.3
1,2026-07-09,74-3,74,B,internode,1.0,,dia_perp_mm,14.34,,mm,38,980.3
1,2026-07-09,74-3,74,B,internode,2.0,,collar_height_cumulative_cm,8.0,,cm,38,980.3
1,2026-07-09,74-3,74,B,internode,2.0,,dia_sheath_mm,18.68,,mm,38,980.3
1,2026-07-09,74-3,74,B,internode,2.0,,dia_perp_mm,14.5,,mm,38,980.3
1,2026-07-09,74-3,74,B,internode,3.0,,collar_height_cumulative_cm,12.0,,cm,38,980.3
1,2026-07-09,74-3,74,B,internode,3.0,,dia_sheath_mm,15.98,,mm,38,980.3
1,2026-07-09,74-3,74,B,internode,3.0,,dia_perp_mm,11.15,,mm,38,980.3
1,2026-07-09,74-3,74,B,internode,4.0,,collar_height_cumulative_cm,16.0,,cm,38,980.3
1,2026-07-09,74-3,74,B,internode,4.0,,dia_sheath_mm,15.64,,mm,38,980.3
1,2026-07-09,74-3,74,B,internode,4.0,,dia_perp_mm,12.86,,mm,38,980.3
1,2026-07-09,74-3,74,B,internode,5.0,,collar_height_cumulative_cm,18.0,,cm,38,980.3
1,2026-07-09,74-3,74,B,internode,5.0,,dia_sheath_mm,14.77,,mm,38,980.3
1,2026-07-09,74-3,74,B,internode,5.0,,dia_perp_mm,11.74,,mm,38,980.3
1,2026-07-09,74-3,74,B,internode,6.0,,collar_height_cumulative_cm,19.0,,cm,38,980.3
1,2026-07-09,74-3,74,B,internode,6.0,,dia_sheath_mm,17.95,wide_approx,mm,38,980.3
1,2026-07-09,74-4,74,B,internode,1.0,,collar_height_cumulative_cm,6.0,,cm,38,980.3
1,2026-07-09,74-4,74,B,internode,1.0,,dia_sheath_mm,17.08,,mm,38,980.3
1,2026-07-09,74-4,74,B,internode,1.0,,dia_perp_mm,11.01,,mm,38,980.3
1,2026-07-09,74-4,74,B,internode,2.0,,collar_height_cumulative_cm,9.0,,cm,38,980.3
1,2026-07-09,74-4,74,B,internode,2.0,,dia_sheath_mm,14.98,,mm,38,980.3
1,2026-07-09,74-4,74,B,internode,2.0,,dia_perp_mm,11.18,,mm,38,980.3
1,2026-07-09,74-4,74,B,internode,3.0,,collar_height_cumulative_cm,13.0,,cm,38,980.3
1,2026-07-09,74-4,74,B,internode,3.0,,dia_sheath_mm,14.5,,mm,38,980.3
1,2026-07-09,74-4,74,B,internode,3.0,,dia_perp_mm,11.17,,mm,38,980.3
1,2026-07-09,74-4,74,B,internode,4.0,,collar_height_cumulative_cm,17.0,,cm,38,980.3
1,2026-07-09,74-4,74,B,internode,4.0,,dia_sheath_mm,13.99,,mm,38,980.3
1,2026-07-09,74-4,74,B,internode,4.0,,dia_perp_mm,10.41,,mm,38,980.3
1,2026-07-09,74-4,74,B,internode,5.0,,collar_height_cumulative_cm,18.0,,cm,38,980.3
1,2026-07-09,74-4,74,B,internode,5.0,,dia_sheath_mm,12.5,wide_cylinder_approx,mm,38,980.3
1,2026-07-09,74-4,74,B,internode,5.0,,dia_perp_mm,12.5,wide_approx,mm,38,980.3
1,2026-07-09,74-5,74,B,internode,1.0,,collar_height_cumulative_cm,7.5,,cm,38,980.3
1,2026-07-09,74-5,74,B,internode,1.0,,dia_sheath_mm,23.93,,mm,38,980.3
1,2026-07-09,74-5,74,B,internode,1.0,,dia_perp_mm,18.2,,mm,38,980.3
1,2026-07-09,74-5,74,B,internode,2.0,,collar_height_cumulative_cm,10.5,,cm,38,980.3
1,2026-07-09,74-5,74,B,internode,2.0,,dia_sheath_mm,21.16,,mm,38,980.3
1,2026-07-09,74-5,74,B,internode,2.0,,dia_perp_mm,15.92,,mm,38,980.3
1,2026-07-09,74-5,74,B,internode,3.0,,collar_height_cumulative_cm,12.5,,cm,38,980.3
1,2026-07-09,74-5,74,B,internode,3.0,,dia_sheath_mm,20.12,,mm,38,980.3
1,2026-07-09,74-5,74,B,internode,3.0,,dia_perp_mm,14.32,,mm,38,980.3
1,2026-07-09,74-5,74,B,internode,4.0,,collar_height_cumulative_cm,17.0,,cm,38,980.3
1,2026-07-09,74-5,74,B,internode,4.0,,dia_sheath_mm,18.67,,mm,38,980.3
1,2026-07-09,74-5,74,B,internode,4.0,,dia_perp_mm,12.66,,mm,38,980.3
1,2026-07-09,74-5,74,B,internode,5.0,,collar_height_cumulative_cm,19.5,,cm,38,980.3
1,2026-07-09,74-5,74,B,internode,5.0,,dia_sheath_mm,16.81,,mm,38,980.3
1,2026-07-09,74-5,74,B,internode,5.0,,dia_perp_mm,12.32,,mm,38,980.3
1,2026-07-09,74-5,74,B,internode,6.0,,collar_height_cumulative_cm,20.5,,cm,38,980.3
1,2026-07-09,74-5,74,B,internode,6.0,,dia_sheath_mm,18.52,,mm,38,980.3
1,2026-07-09,74-1,74,B,leaf,1.0,,length_cm,22.0,,cm,38,980.3
1,2026-07-09,74-1,74,B,leaf,1.0,,width_cm,14.0,,cm,38,980.3
1,2026-07-09,74-1,74,B,leaf,2.0,,length_cm,25.0,,cm,38,980.3
1,2026-07-09,74-1,74,B,leaf,2.0,,width_cm,20.54,,cm,38,980.3
1,2026-07-09,74-1,74,B,leaf,3.0,,length_cm,33.5,,cm,38,980.3
1,2026-07-09,74-1,74,B,leaf,3.0,,width_cm,2.68,,cm,38,980.3
1,2026-07-09,74-1,74,B,leaf,4.0,,length_cm,40.5,,cm,38,980.3
1,2026-07-09,74-1,74,B,leaf,4.0,,width_cm,2.998,,cm,38,980.3
1,2026-07-09,74-1,74,B,leaf,5.0,,length_cm,50.0,,cm,38,980.3
1,2026-07-09,74-1,74,B,leaf,5.0,,width_cm,4.284000000000001,,cm,38,980.3
1,2026-07-09,74-1,74,B,leaf,6.0,,length_cm,45.0,,cm,38,980.3
1,2026-07-09,74-1,74,B,leaf,6.0,,width_cm,4.661,,cm,38,980.3
1,2026-07-09,74-1,74,B,leaf,7.0,,length_cm,31.0,,cm,38,980.3
1,2026-07-09,74-1,74,B,leaf,7.0,,width_cm,4.4350000000000005,,cm,38,980.3
1,2026-07-09,74-1,74,B,leaf,8.0,,length_cm,17.0,,cm,38,980.3
1,2026-07-09,74-2,74,B,leaf,1.0,,length_cm,20.0,,cm,38,980.3
1,2026-07-09,74-2,74,B,leaf,1.0,,width_cm,15.63,,cm,38,980.3
1,2026-07-09,74-2,74,B,leaf,2.0,,length_cm,25.0,,cm,38,980.3
1,2026-07-09,74-2,74,B,leaf,2.0,,width_cm,21.52,,cm,38,980.3
1,2026-07-09,74-2,74,B,leaf,3.0,,length_cm,32.0,,cm,38,980.3
1,2026-07-09,74-2,74,B,leaf,3.0,,width_cm,3.2159999999999997,,cm,38,980.3
1,2026-07-09,74-2,74,B,leaf,4.0,,length_cm,37.5,,cm,38,980.3
1,2026-07-09,74-2,74,B,leaf,4.0,,width_cm,3.601,,cm,38,980.3
1,2026-07-09,74-2,74,B,leaf,5.0,,length_cm,45.0,,cm,38,980.3
1,2026-07-09,74-2,74,B,leaf,5.0,,width_cm,4.801,,cm,38,980.3
1,2026-07-09,74-2,74,B,leaf,6.0,,length_cm,48.0,,cm,38,980.3
1,2026-07-09,74-2,74,B,leaf,6.0,,width_cm,5.0649999999999995,,cm,38,980.3
1,2026-07-09,74-2,74,B,leaf,7.0,,length_cm,42.0,,cm,38,980.3
1,2026-07-09,74-2,74,B,leaf,7.0,,width_cm,5.189,,cm,38,980.3
1,2026-07-09,74-2,74,B,leaf,8.0,,length_cm,29.0,,cm,38,980.3
1,2026-07-09,74-2,74,B,leaf,8.0,,width_cm,4.103,,cm,38,980.3
1,2026-07-09,74-2,74,B,leaf,9.0,,length_cm,16.0,,cm,38,980.3
1,2026-07-09,74-3,74,B,leaf,1.0,,length_cm,17.0,,cm,38,980.3
1,2026-07-09,74-3,74,B,leaf,1.0,,width_cm,12.5,,cm,38,980.3
1,2026-07-09,74-3,74,B,leaf,2.0,,length_cm,24.5,,cm,38,980.3
1,2026-07-09,74-3,74,B,leaf,2.0,,width_cm,19.5,,cm,38,980.3
1,2026-07-09,74-3,74,B,leaf,3.0,,length_cm,28.5,,cm,38,980.3
1,2026-07-09,74-3,74,B,leaf,3.0,,width_cm,22.5,,cm,38,980.3
1,2026-07-09,74-3,74,B,leaf,4.0,,length_cm,34.5,,cm,38,980.3
1,2026-07-09,74-3,74,B,leaf,4.0,,width_cm,3.2700000000000005,,cm,38,980.3
1,2026-07-09,74-3,74,B,leaf,5.0,,length_cm,44.0,,cm,38,980.3
1,2026-07-09,74-3,74,B,leaf,5.0,,width_cm,3.5200000000000005,,cm,38,980.3
1,2026-07-09,74-3,74,B,leaf,6.0,,length_cm,47.0,,cm,38,980.3
1,2026-07-09,74-3,74,B,leaf,6.0,,width_cm,4.0,,cm,38,980.3
1,2026-07-09,74-3,74,B,leaf,7.0,,width_cm,5.34,,cm,38,980.3
1,2026-07-09,74-4,74,B,leaf,1.0,,length_cm,21.5,,cm,38,980.3
1,2026-07-09,74-4,74,B,leaf,1.0,,width_cm,14.0,,cm,38,980.3
1,2026-07-09,74-4,74,B,leaf,2.0,,length_cm,28.0,,cm,38,980.3
1,2026-07-09,74-4,74,B,leaf,2.0,,width_cm,14.0,,cm,38,980.3
1,2026-07-09,74-4,74,B,leaf,3.0,,length_cm,31.5,,cm,38,980.3
1,2026-07-09,74-4,74,B,leaf,3.0,,width_cm,3.1,,cm,38,980.3
1,2026-07-09,74-4,74,B,leaf,4.0,,length_cm,38.0,,cm,38,980.3
1,2026-07-09,74-4,74,B,leaf,4.0,,width_cm,3.46,,cm,38,980.3
1,2026-07-09,74-4,74,B,leaf,5.0,,length_cm,47.0,,cm,38,980.3
1,2026-07-09,74-4,74,B,leaf,5.0,,width_cm,3.9,,cm,38,980.3
1,2026-07-09,74-4,74,B,leaf,6.0,,length_cm,46.0,,cm,38,980.3
1,2026-07-09,74-4,74,B,leaf,6.0,,width_cm,5.4399999999999995,,cm,38,980.3
1,2026-07-09,74-5,74,B,leaf,1.0,,length_cm,19.1,,cm,38,980.3
1,2026-07-09,74-5,74,B,leaf,1.0,,width_cm,12.8,,cm,38,980.3
1,2026-07-09,74-5,74,B,leaf,2.0,,length_cm,25.0,,cm,38,980.3
1,2026-07-09,74-5,74,B,leaf,2.0,,width_cm,18.5,,cm,38,980.3
1,2026-07-09,74-5,74,B,leaf,3.0,,length_cm,31.5,,cm,38,980.3
1,2026-07-09,74-5,74,B,leaf,3.0,,width_cm,24.2,,cm,38,980.3
1,2026-07-09,74-5,74,B,leaf,4.0,,length_cm,38.1,,cm,38,980.3
1,2026-07-09,74-5,74,B,leaf,4.0,,width_cm,3.29,,cm,38,980.3
1,2026-07-09,74-5,74,B,leaf,5.0,,length_cm,45.4,,cm,38,980.3
1,2026-07-09,74-5,74,B,leaf,5.0,,width_cm,4.279999999999999,,cm,38,980.3
1,2026-07-09,74-5,74,B,leaf,6.0,,length_cm,53.5,,cm,38,980.3
1,2026-07-09,74-5,74,B,leaf,6.0,,width_cm,4.1,,cm,38,980.3
1,2026-07-09,74-5,74,B,leaf,7.0,,length_cm,53.0,,cm,38,980.3
1,2026-07-09,74-5,74,B,leaf,7.0,,width_cm,5.529999999999999,,cm,38,980.3
1,2026-07-09,74-5,74,B,leaf,8.0,,length_cm,41.9,,cm,38,980.3
1,2026-07-09,74-5,74,B,leaf,8.0,,width_cm,6.08,,cm,38,980.3
2,2026-07-15,7327-1,7327,,internode,1.0,,collar_height_cumulative_cm,7.0,,cm,44,1151.0
2,2026-07-15,7327-1,7327,,internode,1.0,,dia_sheath_mm,29.14,,mm,44,1151.0
2,2026-07-15,7327-1,7327,,internode,1.0,,dia_perp_mm,23.77,,mm,44,1151.0
2,2026-07-15,7327-1,7327,,internode,2.0,,collar_height_cumulative_cm,9.5,,cm,44,1151.0
2,2026-07-15,7327-1,7327,,internode,2.0,,dia_sheath_mm,29.0,,mm,44,1151.0
2,2026-07-15,7327-1,7327,,internode,2.0,,dia_perp_mm,20.97,,mm,44,1151.0
2,2026-07-15,7327-1,7327,,internode,3.0,,collar_height_cumulative_cm,12.5,,cm,44,1151.0
2,2026-07-15,7327-1,7327,,internode,3.0,,dia_sheath_mm,29.02,,mm,44,1151.0
2,2026-07-15,7327-1,7327,,internode,3.0,,dia_perp_mm,19.99,,mm,44,1151.0
2,2026-07-15,7327-1,7327,,internode,4.0,,collar_height_cumulative_cm,14.0,,cm,44,1151.0
2,2026-07-15,7327-1,7327,,internode,4.0,,dia_sheath_mm,29.85,,mm,44,1151.0
2,2026-07-15,7327-1,7327,,internode,4.0,,dia_perp_mm,19.96,,mm,44,1151.0
2,2026-07-15,7327-1,7327,,internode,5.0,,collar_height_cumulative_cm,16.0,,cm,44,1151.0
2,2026-07-15,7327-1,7327,,internode,5.0,,dia_sheath_mm,27.39,,mm,44,1151.0
2,2026-07-15,7327-1,7327,,internode,5.0,,dia_perp_mm,18.47,,mm,44,1151.0
2,2026-07-15,7327-1,7327,,internode,6.0,,collar_height_cumulative_cm,19.0,,cm,44,1151.0
2,2026-07-15,7327-1,7327,,internode,6.0,,dia_sheath_mm,24.45,,mm,44,1151.0
2,2026-07-15,7327-1,7327,,internode,6.0,,dia_perp_mm,18.13,,mm,44,1151.0
2,2026-07-15,7327-1,7327,,internode,7.0,,collar_height_cumulative_cm,24.0,,cm,44,1151.0
2,2026-07-15,7327-1,7327,,internode,7.0,,dia_sheath_mm,21.6,,mm,44,1151.0
2,2026-07-15,7327-1,7327,,internode,7.0,,dia_perp_mm,15.83,,mm,44,1151.0
2,2026-07-15,7327-1,7327,,internode,8.0,,collar_height_cumulative_cm,29.5,,cm,44,1151.0
2,2026-07-15,7327-1,7327,,internode,8.0,,dia_sheath_mm,19.6,,mm,44,1151.0
2,2026-07-15,7327-1,7327,,internode,8.0,,dia_perp_mm,14.14,,mm,44,1151.0
2,2026-07-15,7327-1,7327,,internode,9.0,,collar_height_cumulative_cm,34.0,,cm,44,1151.0
2,2026-07-15,7327-1,7327,,internode,9.0,,dia_sheath_mm,17.94,,mm,44,1151.0
2,2026-07-15,7327-1,7327,,internode,9.0,,dia_perp_mm,12.3,,mm,44,1151.0
2,2026-07-15,7327-2,7327,,internode,1.0,,collar_height_cumulative_cm,7.0,,cm,44,1151.0
2,2026-07-15,7327-2,7327,,internode,1.0,,dia_sheath_mm,26.1,,mm,44,1151.0
2,2026-07-15,7327-2,7327,,internode,1.0,,dia_perp_mm,19.92,,mm,44,1151.0
2,2026-07-15,7327-2,7327,,internode,2.0,,collar_height_cumulative_cm,8.0,,cm,44,1151.0
2,2026-07-15,7327-2,7327,,internode,2.0,,dia_sheath_mm,26.79,,mm,44,1151.0
2,2026-07-15,7327-2,7327,,internode,2.0,,dia_perp_mm,19.17,,mm,44,1151.0
2,2026-07-15,7327-2,7327,,internode,3.0,,collar_height_cumulative_cm,11.5,,cm,44,1151.0
2,2026-07-15,7327-2,7327,,internode,3.0,,dia_sheath_mm,26.15,,mm,44,1151.0
2,2026-07-15,7327-2,7327,,internode,3.0,,dia_perp_mm,19.44,,mm,44,1151.0
2,2026-07-15,7327-2,7327,,internode,4.0,,collar_height_cumulative_cm,13.0,,cm,44,1151.0
2,2026-07-15,7327-2,7327,,internode,4.0,,dia_sheath_mm,25.18,,mm,44,1151.0
2,2026-07-15,7327-2,7327,,internode,4.0,,dia_perp_mm,18.3,,mm,44,1151.0
2,2026-07-15,7327-2,7327,,internode,5.0,,collar_height_cumulative_cm,15.5,,cm,44,1151.0
2,2026-07-15,7327-2,7327,,internode,5.0,,dia_sheath_mm,23.6,,mm,44,1151.0
2,2026-07-15,7327-2,7327,,internode,5.0,,dia_perp_mm,18.93,,mm,44,1151.0
2,2026-07-15,7327-2,7327,,internode,6.0,,collar_height_cumulative_cm,21.0,,cm,44,1151.0
2,2026-07-15,7327-2,7327,,internode,6.0,,dia_sheath_mm,22.03,,mm,44,1151.0
2,2026-07-15,7327-2,7327,,internode,6.0,,dia_perp_mm,17.07,,mm,44,1151.0
2,2026-07-15,7327-2,7327,,internode,7.0,,collar_height_cumulative_cm,27.0,,cm,44,1151.0
2,2026-07-15,7327-2,7327,,internode,7.0,,dia_sheath_mm,19.53,,mm,44,1151.0
2,2026-07-15,7327-2,7327,,internode,7.0,,dia_perp_mm,14.75,,mm,44,1151.0
2,2026-07-15,7327-2,7327,,internode,8.0,,collar_height_cumulative_cm,31.0,,cm,44,1151.0
2,2026-07-15,7327-2,7327,,internode,8.0,,dia_sheath_mm,17.75,,mm,44,1151.0
2,2026-07-15,7327-2,7327,,internode,8.0,,dia_perp_mm,13.02,,mm,44,1151.0
2,2026-07-15,7327-2,7327,,internode,9.0,,collar_height_cumulative_cm,34.0,,cm,44,1151.0
2,2026-07-15,7327-2,7327,,internode,9.0,,dia_sheath_mm,14.93,,mm,44,1151.0
2,2026-07-15,7327-2,7327,,internode,9.0,,dia_perp_mm,11.02,,mm,44,1151.0
2,2026-07-15,7327-3,7327,,internode,1.0,,collar_height_cumulative_cm,7.0,,cm,44,1151.0
2,2026-07-15,7327-3,7327,,internode,1.0,,dia_sheath_mm,21.64,,mm,44,1151.0
2,2026-07-15,7327-3,7327,,internode,1.0,,dia_perp_mm,14.15,,mm,44,1151.0
2,2026-07-15,7327-3,7327,,internode,2.0,,collar_height_cumulative_cm,10.0,,cm,44,1151.0
2,2026-07-15,7327-3,7327,,internode,2.0,,dia_sheath_mm,20.24,,mm,44,1151.0
2,2026-07-15,7327-3,7327,,internode,2.0,,dia_perp_mm,16.34,,mm,44,1151.0
2,2026-07-15,7327-3,7327,,internode,3.0,,collar_height_cumulative_cm,12.0,,cm,44,1151.0
2,2026-07-15,7327-3,7327,,internode,3.0,,dia_sheath_mm,19.1,,mm,44,1151.0
2,2026-07-15,7327-3,7327,,internode,3.0,,dia_perp_mm,15.27,,mm,44,1151.0
2,2026-07-15,7327-3,7327,,internode,4.0,,collar_height_cumulative_cm,15.5,,cm,44,1151.0
2,2026-07-15,7327-3,7327,,internode,4.0,,dia_sheath_mm,18.99,,mm,44,1151.0
2,2026-07-15,7327-3,7327,,internode,4.0,,dia_perp_mm,13.97,,mm,44,1151.0
2,2026-07-15,7327-3,7327,,internode,5.0,,collar_height_cumulative_cm,19.5,,cm,44,1151.0
2,2026-07-15,7327-3,7327,,internode,5.0,,dia_sheath_mm,16.15,,mm,44,1151.0
2,2026-07-15,7327-3,7327,,internode,5.0,,dia_perp_mm,12.74,,mm,44,1151.0
2,2026-07-15,7327-3,7327,,internode,6.0,,collar_height_cumulative_cm,24.0,,cm,44,1151.0
2,2026-07-15,7327-3,7327,,internode,6.0,,dia_sheath_mm,15.26,,mm,44,1151.0
2,2026-07-15,7327-3,7327,,internode,6.0,,dia_perp_mm,11.51,,mm,44,1151.0
2,2026-07-15,7327-3,7327,,internode,7.0,,collar_height_cumulative_cm,27.0,,cm,44,1151.0
2,2026-07-15,7327-3,7327,,internode,7.0,,dia_sheath_mm,14.2,,mm,44,1151.0
2,2026-07-15,7327-3,7327,,internode,7.0,,dia_perp_mm,10.18,,mm,44,1151.0
2,2026-07-15,7327-4,7327,,internode,1.0,,collar_height_cumulative_cm,8.0,,cm,44,1151.0
2,2026-07-15,7327-4,7327,,internode,1.0,,dia_sheath_mm,22.9,,mm,44,1151.0
2,2026-07-15,7327-4,7327,,internode,1.0,,dia_perp_mm,22.41,,mm,44,1151.0
2,2026-07-15,7327-4,7327,,internode,2.0,,collar_height_cumulative_cm,11.0,,cm,44,1151.0
2,2026-07-15,7327-4,7327,,internode,2.0,,dia_sheath_mm,22.29,,mm,44,1151.0
2,2026-07-15,7327-4,7327,,internode,2.0,,dia_perp_mm,21.35,,mm,44,1151.0
2,2026-07-15,7327-4,7327,,internode,3.0,,collar_height_cumulative_cm,13.5,,cm,44,1151.0
2,2026-07-15,7327-4,7327,,internode,3.0,,dia_sheath_mm,21.96,,mm,44,1151.0
2,2026-07-15,7327-4,7327,,internode,3.0,,dia_perp_mm,21.08,,mm,44,1151.0
2,2026-07-15,7327-4,7327,,internode,4.0,,collar_height_cumulative_cm,17.0,,cm,44,1151.0
2,2026-07-15,7327-4,7327,,internode,4.0,,dia_sheath_mm,22.04,,mm,44,1151.0
2,2026-07-15,7327-4,7327,,internode,4.0,,dia_perp_mm,20.35,,mm,44,1151.0
2,2026-07-15,7327-4,7327,,internode,5.0,,collar_height_cumulative_cm,21.0,,cm,44,1151.0
2,2026-07-15,7327-4,7327,,internode,5.0,,dia_sheath_mm,20.23,,mm,44,1151.0
2,2026-07-15,7327-4,7327,,internode,5.0,,dia_perp_mm,20.08,,mm,44,1151.0
2,2026-07-15,7327-4,7327,,internode,6.0,,collar_height_cumulative_cm,29.0,,cm,44,1151.0
2,2026-07-15,7327-4,7327,,internode,6.0,,dia_sheath_mm,19.65,,mm,44,1151.0
2,2026-07-15,7327-4,7327,,internode,6.0,,dia_perp_mm,18.27,,mm,44,1151.0
2,2026-07-15,7327-4,7327,,internode,7.0,,collar_height_cumulative_cm,37.0,,cm,44,1151.0
2,2026-07-15,7327-4,7327,,internode,7.0,,dia_sheath_mm,18.13,,mm,44,1151.0
2,2026-07-15,7327-4,7327,,internode,7.0,,dia_perp_mm,17.68,,mm,44,1151.0
2,2026-07-15,7327-4,7327,,internode,8.0,,collar_height_cumulative_cm,43.0,,cm,44,1151.0
2,2026-07-15,7327-4,7327,,internode,8.0,,dia_sheath_mm,17.42,,mm,44,1151.0
2,2026-07-15,7327-4,7327,,internode,8.0,,dia_perp_mm,16.73,,mm,44,1151.0
2,2026-07-15,7327-5,7327,,internode,1.0,,collar_height_cumulative_cm,8.0,,cm,44,1151.0
2,2026-07-15,7327-5,7327,,internode,1.0,,dia_sheath_mm,22.11,,mm,44,1151.0
2,2026-07-15,7327-5,7327,,internode,1.0,,dia_perp_mm,17.84,,mm,44,1151.0
2,2026-07-15,7327-5,7327,,internode,2.0,,collar_height_cumulative_cm,11.0,,cm,44,1151.0
2,2026-07-15,7327-5,7327,,internode,2.0,,dia_sheath_mm,22.28,,mm,44,1151.0
2,2026-07-15,7327-5,7327,,internode,2.0,,dia_perp_mm,15.38,,mm,44,1151.0
2,2026-07-15,7327-5,7327,,internode,3.0,,collar_height_cumulative_cm,12.5,,cm,44,1151.0
2,2026-07-15,7327-5,7327,,internode,3.0,,dia_sheath_mm,21.37,,mm,44,1151.0
2,2026-07-15,7327-5,7327,,internode,3.0,,dia_perp_mm,13.98,,mm,44,1151.0
2,2026-07-15,7327-5,7327,,internode,4.0,,collar_height_cumulative_cm,13.5,,cm,44,1151.0
2,2026-07-15,7327-5,7327,,internode,4.0,,dia_sheath_mm,19.18,,mm,44,1151.0
2,2026-07-15,7327-5,7327,,internode,4.0,,dia_perp_mm,13.67,,mm,44,1151.0
2,2026-07-15,7327-5,7327,,internode,5.0,,collar_height_cumulative_cm,16.0,,cm,44,1151.0
2,2026-07-15,7327-5,7327,,internode,5.0,,dia_sheath_mm,18.73,,mm,44,1151.0
2,2026-07-15,7327-5,7327,,internode,5.0,,dia_perp_mm,13.34,,mm,44,1151.0
2,2026-07-15,7327-5,7327,,internode,6.0,,collar_height_cumulative_cm,19.0,,cm,44,1151.0
2,2026-07-15,7327-5,7327,,internode,6.0,,dia_sheath_mm,17.44,,mm,44,1151.0
2,2026-07-15,7327-5,7327,,internode,6.0,,dia_perp_mm,12.35,,mm,44,1151.0
2,2026-07-15,7327-5,7327,,internode,7.0,,collar_height_cumulative_cm,23.0,,cm,44,1151.0
2,2026-07-15,7327-5,7327,,internode,7.0,,dia_sheath_mm,15.85,,mm,44,1151.0
2,2026-07-15,7327-5,7327,,internode,7.0,,dia_perp_mm,12.0,,mm,44,1151.0
2,2026-07-15,7427-1,7427,,internode,1.0,,collar_height_cumulative_cm,7.0,,cm,44,1151.0
2,2026-07-15,7427-1,7427,,internode,1.0,,dia_sheath_mm,22.18,,mm,44,1151.0
2,2026-07-15,7427-1,7427,,internode,1.0,,dia_perp_mm,17.71,,mm,44,1151.0
2,2026-07-15,7427-1,7427,,internode,2.0,,collar_height_cumulative_cm,10.0,,cm,44,1151.0
2,2026-07-15,7427-1,7427,,internode,2.0,,dia_sheath_mm,22.11,,mm,44,1151.0
2,2026-07-15,7427-1,7427,,internode,2.0,,dia_perp_mm,17.18,,mm,44,1151.0
2,2026-07-15,7427-1,7427,,internode,3.0,,collar_height_cumulative_cm,14.0,,cm,44,1151.0
2,2026-07-15,7427-1,7427,,internode,3.0,,dia_sheath_mm,21.11,,mm,44,1151.0
2,2026-07-15,7427-1,7427,,internode,3.0,,dia_perp_mm,16.08,,mm,44,1151.0
2,2026-07-15,7427-1,7427,,internode,4.0,,collar_height_cumulative_cm,16.5,,cm,44,1151.0
2,2026-07-15,7427-1,7427,,internode,4.0,,dia_sheath_mm,19.99,,mm,44,1151.0
2,2026-07-15,7427-1,7427,,internode,4.0,,dia_perp_mm,15.1,,mm,44,1151.0
2,2026-07-15,7427-1,7427,,internode,5.0,,collar_height_cumulative_cm,20.5,,cm,44,1151.0
2,2026-07-15,7427-1,7427,,internode,5.0,,dia_sheath_mm,17.64,,mm,44,1151.0
2,2026-07-15,7427-1,7427,,internode,5.0,,dia_perp_mm,14.65,,mm,44,1151.0
2,2026-07-15,7427-1,7427,,internode,6.0,,collar_height_cumulative_cm,23.0,,cm,44,1151.0
2,2026-07-15,7427-1,7427,,internode,6.0,,dia_sheath_mm,15.07,,mm,44,1151.0
2,2026-07-15,7427-1,7427,,internode,6.0,,dia_perp_mm,12.1,,mm,44,1151.0
2,2026-07-15,7427-2,7427,,internode,1.0,,collar_height_cumulative_cm,8.5,,cm,44,1151.0
2,2026-07-15,7427-2,7427,,internode,1.0,,dia_sheath_mm,21.93,,mm,44,1151.0
2,2026-07-15,7427-2,7427,,internode,1.0,,dia_perp_mm,17.23,,mm,44,1151.0
2,2026-07-15,7427-2,7427,,internode,2.0,,collar_height_cumulative_cm,12.5,,cm,44,1151.0
2,2026-07-15,7427-2,7427,,internode,2.0,,dia_sheath_mm,22.06,,mm,44,1151.0
2,2026-07-15,7427-2,7427,,internode,2.0,,dia_perp_mm,16.65,,mm,44,1151.0
2,2026-07-15,7427-2,7427,,internode,3.0,,collar_height_cumulative_cm,16.0,,cm,44,1151.0
2,2026-07-15,7427-2,7427,,internode,3.0,,dia_sheath_mm,21.58,,mm,44,1151.0
2,2026-07-15,7427-2,7427,,internode,3.0,,dia_perp_mm,15.85,,mm,44,1151.0
2,2026-07-15,7427-2,7427,,internode,4.0,,collar_height_cumulative_cm,21.0,,cm,44,1151.0
2,2026-07-15,7427-2,7427,,internode,4.0,,dia_sheath_mm,20.05,,mm,44,1151.0
2,2026-07-15,7427-2,7427,,internode,4.0,,dia_perp_mm,15.37,,mm,44,1151.0
2,2026-07-15,7427-2,7427,,internode,5.0,,collar_height_cumulative_cm,24.0,,cm,44,1151.0
2,2026-07-15,7427-2,7427,,internode,5.0,,dia_sheath_mm,17.66,,mm,44,1151.0
2,2026-07-15,7427-2,7427,,internode,5.0,,dia_perp_mm,13.82,,mm,44,1151.0
2,2026-07-15,7427-2,7427,,internode,6.0,,collar_height_cumulative_cm,26.5,,cm,44,1151.0
2,2026-07-15,7427-2,7427,,internode,6.0,,dia_sheath_mm,27.5,,mm,44,1151.0
2,2026-07-15,7427-2,7427,,internode,6.0,,dia_perp_mm,12.7,,mm,44,1151.0
2,2026-07-15,7427-3,7427,,internode,1.0,,collar_height_cumulative_cm,9.5,,cm,44,1151.0
2,2026-07-15,7427-3,7427,,internode,1.0,,dia_sheath_mm,16.94,,mm,44,1151.0
2,2026-07-15,7427-3,7427,,internode,1.0,,dia_perp_mm,15.88,,mm,44,1151.0
2,2026-07-15,7427-3,7427,,internode,2.0,,collar_height_cumulative_cm,13.0,,cm,44,1151.0
2,2026-07-15,7427-3,7427,,internode,2.0,,dia_sheath_mm,17.99,,mm,44,1151.0
2,2026-07-15,7427-3,7427,,internode,2.0,,dia_perp_mm,13.72,,mm,44,1151.0
2,2026-07-15,7427-3,7427,,internode,3.0,,collar_height_cumulative_cm,19.0,,cm,44,1151.0
2,2026-07-15,7427-3,7427,,internode,3.0,,dia_sheath_mm,16.03,,mm,44,1151.0
2,2026-07-15,7427-3,7427,,internode,3.0,,dia_perp_mm,12.9,,mm,44,1151.0
2,2026-07-15,7427-3,7427,,internode,4.0,,collar_height_cumulative_cm,22.0,,cm,44,1151.0
2,2026-07-15,7427-3,7427,,internode,4.0,,dia_sheath_mm,14.29,,mm,44,1151.0
2,2026-07-15,7427-3,7427,,internode,4.0,,dia_perp_mm,12.27,,mm,44,1151.0
2,2026-07-15,7427-3,7427,,internode,5.0,,collar_height_cumulative_cm,24.5,,cm,44,1151.0
2,2026-07-15,7427-3,7427,,internode,5.0,,dia_sheath_mm,13.62,,mm,44,1151.0
2,2026-07-15,7427-3,7427,,internode,5.0,,dia_perp_mm,10.12,,mm,44,1151.0
2,2026-07-15,7427-4,7427,,internode,1.0,,collar_height_cumulative_cm,8.5,,cm,44,1151.0
2,2026-07-15,7427-4,7427,,internode,1.0,,dia_sheath_mm,22.2,,mm,44,1151.0
2,2026-07-15,7427-4,7427,,internode,1.0,,dia_perp_mm,18.83,,mm,44,1151.0
2,2026-07-15,7427-4,7427,,internode,2.0,,collar_height_cumulative_cm,11.5,,cm,44,1151.0
2,2026-07-15,7427-4,7427,,internode,2.0,,dia_sheath_mm,20.99,,mm,44,1151.0
2,2026-07-15,7427-4,7427,,internode,2.0,,dia_perp_mm,17.87,,mm,44,1151.0
2,2026-07-15,7427-4,7427,,internode,3.0,,collar_height_cumulative_cm,15.5,,cm,44,1151.0
2,2026-07-15,7427-4,7427,,internode,3.0,,dia_sheath_mm,21.84,,mm,44,1151.0
2,2026-07-15,7427-4,7427,,internode,3.0,,dia_perp_mm,16.99,,mm,44,1151.0
2,2026-07-15,7427-4,7427,,internode,4.0,,collar_height_cumulative_cm,18.0,,cm,44,1151.0
2,2026-07-15,7427-4,7427,,internode,4.0,,dia_sheath_mm,20.42,,mm,44,1151.0
2,2026-07-15,7427-4,7427,,internode,4.0,,dia_perp_mm,16.1,,mm,44,1151.0
2,2026-07-15,7427-4,7427,,internode,5.0,,collar_height_cumulative_cm,21.5,,cm,44,1151.0
2,2026-07-15,7427-4,7427,,internode,5.0,,dia_sheath_mm,17.97,,mm,44,1151.0
2,2026-07-15,7427-4,7427,,internode,5.0,,dia_perp_mm,14.95,,mm,44,1151.0
2,2026-07-15,7427-4,7427,,internode,6.0,,collar_height_cumulative_cm,23.5,,cm,44,1151.0
2,2026-07-15,7427-4,7427,,internode,6.0,,dia_sheath_mm,15.82,,mm,44,1151.0
2,2026-07-15,7427-4,7427,,internode,6.0,,dia_perp_mm,12.73,,mm,44,1151.0
2,2026-07-15,7427-5,7427,,internode,1.0,,collar_height_cumulative_cm,8.0,,cm,44,1151.0
2,2026-07-15,7427-5,7427,,internode,1.0,,dia_sheath_mm,23.29,,mm,44,1151.0
2,2026-07-15,7427-5,7427,,internode,1.0,,dia_perp_mm,23.76,,mm,44,1151.0
2,2026-07-15,7427-5,7427,,internode,2.0,,collar_height_cumulative_cm,12.0,,cm,44,1151.0
2,2026-07-15,7427-5,7427,,internode,2.0,,dia_sheath_mm,23.57,,mm,44,1151.0
2,2026-07-15,7427-5,7427,,internode,2.0,,dia_perp_mm,18.31,,mm,44,1151.0
2,2026-07-15,7427-5,7427,,internode,3.0,,collar_height_cumulative_cm,16.0,,cm,44,1151.0
2,2026-07-15,7427-5,7427,,internode,3.0,,dia_sheath_mm,21.53,,mm,44,1151.0
2,2026-07-15,7427-5,7427,,internode,3.0,,dia_perp_mm,16.9,,mm,44,1151.0
2,2026-07-15,7427-5,7427,,internode,4.0,,collar_height_cumulative_cm,19.5,,cm,44,1151.0
2,2026-07-15,7427-5,7427,,internode,4.0,,dia_sheath_mm,19.42,,mm,44,1151.0
2,2026-07-15,7427-5,7427,,internode,4.0,,dia_perp_mm,16.15,,mm,44,1151.0
2,2026-07-15,7427-5,7427,,internode,5.0,,collar_height_cumulative_cm,23.5,,cm,44,1151.0
2,2026-07-15,7427-5,7427,,internode,5.0,,dia_sheath_mm,18.73,,mm,44,1151.0
2,2026-07-15,7427-5,7427,,internode,5.0,,dia_perp_mm,14.02,,mm,44,1151.0
2,2026-07-15,7427-5,7427,,internode,6.0,,collar_height_cumulative_cm,26.0,,cm,44,1151.0
2,2026-07-15,7427-5,7427,,internode,6.0,,dia_sheath_mm,21.56,,mm,44,1151.0
2,2026-07-15,7427-5,7427,,internode,6.0,,dia_perp_mm,14.87,,mm,44,1151.0
2,2026-07-15,7427-5,7427,,internode,7.0,,collar_height_cumulative_cm,27.0,,cm,44,1151.0
2,2026-07-15,7527-1,7527,,internode,1.0,,collar_height_cumulative_cm,8.0,,cm,44,1151.0
2,2026-07-15,7527-1,7527,,internode,1.0,,dia_sheath_mm,27.55,,mm,44,1151.0
2,2026-07-15,7527-1,7527,,internode,1.0,,dia_perp_mm,14.43,,mm,44,1151.0
2,2026-07-15,7527-1,7527,,internode,2.0,,collar_height_cumulative_cm,9.5,,cm,44,1151.0
2,2026-07-15,7527-1,7527,,internode,2.0,,dia_sheath_mm,25.24,,mm,44,1151.0
2,2026-07-15,7527-1,7527,,internode,2.0,,dia_perp_mm,13.06,,mm,44,1151.0
2,2026-07-15,7527-1,7527,,internode,3.0,,collar_height_cumulative_cm,11.0,,cm,44,1151.0
2,2026-07-15,7527-1,7527,,internode,3.0,,dia_sheath_mm,21.81,,mm,44,1151.0
2,2026-07-15,7527-1,7527,,internode,3.0,,dia_perp_mm,12.73,,mm,44,1151.0
2,2026-07-15,7527-1,7527,,internode,4.0,,collar_height_cumulative_cm,14.0,,cm,44,1151.0
2,2026-07-15,7527-1,7527,,internode,4.0,,dia_sheath_mm,20.18,,mm,44,1151.0
2,2026-07-15,7527-1,7527,,internode,4.0,,dia_perp_mm,11.75,,mm,44,1151.0
2,2026-07-15,7527-1,7527,,internode,5.0,,collar_height_cumulative_cm,16.0,,cm,44,1151.0
2,2026-07-15,7527-1,7527,,internode,5.0,,dia_sheath_mm,17.6,,mm,44,1151.0
2,2026-07-15,7527-1,7527,,internode,5.0,,dia_perp_mm,10.32,,mm,44,1151.0
2,2026-07-15,7527-1,7527,,internode,6.0,,collar_height_cumulative_cm,20.0,,cm,44,1151.0
2,2026-07-15,7527-1,7527,,internode,6.0,,dia_sheath_mm,15.5,,mm,44,1151.0
2,2026-07-15,7527-1,7527,,internode,6.0,,dia_perp_mm,8.84,,mm,44,1151.0
2,2026-07-15,7527-2,7527,,internode,1.0,,collar_height_cumulative_cm,7.0,,cm,44,1151.0
2,2026-07-15,7527-2,7527,,internode,1.0,,dia_sheath_mm,23.62,,mm,44,1151.0
2,2026-07-15,7527-2,7527,,internode,1.0,,dia_perp_mm,15.54,,mm,44,1151.0
2,2026-07-15,7527-2,7527,,internode,2.0,,collar_height_cumulative_cm,8.5,,cm,44,1151.0
2,2026-07-15,7527-2,7527,,internode,2.0,,dia_sheath_mm,24.55,,mm,44,1151.0
2,2026-07-15,7527-2,7527,,internode,2.0,,dia_perp_mm,15.08,,mm,44,1151.0
2,2026-07-15,7527-2,7527,,internode,3.0,,collar_height_cumulative_cm,10.0,,cm,44,1151.0
2,2026-07-15,7527-2,7527,,internode,3.0,,dia_sheath_mm,23.81,,mm,44,1151.0
2,2026-07-15,7527-2,7527,,internode,3.0,,dia_perp_mm,13.24,,mm,44,1151.0
2,2026-07-15,7527-2,7527,,internode,4.0,,collar_height_cumulative_cm,12.0,,cm,44,1151.0
2,2026-07-15,7527-2,7527,,internode,4.0,,dia_sheath_mm,22.23,,mm,44,1151.0
2,2026-07-15,7527-2,7527,,internode,4.0,,dia_perp_mm,13.0,,mm,44,1151.0
2,2026-07-15,7527-2,7527,,internode,5.0,,collar_height_cumulative_cm,16.0,,cm,44,1151.0
2,2026-07-15,7527-2,7527,,internode,5.0,,dia_sheath_mm,20.42,,mm,44,1151.0
2,2026-07-15,7527-2,7527,,internode,5.0,,dia_perp_mm,12.46,,mm,44,1151.0
2,2026-07-15,7527-2,7527,,internode,6.0,,collar_height_cumulative_cm,18.0,,cm,44,1151.0
2,2026-07-15,7527-2,7527,,internode,6.0,,dia_sheath_mm,17.76,,mm,44,1151.0
2,2026-07-15,7527-2,7527,,internode,6.0,,dia_perp_mm,11.31,,mm,44,1151.0
2,2026-07-15,7527-2,7527,,internode,7.0,,collar_height_cumulative_cm,20.5,,cm,44,1151.0
2,2026-07-15,7527-2,7527,,internode,7.0,,dia_sheath_mm,17.89,,mm,44,1151.0
2,2026-07-15,7527-2,7527,,internode,7.0,,dia_perp_mm,10.19,,mm,44,1151.0
2,2026-07-15,7527-3,7527,,internode,1.0,,collar_height_cumulative_cm,7.0,,cm,44,1151.0
2,2026-07-15,7527-3,7527,,internode,1.0,,dia_sheath_mm,32.8,,mm,44,1151.0
2,2026-07-15,7527-3,7527,,internode,1.0,,dia_perp_mm,21.56,,mm,44,1151.0
2,2026-07-15,7527-3,7527,,internode,2.0,,collar_height_cumulative_cm,8.0,,cm,44,1151.0
2,2026-07-15,7527-3,7527,,internode,2.0,,dia_sheath_mm,31.11,,mm,44,1151.0
2,2026-07-15,7527-3,7527,,internode,2.0,,dia_perp_mm,19.07,,mm,44,1151.0
2,2026-07-15,7527-3,7527,,internode,3.0,,collar_height_cumulative_cm,10.5,,cm,44,1151.0
2,2026-07-15,7527-3,7527,,internode,3.0,,dia_sheath_mm,31.77,,mm,44,1151.0
2,2026-07-15,7527-3,7527,,internode,3.0,,dia_perp_mm,18.33,,mm,44,1151.0
2,2026-07-15,7527-3,7527,,internode,4.0,,collar_height_cumulative_cm,12.5,,cm,44,1151.0
2,2026-07-15,7527-3,7527,,internode,4.0,,dia_sheath_mm,30.01,,mm,44,1151.0
2,2026-07-15,7527-3,7527,,internode,4.0,,dia_perp_mm,17.85,,mm,44,1151.0
2,2026-07-15,7527-3,7527,,internode,5.0,,collar_height_cumulative_cm,15.0,,cm,44,1151.0
2,2026-07-15,7527-3,7527,,internode,5.0,,dia_sheath_mm,27.13,,mm,44,1151.0
2,2026-07-15,7527-3,7527,,internode,5.0,,dia_perp_mm,16.35,,mm,44,1151.0
2,2026-07-15,7527-3,7527,,internode,6.0,,collar_height_cumulative_cm,18.5,,cm,44,1151.0
2,2026-07-15,7527-3,7527,,internode,6.0,,dia_sheath_mm,24.65,,mm,44,1151.0
2,2026-07-15,7527-3,7527,,internode,6.0,,dia_perp_mm,15.1,,mm,44,1151.0
2,2026-07-15,7527-3,7527,,internode,7.0,,collar_height_cumulative_cm,21.0,,cm,44,1151.0
2,2026-07-15,7527-3,7527,,internode,7.0,,dia_sheath_mm,22.61,,mm,44,1151.0
2,2026-07-15,7527-3,7527,,internode,7.0,,dia_perp_mm,14.04,,mm,44,1151.0
2,2026-07-15,7527-3,7527,,internode,8.0,,collar_height_cumulative_cm,23.5,,cm,44,1151.0
2,2026-07-15,7527-3,7527,,internode,8.0,,dia_sheath_mm,23.07,,mm,44,1151.0
2,2026-07-15,7527-3,7527,,internode,8.0,,dia_perp_mm,13.07,,mm,44,1151.0
2,2026-07-15,7527-4,7527,,internode,1.0,,collar_height_cumulative_cm,8.0,,cm,44,1151.0
2,2026-07-15,7527-4,7527,,internode,1.0,,dia_sheath_mm,25.79,,mm,44,1151.0
2,2026-07-15,7527-4,7527,,internode,1.0,,dia_perp_mm,18.42,,mm,44,1151.0
2,2026-07-15,7527-4,7527,,internode,2.0,,collar_height_cumulative_cm,10.0,,cm,44,1151.0
2,2026-07-15,7527-4,7527,,internode,2.0,,dia_sheath_mm,25.56,,mm,44,1151.0
2,2026-07-15,7527-4,7527,,internode,2.0,,dia_perp_mm,17.56,,mm,44,1151.0
2,2026-07-15,7527-4,7527,,internode,3.0,,collar_height_cumulative_cm,13.0,,cm,44,1151.0
2,2026-07-15,7527-4,7527,,internode,3.0,,dia_sheath_mm,25.95,,mm,44,1151.0
2,2026-07-15,7527-4,7527,,internode,3.0,,dia_perp_mm,16.42,,mm,44,1151.0
2,2026-07-15,7527-4,7527,,internode,4.0,,collar_height_cumulative_cm,16.0,,cm,44,1151.0
2,2026-07-15,7527-4,7527,,internode,4.0,,dia_sheath_mm,22.93,,mm,44,1151.0
2,2026-07-15,7527-4,7527,,internode,4.0,,dia_perp_mm,15.41,,mm,44,1151.0
2,2026-07-15,7527-4,7527,,internode,5.0,,collar_height_cumulative_cm,19.5,,cm,44,1151.0
2,2026-07-15,7527-4,7527,,internode,5.0,,dia_sheath_mm,22.05,,mm,44,1151.0
2,2026-07-15,7527-4,7527,,internode,5.0,,dia_perp_mm,14.26,,mm,44,1151.0
2,2026-07-15,7527-4,7527,,internode,6.0,,collar_height_cumulative_cm,22.5,,cm,44,1151.0
2,2026-07-15,7527-4,7527,,internode,6.0,,dia_sheath_mm,19.56,,mm,44,1151.0
2,2026-07-15,7527-4,7527,,internode,6.0,,dia_perp_mm,13.53,,mm,44,1151.0
2,2026-07-15,7527-4,7527,,internode,7.0,,collar_height_cumulative_cm,26.5,,cm,44,1151.0
2,2026-07-15,7527-4,7527,,internode,7.0,,dia_sheath_mm,18.76,,mm,44,1151.0
2,2026-07-15,7527-4,7527,,internode,7.0,,dia_perp_mm,10.05,,mm,44,1151.0
2,2026-07-15,7527-5,7527,,internode,1.0,,collar_height_cumulative_cm,10.0,,cm,44,1151.0
2,2026-07-15,7527-5,7527,,internode,1.0,,dia_sheath_mm,28.48,,mm,44,1151.0
2,2026-07-15,7527-5,7527,,internode,1.0,,dia_perp_mm,20.92,,mm,44,1151.0
2,2026-07-15,7527-5,7527,,internode,2.0,,collar_height_cumulative_cm,9.0,,cm,44,1151.0
2,2026-07-15,7527-5,7527,,internode,3.0,,dia_sheath_mm,26.14,,mm,44,1151.0
2,2026-07-15,7527-5,7527,,internode,3.0,,dia_perp_mm,18.42,,mm,44,1151.0
2,2026-07-15,7527-5,7527,,internode,4.0,,collar_height_cumulative_cm,14.0,,cm,44,1151.0
2,2026-07-15,7527-5,7527,,internode,4.0,,dia_sheath_mm,23.72,,mm,44,1151.0
2,2026-07-15,7527-5,7527,,internode,4.0,,dia_perp_mm,16.97,,mm,44,1151.0
2,2026-07-15,7527-5,7527,,internode,5.0,,collar_height_cumulative_cm,17.0,,cm,44,1151.0
2,2026-07-15,7527-5,7527,,internode,5.0,,dia_sheath_mm,21.17,,mm,44,1151.0
2,2026-07-15,7527-5,7527,,internode,5.0,,dia_perp_mm,15.81,,mm,44,1151.0
2,2026-07-15,7527-5,7527,,internode,6.0,,collar_height_cumulative_cm,19.0,,cm,44,1151.0
2,2026-07-15,7527-5,7527,,internode,6.0,,dia_sheath_mm,19.56,,mm,44,1151.0
2,2026-07-15,7527-5,7527,,internode,6.0,,dia_perp_mm,15.26,,mm,44,1151.0
2,2026-07-15,7527-5,7527,,internode,7.0,,collar_height_cumulative_cm,20.5,,cm,44,1151.0
2,2026-07-15,7527-5,7527,,internode,7.0,,dia_sheath_mm,21.91,,mm,44,1151.0
2,2026-07-15,7527-5,7527,,internode,7.0,,dia_perp_mm,10.86,,mm,44,1151.0
2,2026-07-15,7327-1,7327,,leaf,1.0,,length_cm,28.0,,cm,44,1151.0
2,2026-07-15,7327-1,7327,,leaf,1.0,,width_cm,20.2,,cm,44,1151.0
2,2026-07-15,7327-1,7327,,leaf,2.0,,length_cm,28.5,,cm,44,1151.0
2,2026-07-15,7327-1,7327,,leaf,2.0,,width_cm,2.63,,cm,44,1151.0
2,2026-07-15,7327-1,7327,,leaf,3.0,,length_cm,21.5,,cm,44,1151.0
2,2026-07-15,7327-1,7327,,leaf,3.0,,width_cm,3.1100000000000003,,cm,44,1151.0
2,2026-07-15,7327-1,7327,,leaf,4.0,,length_cm,26.5,,cm,44,1151.0
2,2026-07-15,7327-1,7327,,leaf,4.0,,width_cm,3.81,,cm,44,1151.0
2,2026-07-15,7327-1,7327,,leaf,5.0,,length_cm,56.5,,cm,44,1151.0
2,2026-07-15,7327-1,7327,,leaf,5.0,,width_cm,4.29,,cm,44,1151.0
2,2026-07-15,7327-1,7327,,leaf,6.0,,length_cm,56.5,,cm,44,1151.0
2,2026-07-15,7327-1,7327,,leaf,6.0,,width_cm,5.1899999999999995,,cm,44,1151.0
2,2026-07-15,7327-1,7327,,leaf,7.0,,length_cm,57.5,,cm,44,1151.0
2,2026-07-15,7327-1,7327,,leaf,7.0,,width_cm,6.05,,cm,44,1151.0
2,2026-07-15,7327-1,7327,,leaf,8.0,,length_cm,63.5,,cm,44,1151.0
2,2026-07-15,7327-1,7327,,leaf,8.0,,width_cm,7.359999999999999,,cm,44,1151.0
2,2026-07-15,7327-1,7327,,leaf,9.0,,length_cm,58.5,,cm,44,1151.0
2,2026-07-15,7327-1,7327,,leaf,9.0,,width_cm,7.909999999999999,,cm,44,1151.0
2,2026-07-15,7327-1,7327,,leaf,10.0,,length_cm,51.0,,cm,44,1151.0
2,2026-07-15,7327-1,7327,,leaf,10.0,,width_cm,8.2,,cm,44,1151.0
2,2026-07-15,7327-1,7327,,leaf,11.0,,length_cm,37.0,,cm,44,1151.0
2,2026-07-15,7327-1,7327,,leaf,11.0,,width_cm,8.8,,cm,44,1151.0
2,2026-07-15,7327-1,7327,,leaf,12.0,,length_cm,19.0,,cm,44,1151.0
2,2026-07-15,7327-1,7327,,leaf,12.0,,width_cm,7.74,,cm,44,1151.0
2,2026-07-15,7327-2,7327,,leaf,1.0,,length_cm,26.5,,cm,44,1151.0
2,2026-07-15,7327-2,7327,,leaf,1.0,,width_cm,2.56,,cm,44,1151.0
2,2026-07-15,7327-2,7327,,leaf,2.0,,length_cm,30.5,,cm,44,1151.0
2,2026-07-15,7327-2,7327,,leaf,2.0,,width_cm,3.07,,cm,44,1151.0
2,2026-07-15,7327-2,7327,,leaf,3.0,,length_cm,35.0,,cm,44,1151.0
2,2026-07-15,7327-2,7327,,leaf,3.0,,width_cm,3.9,,cm,44,1151.0
2,2026-07-15,7327-2,7327,,leaf,4.0,,length_cm,40.5,,cm,44,1151.0
2,2026-07-15,7327-2,7327,,leaf,4.0,,width_cm,4.07,,cm,44,1151.0
2,2026-07-15,7327-2,7327,,leaf,5.0,,length_cm,42.5,,cm,44,1151.0
2,2026-07-15,7327-2,7327,,leaf,5.0,,width_cm,4.55,,cm,44,1151.0
2,2026-07-15,7327-2,7327,,leaf,6.0,,length_cm,47.0,,cm,44,1151.0
2,2026-07-15,7327-2,7327,,leaf,6.0,,width_cm,5.14,,cm,44,1151.0
2,2026-07-15,7327-2,7327,,leaf,7.0,,length_cm,41.5,,cm,44,1151.0
2,2026-07-15,7327-2,7327,,leaf,7.0,,width_cm,5.62,,cm,44,1151.0
2,2026-07-15,7327-2,7327,,leaf,8.0,,length_cm,54.5,,cm,44,1151.0
2,2026-07-15,7327-2,7327,,leaf,8.0,,width_cm,6.459999999999999,,cm,44,1151.0
2,2026-07-15,7327-2,7327,,leaf,9.0,,length_cm,61.0,,cm,44,1151.0
2,2026-07-15,7327-2,7327,,leaf,9.0,,width_cm,7.74,,cm,44,1151.0
2,2026-07-15,7327-2,7327,,leaf,10.0,,length_cm,60.5,,cm,44,1151.0
2,2026-07-15,7327-2,7327,,leaf,10.0,,width_cm,8.24,,cm,44,1151.0
2,2026-07-15,7327-2,7327,,leaf,11.0,,length_cm,50.0,,cm,44,1151.0
2,2026-07-15,7327-2,7327,,leaf,11.0,,width_cm,6.959999999999999,,cm,44,1151.0
2,2026-07-15,7327-2,7327,,leaf,12.0,,length_cm,35.5,,cm,44,1151.0
2,2026-07-15,7327-2,7327,,leaf,13.0,,length_cm,19.0,,cm,44,1151.0
2,2026-07-15,7327-3,7327,,leaf,1.0,,length_cm,23.0,,cm,44,1151.0
2,2026-07-15,7327-3,7327,,leaf,1.0,,width_cm,19.0,,cm,44,1151.0
2,2026-07-15,7327-3,7327,,leaf,2.0,,length_cm,25.0,,cm,44,1151.0
2,2026-07-15,7327-3,7327,,leaf,2.0,,width_cm,24.0,,cm,44,1151.0
2,2026-07-15,7327-3,7327,,leaf,3.0,,length_cm,28.0,,cm,44,1151.0
2,2026-07-15,7327-3,7327,,leaf,3.0,,width_cm,3.06,,cm,44,1151.0
2,2026-07-15,7327-3,7327,,leaf,4.0,,length_cm,33.5,,cm,44,1151.0
2,2026-07-15,7327-3,7327,,leaf,4.0,,width_cm,3.3,,cm,44,1151.0
2,2026-07-15,7327-3,7327,,leaf,5.0,,length_cm,36.0,,cm,44,1151.0
2,2026-07-15,7327-3,7327,,leaf,5.0,,width_cm,3.25,,cm,44,1151.0
2,2026-07-15,7327-3,7327,,leaf,6.0,,length_cm,42.0,,cm,44,1151.0
2,2026-07-15,7327-3,7327,,leaf,6.0,,width_cm,3.79,,cm,44,1151.0
2,2026-07-15,7327-3,7327,,leaf,7.0,,length_cm,47.0,,cm,44,1151.0
2,2026-07-15,7327-3,7327,,leaf,7.0,,width_cm,5.029999999999999,,cm,44,1151.0
2,2026-07-15,7327-3,7327,,leaf,8.0,,length_cm,50.0,,cm,44,1151.0
2,2026-07-15,7327-3,7327,,leaf,8.0,,width_cm,6.04,,cm,44,1151.0
2,2026-07-15,7327-3,7327,,leaf,9.0,,length_cm,56.0,,cm,44,1151.0
2,2026-07-15,7327-3,7327,,leaf,9.0,,width_cm,6.92,,cm,44,1151.0
2,2026-07-15,7327-3,7327,,leaf,10.0,,length_cm,55.0,,cm,44,1151.0
2,2026-07-15,7327-3,7327,,leaf,10.0,,width_cm,8.02,,cm,44,1151.0
2,2026-07-15,7327-3,7327,,leaf,11.0,,length_cm,58.0,,cm,44,1151.0
2,2026-07-15,7327-3,7327,,leaf,11.0,,width_cm,7.25,,cm,44,1151.0
2,2026-07-15,7327-3,7327,,leaf,12.0,,length_cm,35.0,,cm,44,1151.0
2,2026-07-15,7327-3,7327,,leaf,13.0,,length_cm,15.5,,cm,44,1151.0
2,2026-07-15,7327-4,7327,,leaf,1.0,,length_cm,26.5,,cm,44,1151.0
2,2026-07-15,7327-4,7327,,leaf,1.0,,width_cm,18.5,,cm,44,1151.0
2,2026-07-15,7327-4,7327,,leaf,2.0,,length_cm,22.0,,cm,44,1151.0
2,2026-07-15,7327-4,7327,,leaf,2.0,,width_cm,24.7,,cm,44,1151.0
2,2026-07-15,7327-4,7327,,leaf,3.0,,length_cm,32.0,,cm,44,1151.0
2,2026-07-15,7327-4,7327,,leaf,3.0,,width_cm,3.2,,cm,44,1151.0
2,2026-07-15,7327-4,7327,,leaf,4.0,,length_cm,34.0,,cm,44,1151.0
2,2026-07-15,7327-4,7327,,leaf,4.0,,width_cm,3.8,,cm,44,1151.0
2,2026-07-15,7327-4,7327,,leaf,5.0,,length_cm,43.5,,cm,44,1151.0
2,2026-07-15,7327-4,7327,,leaf,5.0,,width_cm,4.0,,cm,44,1151.0
2,2026-07-15,7327-4,7327,,leaf,6.0,,length_cm,45.0,,cm,44,1151.0
2,2026-07-15,7327-4,7327,,leaf,6.0,,width_cm,4.59,,cm,44,1151.0
2,2026-07-15,7327-4,7327,,leaf,7.0,,length_cm,55.0,,cm,44,1151.0
2,2026-07-15,7327-4,7327,,leaf,7.0,,width_cm,5.62,,cm,44,1151.0
2,2026-07-15,7327-4,7327,,leaf,8.0,,length_cm,58.5,,cm,44,1151.0
2,2026-07-15,7327-4,7327,,leaf,8.0,,width_cm,6.35,,cm,44,1151.0
2,2026-07-15,7327-4,7327,,leaf,9.0,,length_cm,66.5,,cm,44,1151.0
2,2026-07-15,7327-4,7327,,leaf,9.0,,width_cm,6.9799999999999995,,cm,44,1151.0
2,2026-07-15,7327-4,7327,,leaf,10.0,,length_cm,62.0,,cm,44,1151.0
2,2026-07-15,7327-4,7327,,leaf,10.0,,width_cm,7.83,,cm,44,1151.0
2,2026-07-15,7327-4,7327,,leaf,11.0,,length_cm,57.0,,cm,44,1151.0
2,2026-07-15,7327-4,7327,,leaf,11.0,,width_cm,8.17,,cm,44,1151.0
2,2026-07-15,7327-4,7327,,leaf,12.0,,length_cm,40.0,,cm,44,1151.0
2,2026-07-15,7327-4,7327,,leaf,12.0,,width_cm,6.14,,cm,44,1151.0
2,2026-07-15,7327-4,7327,,leaf,13.0,,length_cm,56.0,,cm,44,1151.0
2,2026-07-15,7327-5,7327,,leaf,1.0,,length_cm,27.0,,cm,44,1151.0
2,2026-07-15,7327-5,7327,,leaf,1.0,,width_cm,3.1,,cm,44,1151.0
2,2026-07-15,7327-5,7327,,leaf,2.0,,length_cm,25.0,,cm,44,1151.0
2,2026-07-15,7327-5,7327,,leaf,2.0,,width_cm,4.220000000000001,,cm,44,1151.0
2,2026-07-15,7327-5,7327,,leaf,3.0,,length_cm,28.0,,cm,44,1151.0
2,2026-07-15,7327-5,7327,,leaf,3.0,,width_cm,3.78,,cm,44,1151.0
2,2026-07-15,7327-5,7327,,leaf,4.0,,length_cm,38.0,,cm,44,1151.0
2,2026-07-15,7327-5,7327,,leaf,4.0,,width_cm,4.14,,cm,44,1151.0
2,2026-07-15,7327-5,7327,,leaf,5.0,,length_cm,50.0,,cm,44,1151.0
2,2026-07-15,7327-5,7327,,leaf,5.0,,width_cm,4.71,,cm,44,1151.0
2,2026-07-15,7327-5,7327,,leaf,6.0,,length_cm,53.0,,cm,44,1151.0
2,2026-07-15,7327-5,7327,,leaf,6.0,,width_cm,5.7299999999999995,,cm,44,1151.0
2,2026-07-15,7327-5,7327,,leaf,7.0,,length_cm,56.0,,cm,44,1151.0
2,2026-07-15,7327-5,7327,,leaf,7.0,,width_cm,6.43,,cm,44,1151.0
2,2026-07-15,7327-5,7327,,leaf,8.0,,length_cm,56.0,,cm,44,1151.0
2,2026-07-15,7327-5,7327,,leaf,8.0,,width_cm,7.43,,cm,44,1151.0
2,2026-07-15,7327-5,7327,,leaf,9.0,,length_cm,43.5,,cm,44,1151.0
2,2026-07-15,7327-5,7327,,leaf,9.0,,width_cm,7.33,,cm,44,1151.0
2,2026-07-15,7327-5,7327,,leaf,10.0,,length_cm,27.0,,cm,44,1151.0
2,2026-07-15,7327-5,7327,,leaf,11.0,,length_cm,12.0,,cm,44,1151.0
2,2026-07-15,7427-1,7427,,leaf,1.0,,length_cm,18.0,,cm,44,1151.0
2,2026-07-15,7427-1,7427,,leaf,1.0,,width_cm,12.0,,cm,44,1151.0
2,2026-07-15,7427-1,7427,,leaf,2.0,,length_cm,24.5,,cm,44,1151.0
2,2026-07-15,7427-1,7427,,leaf,2.0,,width_cm,16.7,,cm,44,1151.0
2,2026-07-15,7427-1,7427,,leaf,3.0,,length_cm,27.5,,cm,44,1151.0
2,2026-07-15,7427-1,7427,,leaf,3.0,,width_cm,24.3,,cm,44,1151.0
2,2026-07-15,7427-1,7427,,leaf,4.0,,length_cm,35.0,,cm,44,1151.0
2,2026-07-15,7427-1,7427,,leaf,4.0,,width_cm,2.68,,cm,44,1151.0
2,2026-07-15,7427-1,7427,,leaf,5.0,,length_cm,40.5,,cm,44,1151.0
2,2026-07-15,7427-1,7427,,leaf,5.0,,width_cm,3.6700000000000004,,cm,44,1151.0
2,2026-07-15,7427-1,7427,,leaf,6.0,,length_cm,46.5,,cm,44,1151.0
2,2026-07-15,7427-1,7427,,leaf,6.0,,width_cm,4.5600000000000005,,cm,44,1151.0
2,2026-07-15,7427-1,7427,,leaf,7.0,,length_cm,50.5,,cm,44,1151.0
2,2026-07-15,7427-1,7427,,leaf,7.0,,width_cm,5.0600000000000005,,cm,44,1151.0
2,2026-07-15,7427-1,7427,,leaf,8.0,,length_cm,50.0,,cm,44,1151.0
2,2026-07-15,7427-1,7427,,leaf,8.0,,width_cm,6.24,,cm,44,1151.0
2,2026-07-15,7427-1,7427,,leaf,9.0,,length_cm,43.5,,cm,44,1151.0
2,2026-07-15,7427-1,7427,,leaf,9.0,,width_cm,7.17,,cm,44,1151.0
2,2026-07-15,7427-1,7427,,leaf,10.0,,length_cm,25.5,,cm,44,1151.0
2,2026-07-15,7427-1,7427,,leaf,11.0,,length_cm,8.0,,cm,44,1151.0
2,2026-07-15,7427-2,7427,,leaf,1.0,,length_cm,18.0,,cm,44,1151.0
2,2026-07-15,7427-2,7427,,leaf,1.0,,width_cm,12.6,,cm,44,1151.0
2,2026-07-15,7427-2,7427,,leaf,2.0,,length_cm,23.0,,cm,44,1151.0
2,2026-07-15,7427-2,7427,,leaf,2.0,,width_cm,22.0,,cm,44,1151.0
2,2026-07-15,7427-2,7427,,leaf,3.0,,length_cm,28.5,,cm,44,1151.0
2,2026-07-15,7427-2,7427,,leaf,3.0,,width_cm,2.55,,cm,44,1151.0
2,2026-07-15,7427-2,7427,,leaf,4.0,,length_cm,31.0,,cm,44,1151.0
2,2026-07-15,7427-2,7427,,leaf,4.0,,width_cm,3.16,,cm,44,1151.0
2,2026-07-15,7427-2,7427,,leaf,5.0,,length_cm,44.0,,cm,44,1151.0
2,2026-07-15,7427-2,7427,,leaf,5.0,,width_cm,3.9,,cm,44,1151.0
2,2026-07-15,7427-2,7427,,leaf,6.0,,length_cm,50.5,,cm,44,1151.0
2,2026-07-15,7427-2,7427,,leaf,6.0,,width_cm,4.55,,cm,44,1151.0
2,2026-07-15,7427-2,7427,,leaf,7.0,,length_cm,56.5,,cm,44,1151.0
2,2026-07-15,7427-2,7427,,leaf,7.0,,width_cm,5.2,,cm,44,1151.0
2,2026-07-15,7427-2,7427,,leaf,8.0,,length_cm,57.5,,cm,44,1151.0
2,2026-07-15,7427-2,7427,,leaf,8.0,,width_cm,6.12,,cm,44,1151.0
2,2026-07-15,7427-2,7427,,leaf,9.0,,length_cm,45.5,,cm,44,1151.0
2,2026-07-15,7427-2,7427,,leaf,9.0,,width_cm,7.94,,cm,44,1151.0
2,2026-07-15,7427-2,7427,,leaf,10.0,,length_cm,27.5,,cm,44,1151.0
2,2026-07-15,7427-2,7427,,leaf,11.0,,length_cm,11.0,,cm,44,1151.0
2,2026-07-15,7427-3,7427,,leaf,1.0,,length_cm,14.0,,cm,44,1151.0
2,2026-07-15,7427-3,7427,,leaf,1.0,,width_cm,12.6,,cm,44,1151.0
2,2026-07-15,7427-3,7427,,leaf,2.0,,length_cm,14.0,,cm,44,1151.0
2,2026-07-15,7427-3,7427,,leaf,2.0,,width_cm,18.0,,cm,44,1151.0
2,2026-07-15,7427-3,7427,,leaf,3.0,,length_cm,28.0,,cm,44,1151.0
2,2026-07-15,7427-3,7427,,leaf,3.0,,width_cm,2.73,,cm,44,1151.0
2,2026-07-15,7427-3,7427,,leaf,4.0,,length_cm,12.0,,cm,44,1151.0
2,2026-07-15,7427-3,7427,,leaf,4.0,,width_cm,3.44,,cm,44,1151.0
2,2026-07-15,7427-3,7427,,leaf,5.0,,length_cm,28.0,,cm,44,1151.0
2,2026-07-15,7427-3,7427,,leaf,5.0,,width_cm,3.47,,cm,44,1151.0
2,2026-07-15,7427-3,7427,,leaf,6.0,,length_cm,46.0,,cm,44,1151.0
2,2026-07-15,7427-3,7427,,leaf,6.0,,width_cm,4.54,,cm,44,1151.0
2,2026-07-15,7427-3,7427,,leaf,7.0,,length_cm,57.0,,cm,44,1151.0
2,2026-07-15,7427-3,7427,,leaf,7.0,,width_cm,4.96,,cm,44,1151.0
2,2026-07-15,7427-3,7427,,leaf,8.0,,length_cm,48.5,,cm,44,1151.0
2,2026-07-15,7427-3,7427,,leaf,8.0,,width_cm,7.5,,cm,44,1151.0
2,2026-07-15,7427-3,7427,,leaf,9.0,,length_cm,30.5,,cm,44,1151.0
2,2026-07-15,7427-3,7427,,leaf,10.0,,length_cm,10.0,,cm,44,1151.0
2,2026-07-15,7427-4,7427,,leaf,1.0,,length_cm,18.5,,cm,44,1151.0
2,2026-07-15,7427-4,7427,,leaf,1.0,,width_cm,16.0,,cm,44,1151.0
2,2026-07-15,7427-4,7427,,leaf,2.0,,length_cm,22.5,,cm,44,1151.0
2,2026-07-15,7427-4,7427,,leaf,2.0,,width_cm,18.7,,cm,44,1151.0
2,2026-07-15,7427-4,7427,,leaf,3.0,,length_cm,28.0,,cm,44,1151.0
2,2026-07-15,7427-4,7427,,leaf,3.0,,width_cm,2.83,,cm,44,1151.0
2,2026-07-15,7427-4,7427,,leaf,4.0,,length_cm,35.0,,cm,44,1151.0
2,2026-07-15,7427-4,7427,,leaf,4.0,,width_cm,3.07,,cm,44,1151.0
2,2026-07-15,7427-4,7427,,leaf,5.0,,length_cm,42.5,,cm,44,1151.0
2,2026-07-15,7427-4,7427,,leaf,5.0,,width_cm,3.65,,cm,44,1151.0
2,2026-07-15,7427-4,7427,,leaf,6.0,,length_cm,48.0,,cm,44,1151.0
2,2026-07-15,7427-4,7427,,leaf,6.0,,width_cm,4.9,,cm,44,1151.0
2,2026-07-15,7427-4,7427,,leaf,7.0,,length_cm,51.0,,cm,44,1151.0
2,2026-07-15,7427-4,7427,,leaf,7.0,,width_cm,5.05,,cm,44,1151.0
2,2026-07-15,7427-4,7427,,leaf,8.0,,length_cm,55.5,,cm,44,1151.0
2,2026-07-15,7427-4,7427,,leaf,8.0,,width_cm,6.51,,cm,44,1151.0
2,2026-07-15,7427-4,7427,,leaf,9.0,,length_cm,45.5,,cm,44,1151.0
2,2026-07-15,7427-4,7427,,leaf,9.0,,width_cm,7.06,,cm,44,1151.0
2,2026-07-15,7427-4,7427,,leaf,10.0,,length_cm,31.5,,cm,44,1151.0
2,2026-07-15,7427-4,7427,,leaf,11.0,,length_cm,13.0,,cm,44,1151.0
2,2026-07-15,7427-5,7427,,leaf,1.0,,length_cm,21.0,,cm,44,1151.0
2,2026-07-15,7427-5,7427,,leaf,1.0,,width_cm,13.4,,cm,44,1151.0
2,2026-07-15,7427-5,7427,,leaf,2.0,,length_cm,25.0,,cm,44,1151.0
2,2026-07-15,7427-5,7427,,leaf,2.0,,width_cm,20.2,,cm,44,1151.0
2,2026-07-15,7427-5,7427,,leaf,3.0,,length_cm,30.5,,cm,44,1151.0
2,2026-07-15,7427-5,7427,,leaf,3.0,,width_cm,2.73,,cm,44,1151.0
2,2026-07-15,7427-5,7427,,leaf,4.0,,length_cm,37.0,,cm,44,1151.0
2,2026-07-15,7427-5,7427,,leaf,4.0,,width_cm,3.53,,cm,44,1151.0
2,2026-07-15,7427-5,7427,,leaf,5.0,,length_cm,42.5,,cm,44,1151.0
2,2026-07-15,7427-5,7427,,leaf,5.0,,width_cm,4.17,,cm,44,1151.0
2,2026-07-15,7427-5,7427,,leaf,6.0,,length_cm,48.5,,cm,44,1151.0
2,2026-07-15,7427-5,7427,,leaf,6.0,,width_cm,4.76,,cm,44,1151.0
2,2026-07-15,7427-5,7427,,leaf,7.0,,length_cm,53.0,,cm,44,1151.0
2,2026-07-15,7427-5,7427,,leaf,7.0,,width_cm,5.5,,cm,44,1151.0
2,2026-07-15,7427-5,7427,,leaf,8.0,,length_cm,56.5,,cm,44,1151.0
2,2026-07-15,7427-5,7427,,leaf,8.0,,width_cm,6.029999999999999,,cm,44,1151.0
2,2026-07-15,7427-5,7427,,leaf,9.0,,length_cm,55.5,,cm,44,1151.0
2,2026-07-15,7427-5,7427,,leaf,9.0,,width_cm,8.43,,cm,44,1151.0
2,2026-07-15,7427-5,7427,,leaf,10.0,,length_cm,40.5,,cm,44,1151.0
2,2026-07-15,7427-5,7427,,leaf,11.0,,length_cm,18.0,,cm,44,1151.0
2,2026-07-15,7427-5,7427,,leaf,12.0,,length_cm,4.0,,cm,44,1151.0
2,2026-07-15,7527-1,7527,,leaf,1.0,,length_cm,24.5,,cm,44,1151.0
2,2026-07-15,7527-1,7527,,leaf,1.0,,width_cm,18.6,,cm,44,1151.0
2,2026-07-15,7527-1,7527,,leaf,2.0,,length_cm,31.0,,cm,44,1151.0
2,2026-07-15,7527-1,7527,,leaf,2.0,,width_cm,24.4,,cm,44,1151.0
2,2026-07-15,7527-1,7527,,leaf,3.0,,length_cm,26.0,,cm,44,1151.0
2,2026-07-15,7527-1,7527,,leaf,3.0,,width_cm,2.95,,cm,44,1151.0
2,2026-07-15,7527-1,7527,,leaf,4.0,,length_cm,41.5,,cm,44,1151.0
2,2026-07-15,7527-1,7527,,leaf,4.0,,width_cm,3.47,,cm,44,1151.0
2,2026-07-15,7527-1,7527,,leaf,5.0,,length_cm,47.0,,cm,44,1151.0
2,2026-07-15,7527-1,7527,,leaf,5.0,,width_cm,4.4399999999999995,,cm,44,1151.0
2,2026-07-15,7527-1,7527,,leaf,6.0,,length_cm,55.5,,cm,44,1151.0
2,2026-07-15,7527-1,7527,,leaf,6.0,,width_cm,4.93,,cm,44,1151.0
2,2026-07-15,7527-1,7527,,leaf,7.0,,length_cm,57.5,,cm,44,1151.0
2,2026-07-15,7527-1,7527,,leaf,7.0,,width_cm,5.95,,cm,44,1151.0
2,2026-07-15,7527-1,7527,,leaf,8.0,,length_cm,29.5,,cm,44,1151.0
2,2026-07-15,7527-1,7527,,leaf,8.0,,width_cm,6.640000000000001,,cm,44,1151.0
2,2026-07-15,7527-1,7527,,leaf,9.0,,length_cm,33.5,,cm,44,1151.0
2,2026-07-15,7527-1,7527,,leaf,9.0,,width_cm,6.36,,cm,44,1151.0
2,2026-07-15,7527-1,7527,,leaf,10.0,,length_cm,30.0,,cm,44,1151.0
2,2026-07-15,7527-1,7527,,leaf,11.0,,length_cm,14.0,,cm,44,1151.0
2,2026-07-15,7527-2,7527,,leaf,1.0,,length_cm,23.0,,cm,44,1151.0
2,2026-07-15,7527-2,7527,,leaf,1.0,,width_cm,16.4,,cm,44,1151.0
2,2026-07-15,7527-2,7527,,leaf,2.0,,length_cm,27.0,,cm,44,1151.0
2,2026-07-15,7527-2,7527,,leaf,2.0,,width_cm,17.9,,cm,44,1151.0
2,2026-07-15,7527-2,7527,,leaf,3.0,,length_cm,31.0,,cm,44,1151.0
2,2026-07-15,7527-2,7527,,leaf,3.0,,width_cm,22.0,,cm,44,1151.0
2,2026-07-15,7527-2,7527,,leaf,4.0,,length_cm,37.0,,cm,44,1151.0
2,2026-07-15,7527-2,7527,,leaf,4.0,,width_cm,2.55,,cm,44,1151.0
2,2026-07-15,7527-2,7527,,leaf,5.0,,length_cm,40.0,,cm,44,1151.0
2,2026-07-15,7527-2,7527,,leaf,5.0,,width_cm,3.7299999999999995,,cm,44,1151.0
2,2026-07-15,7527-2,7527,,leaf,6.0,,length_cm,48.0,,cm,44,1151.0
2,2026-07-15,7527-2,7527,,leaf,6.0,,width_cm,4.08,,cm,44,1151.0
2,2026-07-15,7527-2,7527,,leaf,7.0,,length_cm,57.0,,cm,44,1151.0
2,2026-07-15,7527-2,7527,,leaf,7.0,,width_cm,5.08,,cm,44,1151.0
2,2026-07-15,7527-2,7527,,leaf,8.0,,length_cm,66.0,,cm,44,1151.0
2,2026-07-15,7527-2,7527,,leaf,8.0,,width_cm,6.37,,cm,44,1151.0
2,2026-07-15,7527-2,7527,,leaf,9.0,,length_cm,62.0,,cm,44,1151.0
2,2026-07-15,7527-2,7527,,leaf,9.0,,width_cm,7.65,,cm,44,1151.0
2,2026-07-15,7527-2,7527,,leaf,10.0,,length_cm,50.0,,cm,44,1151.0
2,2026-07-15,7527-2,7527,,leaf,10.0,,width_cm,7.85,,cm,44,1151.0
2,2026-07-15,7527-2,7527,,leaf,11.0,,length_cm,31.0,,cm,44,1151.0
2,2026-07-15,7527-2,7527,,leaf,12.0,,length_cm,11.0,,cm,44,1151.0
2,2026-07-15,7527-3,7527,,leaf,1.0,,length_cm,21.0,,cm,44,1151.0
2,2026-07-15,7527-3,7527,,leaf,1.0,,width_cm,17.2,,cm,44,1151.0
2,2026-07-15,7527-3,7527,,leaf,2.0,,length_cm,27.5,,cm,44,1151.0
2,2026-07-15,7527-3,7527,,leaf,2.0,,width_cm,23.2,,cm,44,1151.0
2,2026-07-15,7527-3,7527,,leaf,3.0,,length_cm,26.5,,cm,44,1151.0
2,2026-07-15,7527-3,7527,,leaf,3.0,,width_cm,2.9699999999999998,,cm,44,1151.0
2,2026-07-15,7527-3,7527,,leaf,4.0,,length_cm,38.0,,cm,44,1151.0
2,2026-07-15,7527-3,7527,,leaf,4.0,,width_cm,3.5,,cm,44,1151.0
2,2026-07-15,7527-3,7527,,leaf,5.0,,length_cm,46.5,,cm,44,1151.0
2,2026-07-15,7527-3,7527,,leaf,5.0,,width_cm,4.04,,cm,44,1151.0
2,2026-07-15,7527-3,7527,,leaf,6.0,,length_cm,51.0,,cm,44,1151.0
2,2026-07-15,7527-3,7527,,leaf,6.0,,width_cm,4.9399999999999995,,cm,44,1151.0
2,2026-07-15,7527-3,7527,,leaf,7.0,,length_cm,59.0,,cm,44,1151.0
2,2026-07-15,7527-3,7527,,leaf,7.0,,width_cm,5.38,,cm,44,1151.0
2,2026-07-15,7527-3,7527,,leaf,8.0,,length_cm,62.0,,cm,44,1151.0
2,2026-07-15,7527-3,7527,,leaf,8.0,,width_cm,6.68,,cm,44,1151.0
2,2026-07-15,7527-3,7527,,leaf,9.0,,length_cm,67.5,,cm,44,1151.0
2,2026-07-15,7527-3,7527,,leaf,9.0,,width_cm,7.37,,cm,44,1151.0
2,2026-07-15,7527-3,7527,,leaf,10.0,,length_cm,66.5,,cm,44,1151.0
2,2026-07-15,7527-3,7527,,leaf,10.0,,width_cm,8.35,,cm,44,1151.0
2,2026-07-15,7527-3,7527,,leaf,11.0,,length_cm,59.5,,cm,44,1151.0
2,2026-07-15,7527-3,7527,,leaf,11.0,,width_cm,8.9,,cm,44,1151.0
2,2026-07-15,7527-3,7527,,leaf,12.0,,length_cm,40.5,,cm,44,1151.0
2,2026-07-15,7527-4,7527,,leaf,1.0,,length_cm,24.0,,cm,44,1151.0
2,2026-07-15,7527-4,7527,,leaf,1.0,,width_cm,20.2,,cm,44,1151.0
2,2026-07-15,7527-4,7527,,leaf,2.0,,length_cm,30.0,,cm,44,1151.0
2,2026-07-15,7527-4,7527,,leaf,2.0,,width_cm,23.3,,cm,44,1151.0
2,2026-07-15,7527-4,7527,,leaf,3.0,,length_cm,35.0,,cm,44,1151.0
2,2026-07-15,7527-4,7527,,leaf,3.0,,width_cm,2.9,,cm,44,1151.0
2,2026-07-15,7527-4,7527,,leaf,4.0,,length_cm,39.5,,cm,44,1151.0
2,2026-07-15,7527-4,7527,,leaf,4.0,,width_cm,3.54,,cm,44,1151.0
2,2026-07-15,7527-4,7527,,leaf,5.0,,length_cm,46.0,,cm,44,1151.0
2,2026-07-15,7527-4,7527,,leaf,5.0,,width_cm,3.84,,cm,44,1151.0
2,2026-07-15,7527-4,7527,,leaf,6.0,,length_cm,54.0,,cm,44,1151.0
2,2026-07-15,7527-4,7527,,leaf,6.0,,width_cm,4.89,,cm,44,1151.0
2,2026-07-15,7527-4,7527,,leaf,7.0,,length_cm,64.5,,cm,44,1151.0
2,2026-07-15,7527-4,7527,,leaf,7.0,,width_cm,5.279999999999999,,cm,44,1151.0
2,2026-07-15,7527-4,7527,,leaf,8.0,,length_cm,72.0,,cm,44,1151.0
2,2026-07-15,7527-4,7527,,leaf,8.0,,width_cm,6.2700000000000005,,cm,44,1151.0
2,2026-07-15,7527-4,7527,,leaf,9.0,,length_cm,71.0,,cm,44,1151.0
2,2026-07-15,7527-4,7527,,leaf,9.0,,width_cm,7.74,,cm,44,1151.0
2,2026-07-15,7527-4,7527,,leaf,10.0,,length_cm,52.0,,cm,44,1151.0
2,2026-07-15,7527-4,7527,,leaf,10.0,,width_cm,8.25,,cm,44,1151.0
2,2026-07-15,7527-4,7527,,leaf,11.0,,length_cm,34.0,,cm,44,1151.0
2,2026-07-15,7527-5,7527,,leaf,1.0,,length_cm,20.0,,cm,44,1151.0
2,2026-07-15,7527-5,7527,,leaf,1.0,,width_cm,17.6,,cm,44,1151.0
2,2026-07-15,7527-5,7527,,leaf,2.0,,length_cm,27.5,,cm,44,1151.0
2,2026-07-15,7527-5,7527,,leaf,2.0,,width_cm,22.0,,cm,44,1151.0
2,2026-07-15,7527-5,7527,,leaf,3.0,,length_cm,36.0,,cm,44,1151.0
2,2026-07-15,7527-5,7527,,leaf,3.0,,width_cm,3.12,,cm,44,1151.0
2,2026-07-15,7527-5,7527,,leaf,5.0,,length_cm,47.5,,cm,44,1151.0
2,2026-07-15,7527-5,7527,,leaf,5.0,,width_cm,4.6,,cm,44,1151.0
2,2026-07-15,7527-5,7527,,leaf,6.0,,length_cm,54.0,,cm,44,1151.0
2,2026-07-15,7527-5,7527,,leaf,6.0,,width_cm,5.37,,cm,44,1151.0
2,2026-07-15,7527-5,7527,,leaf,7.0,,length_cm,61.0,,cm,44,1151.0
2,2026-07-15,7527-5,7527,,leaf,7.0,,width_cm,6.709999999999999,,cm,44,1151.0
2,2026-07-15,7527-5,7527,,leaf,8.0,,length_cm,65.5,,cm,44,1151.0
2,2026-07-15,7527-5,7527,,leaf,8.0,,width_cm,7.35,,cm,44,1151.0
2,2026-07-15,7527-5,7527,,leaf,9.0,,length_cm,65.5,,cm,44,1151.0
2,2026-07-15,7527-5,7527,,leaf,9.0,,width_cm,9.15,,cm,44,1151.0
2,2026-07-15,7527-5,7527,,leaf,10.0,,length_cm,54.4,,cm,44,1151.0
2,2026-07-15,7527-5,7527,,leaf,10.0,,width_cm,8.6,,cm,44,1151.0
2,2026-07-15,7527-5,7527,,leaf,11.0,,length_cm,37.5,,cm,44,1151.0
3,2026-07-21,7530-1,7530,,internode,1.0,,seg_length_cm,9.5,,cm,50,1312.6999999999998
3,2026-07-21,7530-1,7530,,internode,2.0,,seg_length_cm,3.5,,cm,50,1312.6999999999998
3,2026-07-21,7530-1,7530,,internode,3.0,,seg_length_cm,3.0,,cm,50,1312.6999999999998
3,2026-07-21,7530-1,7530,,internode,4.0,,seg_length_cm,4.0,,cm,50,1312.6999999999998
3,2026-07-21,7530-1,7530,,internode,5.0,,seg_length_cm,2.5,,cm,50,1312.6999999999998
3,2026-07-21,7530-1,7530,,internode,6.0,,seg_length_cm,4.0,,cm,50,1312.6999999999998
3,2026-07-21,7530-1,7530,,internode,7.0,,seg_length_cm,4.5,,cm,50,1312.6999999999998
3,2026-07-21,7530-1,7530,,internode,8.0,,seg_length_cm,7.0,,cm,50,1312.6999999999998
3,2026-07-21,7530-1,7530,,internode,9.0,,seg_length_cm,7.0,,cm,50,1312.6999999999998
3,2026-07-21,7530-2,7530,,internode,1.0,,seg_length_cm,10.0,,cm,50,1312.6999999999998
3,2026-07-21,7530-2,7530,,internode,2.0,,seg_length_cm,4.5,,cm,50,1312.6999999999998
3,2026-07-21,7530-2,7530,,internode,3.0,,seg_length_cm,1.5,,cm,50,1312.6999999999998
3,2026-07-21,7530-2,7530,,internode,4.0,,seg_length_cm,4.0,,cm,50,1312.6999999999998
3,2026-07-21,7530-2,7530,,internode,5.0,,seg_length_cm,2.5,,cm,50,1312.6999999999998
3,2026-07-21,7530-2,7530,,internode,6.0,,seg_length_cm,3.5,,cm,50,1312.6999999999998
3,2026-07-21,7530-2,7530,,internode,7.0,,seg_length_cm,5.5,,cm,50,1312.6999999999998
3,2026-07-21,7530-2,7530,,internode,8.0,,seg_length_cm,6.0,,cm,50,1312.6999999999998
3,2026-07-21,7530-2,7530,,internode,9.0,,seg_length_cm,6.5,,cm,50,1312.6999999999998
3,2026-07-21,7530-3,7530,,internode,1.0,,seg_length_cm,13.0,,cm,50,1312.6999999999998
3,2026-07-21,7530-3,7530,,internode,2.0,,seg_length_cm,3.0,,cm,50,1312.6999999999998
3,2026-07-21,7530-3,7530,,internode,3.0,,seg_length_cm,3.5,,cm,50,1312.6999999999998
3,2026-07-21,7530-3,7530,,internode,4.0,,seg_length_cm,5.0,,cm,50,1312.6999999999998
3,2026-07-21,7530-3,7530,,internode,5.0,,seg_length_cm,4.5,,cm,50,1312.6999999999998
3,2026-07-21,7530-3,7530,,internode,6.0,,seg_length_cm,6.0,,cm,50,1312.6999999999998
3,2026-07-21,7530-3,7530,,internode,7.0,,seg_length_cm,7.5,,cm,50,1312.6999999999998
3,2026-07-21,7530-4,7530,,internode,1.0,,seg_length_cm,10.5,,cm,50,1312.6999999999998
3,2026-07-21,7530-4,7530,,internode,2.0,,seg_length_cm,3.5,,cm,50,1312.6999999999998
3,2026-07-21,7530-4,7530,,internode,3.0,,seg_length_cm,3.5,,cm,50,1312.6999999999998
3,2026-07-21,7530-4,7530,,internode,4.0,,seg_length_cm,4.5,,cm,50,1312.6999999999998
3,2026-07-21,7530-4,7530,,internode,5.0,,seg_length_cm,5.0,,cm,50,1312.6999999999998
3,2026-07-21,7530-4,7530,,internode,6.0,,seg_length_cm,5.0,,cm,50,1312.6999999999998
3,2026-07-21,7530-4,7530,,internode,7.0,,seg_length_cm,9.5,,cm,50,1312.6999999999998
3,2026-07-21,7530-5,7530,,internode,1.0,,seg_length_cm,8.5,,cm,50,1312.6999999999998
3,2026-07-21,7530-5,7530,,internode,2.0,,seg_length_cm,2.5,,cm,50,1312.6999999999998
3,2026-07-21,7530-5,7530,,internode,3.0,,seg_length_cm,4.0,,cm,50,1312.6999999999998
3,2026-07-21,7530-5,7530,,internode,4.0,,seg_length_cm,3.5,,cm,50,1312.6999999999998
3,2026-07-21,7530-5,7530,,internode,5.0,,seg_length_cm,4.0,,cm,50,1312.6999999999998
3,2026-07-21,7530-5,7530,,internode,6.0,,seg_length_cm,3.5,,cm,50,1312.6999999999998
3,2026-07-21,7530-5,7530,,internode,7.0,,seg_length_cm,7.5,,cm,50,1312.6999999999998
3,2026-07-21,7330-1,7330,,internode,1.0,,seg_length_cm,8.0,,cm,50,1312.6999999999998
3,2026-07-21,7330-1,7330,,internode,2.0,,seg_length_cm,4.0,,cm,50,1312.6999999999998
3,2026-07-21,7330-1,7330,,internode,3.0,,seg_length_cm,3.0,,cm,50,1312.6999999999998
3,2026-07-21,7330-1,7330,,internode,4.0,,seg_length_cm,4.0,,cm,50,1312.6999999999998
3,2026-07-21,7330-1,7330,,internode,5.0,,seg_length_cm,6.0,,cm,50,1312.6999999999998
3,2026-07-21,7330-1,7330,,internode,6.0,,seg_length_cm,9.0,,cm,50,1312.6999999999998
3,2026-07-21,7330-1,7330,,internode,7.0,,seg_length_cm,14.0,,cm,50,1312.6999999999998
3,2026-07-21,7330-1,7330,,internode,8.0,,seg_length_cm,16.0,,cm,50,1312.6999999999998
3,2026-07-21,7330-1,7330,,internode,9.0,,seg_length_cm,13.0,,cm,50,1312.6999999999998
3,2026-07-21,7330-1,7330,,internode,10.0,,seg_length_cm,3.0,,cm,50,1312.6999999999998
3,2026-07-21,7330-2,7330,,internode,1.0,,seg_length_cm,11.0,,cm,50,1312.6999999999998
3,2026-07-21,7330-2,7330,,internode,2.0,,seg_length_cm,4.0,,cm,50,1312.6999999999998
3,2026-07-21,7330-2,7330,,internode,3.0,,seg_length_cm,5.0,,cm,50,1312.6999999999998
3,2026-07-21,7330-2,7330,,internode,4.0,,seg_length_cm,3.5,,cm,50,1312.6999999999998
3,2026-07-21,7330-2,7330,,internode,5.0,,seg_length_cm,7.0,,cm,50,1312.6999999999998
3,2026-07-21,7330-2,7330,,internode,6.0,,seg_length_cm,8.5,,cm,50,1312.6999999999998
3,2026-07-21,7330-2,7330,,internode,7.0,,seg_length_cm,13.0,,cm,50,1312.6999999999998
3,2026-07-21,7330-2,7330,,internode,8.0,,seg_length_cm,17.0,,cm,50,1312.6999999999998
3,2026-07-21,7330-2,7330,,internode,9.0,,seg_length_cm,14.5,,cm,50,1312.6999999999998
3,2026-07-21,7330-2,7330,,internode,10.0,,seg_length_cm,10.0,,cm,50,1312.6999999999998
3,2026-07-21,7330-3,7330,,internode,1.0,,seg_length_cm,9.5,,cm,50,1312.6999999999998
3,2026-07-21,7330-3,7330,,internode,2.0,,seg_length_cm,4.0,,cm,50,1312.6999999999998
3,2026-07-21,7330-3,7330,,internode,3.0,,seg_length_cm,2.5,,cm,50,1312.6999999999998
3,2026-07-21,7330-3,7330,,internode,4.0,,seg_length_cm,3.5,,cm,50,1312.6999999999998
3,2026-07-21,7330-3,7330,,internode,5.0,,seg_length_cm,5.0,,cm,50,1312.6999999999998
3,2026-07-21,7330-3,7330,,internode,6.0,,seg_length_cm,6.0,,cm,50,1312.6999999999998
3,2026-07-21,7330-3,7330,,internode,7.0,,seg_length_cm,14.0,,cm,50,1312.6999999999998
3,2026-07-21,7330-3,7330,,internode,8.0,,seg_length_cm,15.5,,cm,50,1312.6999999999998
3,2026-07-21,7330-3,7330,,internode,9.0,,seg_length_cm,14.5,,cm,50,1312.6999999999998
3,2026-07-21,7330-3,7330,,internode,10.0,,seg_length_cm,7.5,,cm,50,1312.6999999999998
3,2026-07-21,7330-4,7330,,internode,1.0,,seg_length_cm,9.0,,cm,50,1312.6999999999998
3,2026-07-21,7330-4,7330,,internode,2.0,,seg_length_cm,3.5,,cm,50,1312.6999999999998
3,2026-07-21,7330-4,7330,,internode,3.0,,seg_length_cm,3.0,,cm,50,1312.6999999999998
3,2026-07-21,7330-4,7330,,internode,4.0,,seg_length_cm,4.0,,cm,50,1312.6999999999998
3,2026-07-21,7330-4,7330,,internode,5.0,,seg_length_cm,3.5,,cm,50,1312.6999999999998
3,2026-07-21,7330-4,7330,,internode,6.0,,seg_length_cm,9.0,,cm,50,1312.6999999999998
3,2026-07-21,7330-4,7330,,internode,7.0,,seg_length_cm,10.5,,cm,50,1312.6999999999998
3,2026-07-21,7330-4,7330,,internode,8.0,,seg_length_cm,16.5,,cm,50,1312.6999999999998
3,2026-07-21,7330-4,7330,,internode,9.0,,seg_length_cm,14.5,,cm,50,1312.6999999999998
3,2026-07-21,7330-4,7330,,internode,10.0,,seg_length_cm,10.0,,cm,50,1312.6999999999998
3,2026-07-21,7330-5,7330,,internode,1.0,,seg_length_cm,12.0,,cm,50,1312.6999999999998
3,2026-07-21,7330-5,7330,,internode,2.0,,seg_length_cm,4.0,,cm,50,1312.6999999999998
3,2026-07-21,7330-5,7330,,internode,3.0,,seg_length_cm,3.5,,cm,50,1312.6999999999998
3,2026-07-21,7330-5,7330,,internode,4.0,,seg_length_cm,3.0,,cm,50,1312.6999999999998
3,2026-07-21,7330-5,7330,,internode,5.0,,seg_length_cm,5.0,,cm,50,1312.6999999999998
3,2026-07-21,7330-5,7330,,internode,6.0,,seg_length_cm,6.5,,cm,50,1312.6999999999998
3,2026-07-21,7330-5,7330,,internode,7.0,,seg_length_cm,9.0,,cm,50,1312.6999999999998
3,2026-07-21,7330-5,7330,,internode,8.0,,seg_length_cm,12.5,,cm,50,1312.6999999999998
3,2026-07-21,7330-5,7330,,internode,9.0,,seg_length_cm,15.0,,cm,50,1312.6999999999998
3,2026-07-21,7330-5,7330,,internode,10.0,,seg_length_cm,12.5,,cm,50,1312.6999999999998
3,2026-07-21,7330-5,7330,,internode,11.0,,seg_length_cm,6.5,,cm,50,1312.6999999999998
3,2026-07-21,7430-1,7430,,internode,1.0,,seg_length_cm,12.5,,cm,50,1312.6999999999998
3,2026-07-21,7430-1,7430,,internode,2.0,,seg_length_cm,5.5,,cm,50,1312.6999999999998
3,2026-07-21,7430-1,7430,,internode,3.0,,seg_length_cm,4.0,,cm,50,1312.6999999999998
3,2026-07-21,7430-1,7430,,internode,4.0,,seg_length_cm,8.0,,cm,50,1312.6999999999998
3,2026-07-21,7430-1,7430,,internode,5.0,,seg_length_cm,14.5,,cm,50,1312.6999999999998
3,2026-07-21,7430-1,7430,,internode,6.0,,seg_length_cm,14.0,,cm,50,1312.6999999999998
3,2026-07-21,7430-1,7430,,internode,7.0,,seg_length_cm,5.5,,cm,50,1312.6999999999998
3,2026-07-21,7430-2,7430,,internode,1.0,,seg_length_cm,10.0,,cm,50,1312.6999999999998
3,2026-07-21,7430-2,7430,,internode,2.0,,seg_length_cm,3.5,,cm,50,1312.6999999999998
3,2026-07-21,7430-2,7430,,internode,3.0,,seg_length_cm,3.5,,cm,50,1312.6999999999998
3,2026-07-21,7430-2,7430,,internode,4.0,,seg_length_cm,6.0,,cm,50,1312.6999999999998
3,2026-07-21,7430-2,7430,,internode,5.0,,seg_length_cm,10.5,,cm,50,1312.6999999999998
3,2026-07-21,7430-2,7430,,internode,6.0,,seg_length_cm,13.5,,cm,50,1312.6999999999998
3,2026-07-21,7430-2,7430,,internode,7.0,,seg_length_cm,9.5,,cm,50,1312.6999999999998
3,2026-07-21,7430-2,7430,,internode,8.0,,seg_length_cm,1.5,,cm,50,1312.6999999999998
3,2026-07-21,7430-3,7430,,internode,1.0,,seg_length_cm,9.0,,cm,50,1312.6999999999998
3,2026-07-21,7430-3,7430,,internode,2.0,,seg_length_cm,5.0,,cm,50,1312.6999999999998
3,2026-07-21,7430-3,7430,,internode,3.0,,seg_length_cm,3.0,,cm,50,1312.6999999999998
3,2026-07-21,7430-3,7430,,internode,4.0,,seg_length_cm,6.0,,cm,50,1312.6999999999998
3,2026-07-21,7430-3,7430,,internode,5.0,,seg_length_cm,4.5,,cm,50,1312.6999999999998
3,2026-07-21,7430-3,7430,,internode,6.0,,seg_length_cm,15.0,,cm,50,1312.6999999999998
3,2026-07-21,7430-3,7430,,internode,7.0,,seg_length_cm,14.5,,cm,50,1312.6999999999998
3,2026-07-21,7430-3,7430,,internode,8.0,,seg_length_cm,7.0,,cm,50,1312.6999999999998
3,2026-07-21,7430-4,7430,,internode,1.0,,seg_length_cm,8.5,,cm,50,1312.6999999999998
3,2026-07-21,7430-4,7430,,internode,2.0,,seg_length_cm,4.0,,cm,50,1312.6999999999998
3,2026-07-21,7430-4,7430,,internode,3.0,,seg_length_cm,2.5,,cm,50,1312.6999999999998
3,2026-07-21,7430-4,7430,,internode,4.0,,seg_length_cm,4.5,,cm,50,1312.6999999999998
3,2026-07-21,7430-4,7430,,internode,5.0,,seg_length_cm,3.5,,cm,50,1312.6999999999998
3,2026-07-21,7430-4,7430,,internode,6.0,,seg_length_cm,10.0,,cm,50,1312.6999999999998
3,2026-07-21,7430-4,7430,,internode,7.0,,seg_length_cm,14.0,,cm,50,1312.6999999999998
3,2026-07-21,7430-4,7430,,internode,8.0,,seg_length_cm,8.5,,cm,50,1312.6999999999998
3,2026-07-21,7430-4,7430,,internode,9.0,,seg_length_cm,3.5,,cm,50,1312.6999999999998
3,2026-07-21,7430-5,7430,,internode,1.0,,seg_length_cm,15.0,,cm,50,1312.6999999999998
3,2026-07-21,7430-5,7430,,internode,2.0,,seg_length_cm,5.0,,cm,50,1312.6999999999998
3,2026-07-21,7430-5,7430,,internode,3.0,,seg_length_cm,5.5,,cm,50,1312.6999999999998
3,2026-07-21,7430-5,7430,,internode,4.0,,seg_length_cm,5.5,,cm,50,1312.6999999999998
3,2026-07-21,7430-5,7430,,internode,5.0,,seg_length_cm,11.0,,cm,50,1312.6999999999998
3,2026-07-21,7430-5,7430,,internode,6.0,,seg_length_cm,16.5,,cm,50,1312.6999999999998
3,2026-07-21,7430-5,7430,,internode,7.0,,seg_length_cm,9.0,,cm,50,1312.6999999999998
3,2026-07-21,7430-5,7430,,internode,8.0,,seg_length_cm,3.5,,cm,50,1312.6999999999998
3,2026-07-21,7530-5,7530,,leaf,1.0,,length_cm,26.5,,cm,50,1312.6999999999998
3,2026-07-21,7530-5,7530,,leaf,1.0,,width_cm,1.5,,cm,50,1312.6999999999998
3,2026-07-21,7530-5,7530,,leaf,2.0,,length_cm,32.0,,cm,50,1312.6999999999998
3,2026-07-21,7530-5,7530,,leaf,2.0,,width_cm,2.1,,cm,50,1312.6999999999998
3,2026-07-21,7530-5,7530,,leaf,3.0,,length_cm,40.5,,cm,50,1312.6999999999998
3,2026-07-21,7530-5,7530,,leaf,3.0,,width_cm,3.7,,cm,50,1312.6999999999998
3,2026-07-21,7530-5,7530,,leaf,4.0,,length_cm,49.0,,cm,50,1312.6999999999998
3,2026-07-21,7530-5,7530,,leaf,4.0,,width_cm,3.6,,cm,50,1312.6999999999998
3,2026-07-21,7530-5,7530,,leaf,5.0,,length_cm,58.0,,cm,50,1312.6999999999998
3,2026-07-21,7530-5,7530,,leaf,5.0,,width_cm,4.5,,cm,50,1312.6999999999998
3,2026-07-21,7530-5,7530,,leaf,6.0,,length_cm,67.0,,cm,50,1312.6999999999998
3,2026-07-21,7530-5,7530,,leaf,6.0,,width_cm,5.5,,cm,50,1312.6999999999998
3,2026-07-21,7530-5,7530,,leaf,7.0,,length_cm,73.0,,cm,50,1312.6999999999998
3,2026-07-21,7530-5,7530,,leaf,7.0,,width_cm,6.1,,cm,50,1312.6999999999998
3,2026-07-21,7530-5,7530,,leaf,8.0,,length_cm,80.0,,cm,50,1312.6999999999998
3,2026-07-21,7530-5,7530,,leaf,8.0,,width_cm,6.4,,cm,50,1312.6999999999998
3,2026-07-21,7530-5,7530,,leaf,9.0,,length_cm,72.0,,cm,50,1312.6999999999998
3,2026-07-21,7530-5,7530,,leaf,9.0,,width_cm,7.5,,cm,50,1312.6999999999998
3,2026-07-21,7530-5,7530,,leaf,10.0,,length_cm,47.0,,cm,50,1312.6999999999998
3,2026-07-21,7530-5,7530,,leaf,10.0,,width_cm,6.8,,cm,50,1312.6999999999998
3,2026-07-21,7530-4,7530,,leaf,1.0,,length_cm,43.0,,cm,50,1312.6999999999998
3,2026-07-21,7530-4,7530,,leaf,1.0,,width_cm,3.1,,cm,50,1312.6999999999998
3,2026-07-21,7530-4,7530,,leaf,2.0,,length_cm,44.0,,cm,50,1312.6999999999998
3,2026-07-21,7530-4,7530,,leaf,2.0,,width_cm,3.8,,cm,50,1312.6999999999998
3,2026-07-21,7530-4,7530,,leaf,3.0,,length_cm,53.5,,cm,50,1312.6999999999998
3,2026-07-21,7530-4,7530,,leaf,3.0,,width_cm,4.3,,cm,50,1312.6999999999998
3,2026-07-21,7530-4,7530,,leaf,4.0,,length_cm,59.0,,cm,50,1312.6999999999998
3,2026-07-21,7530-4,7530,,leaf,4.0,,width_cm,5.0,,cm,50,1312.6999999999998
3,2026-07-21,7530-4,7530,,leaf,5.0,,length_cm,67.5,,cm,50,1312.6999999999998
3,2026-07-21,7530-4,7530,,leaf,5.0,,width_cm,6.0,,cm,50,1312.6999999999998
3,2026-07-21,7530-4,7530,,leaf,6.0,,length_cm,73.0,,cm,50,1312.6999999999998
3,2026-07-21,7530-4,7530,,leaf,6.0,,width_cm,7.4,,cm,50,1312.6999999999998
3,2026-07-21,7530-4,7530,,leaf,7.0,,length_cm,79.0,,cm,50,1312.6999999999998
3,2026-07-21,7530-4,7530,,leaf,7.0,,width_cm,7.6,,cm,50,1312.6999999999998
3,2026-07-21,7530-4,7530,,leaf,8.0,,length_cm,81.5,,cm,50,1312.6999999999998
3,2026-07-21,7530-4,7530,,leaf,8.0,,width_cm,8.4,,cm,50,1312.6999999999998
3,2026-07-21,7530-4,7530,,leaf,9.0,,length_cm,71.5,,cm,50,1312.6999999999998
3,2026-07-21,7530-4,7530,,leaf,9.0,,width_cm,9.2,,cm,50,1312.6999999999998
3,2026-07-21,7530-4,7530,,leaf,10.0,,length_cm,54.0,,cm,50,1312.6999999999998
3,2026-07-21,7530-4,7530,,leaf,10.0,,width_cm,8.1,,cm,50,1312.6999999999998
3,2026-07-21,7530-3,7530,,leaf,1.0,,length_cm,28.0,,cm,50,1312.6999999999998
3,2026-07-21,7530-3,7530,,leaf,1.0,,width_cm,2.2,,cm,50,1312.6999999999998
3,2026-07-21,7530-3,7530,,leaf,2.0,,length_cm,30.0,,cm,50,1312.6999999999998
3,2026-07-21,7530-3,7530,,leaf,2.0,,width_cm,2.8,,cm,50,1312.6999999999998
3,2026-07-21,7530-3,7530,,leaf,3.0,,length_cm,35.5,,cm,50,1312.6999999999998
3,2026-07-21,7530-3,7530,,leaf,3.0,,width_cm,3.4,,cm,50,1312.6999999999998
3,2026-07-21,7530-3,7530,,leaf,4.0,,length_cm,40.0,,cm,50,1312.6999999999998
3,2026-07-21,7530-3,7530,,leaf,4.0,,width_cm,3.6,,cm,50,1312.6999999999998
3,2026-07-21,7530-3,7530,,leaf,5.0,,length_cm,47.8,,cm,50,1312.6999999999998
3,2026-07-21,7530-3,7530,,leaf,5.0,,width_cm,4.5,,cm,50,1312.6999999999998
3,2026-07-21,7530-3,7530,,leaf,6.0,,length_cm,49.0,,cm,50,1312.6999999999998
3,2026-07-21,7530-3,7530,,leaf,6.0,,width_cm,5.6,,cm,50,1312.6999999999998
3,2026-07-21,7530-3,7530,,leaf,7.0,,length_cm,59.0,,cm,50,1312.6999999999998
3,2026-07-21,7530-3,7530,,leaf,7.0,,width_cm,6.7,,cm,50,1312.6999999999998
3,2026-07-21,7530-3,7530,,leaf,8.0,,length_cm,58.0,,cm,50,1312.6999999999998
3,2026-07-21,7530-3,7530,,leaf,8.0,,width_cm,7.5,,cm,50,1312.6999999999998
3,2026-07-21,7530-3,7530,,leaf,9.0,,length_cm,65.0,,cm,50,1312.6999999999998
3,2026-07-21,7530-3,7530,,leaf,9.0,,width_cm,7.9,,cm,50,1312.6999999999998
3,2026-07-21,7530-3,7530,,leaf,10.0,,length_cm,66.5,,cm,50,1312.6999999999998
3,2026-07-21,7530-3,7530,,leaf,10.0,,width_cm,7.8,,cm,50,1312.6999999999998
3,2026-07-21,7530-3,7530,,leaf,11.0,,length_cm,70.5,,cm,50,1312.6999999999998
3,2026-07-21,7530-3,7530,,leaf,11.0,,width_cm,8.2,,cm,50,1312.6999999999998
3,2026-07-21,7530-3,7530,,leaf,12.0,,length_cm,69.0,,cm,50,1312.6999999999998
3,2026-07-21,7530-3,7530,,leaf,12.0,,width_cm,8.4,,cm,50,1312.6999999999998
3,2026-07-21,7530-3,7530,,leaf,13.0,,length_cm,57.5,,cm,50,1312.6999999999998
3,2026-07-21,7530-3,7530,,leaf,13.0,,width_cm,8.3,,cm,50,1312.6999999999998
3,2026-07-21,7530-3,7530,,leaf,14.0,,length_cm,42.5,,cm,50,1312.6999999999998
3,2026-07-21,7530-3,7530,,leaf,14.0,,width_cm,7.0,,cm,50,1312.6999999999998
3,2026-07-21,7530-2,7530,,leaf,1.0,,length_cm,35.0,,cm,50,1312.6999999999998
3,2026-07-21,7530-2,7530,,leaf,1.0,,width_cm,3.5,,cm,50,1312.6999999999998
3,2026-07-21,7530-2,7530,,leaf,2.0,,length_cm,43.0,,cm,50,1312.6999999999998
3,2026-07-21,7530-2,7530,,leaf,2.0,,width_cm,5.5,,cm,50,1312.6999999999998
3,2026-07-21,7530-2,7530,,leaf,3.0,,length_cm,47.0,,cm,50,1312.6999999999998
3,2026-07-21,7530-2,7530,,leaf,3.0,,width_cm,4.3,,cm,50,1312.6999999999998
3,2026-07-21,7530-2,7530,,leaf,4.0,,length_cm,49.0,,cm,50,1312.6999999999998
3,2026-07-21,7530-2,7530,,leaf,4.0,,width_cm,4.8,,cm,50,1312.6999999999998
3,2026-07-21,7530-2,7530,,leaf,5.0,,length_cm,54.0,,cm,50,1312.6999999999998
3,2026-07-21,7530-2,7530,,leaf,5.0,,width_cm,5.2,,cm,50,1312.6999999999998
3,2026-07-21,7530-2,7530,,leaf,6.0,,length_cm,59.0,,cm,50,1312.6999999999998
3,2026-07-21,7530-2,7530,,leaf,6.0,,width_cm,7.1,,cm,50,1312.6999999999998
3,2026-07-21,7530-2,7530,,leaf,7.0,,length_cm,63.5,,cm,50,1312.6999999999998
3,2026-07-21,7530-2,7530,,leaf,7.0,,width_cm,7.7,,cm,50,1312.6999999999998
3,2026-07-21,7530-2,7530,,leaf,8.0,,length_cm,66.5,,cm,50,1312.6999999999998
3,2026-07-21,7530-2,7530,,leaf,8.0,,width_cm,8.5,,cm,50,1312.6999999999998
3,2026-07-21,7530-2,7530,,leaf,9.0,,length_cm,70.0,,cm,50,1312.6999999999998
3,2026-07-21,7530-2,7530,,leaf,9.0,,width_cm,8.5,,cm,50,1312.6999999999998
3,2026-07-21,7530-2,7530,,leaf,10.0,,length_cm,68.0,,cm,50,1312.6999999999998
3,2026-07-21,7530-2,7530,,leaf,10.0,,width_cm,8.8,,cm,50,1312.6999999999998
3,2026-07-21,7530-2,7530,,leaf,11.0,,length_cm,73.0,,cm,50,1312.6999999999998
3,2026-07-21,7530-2,7530,,leaf,11.0,,width_cm,8.8,,cm,50,1312.6999999999998
3,2026-07-21,7530-2,7530,,leaf,12.0,,length_cm,61.0,,cm,50,1312.6999999999998
3,2026-07-21,7530-2,7530,,leaf,12.0,,width_cm,8.0,,cm,50,1312.6999999999998
3,2026-07-21,7530-2,7530,,leaf,13.0,,length_cm,41.0,,cm,50,1312.6999999999998
3,2026-07-21,7530-2,7530,,leaf,13.0,,width_cm,6.8,,cm,50,1312.6999999999998
3,2026-07-21,7530-1,7530,,leaf,1.0,,length_cm,24.0,,cm,50,1312.6999999999998
3,2026-07-21,7530-1,7530,,leaf,1.0,,width_cm,2.5,,cm,50,1312.6999999999998
3,2026-07-21,7530-1,7530,,leaf,2.0,,length_cm,31.0,,cm,50,1312.6999999999998
3,2026-07-21,7530-1,7530,,leaf,2.0,,width_cm,2.5,,cm,50,1312.6999999999998
3,2026-07-21,7530-1,7530,,leaf,3.0,,length_cm,28.0,,cm,50,1312.6999999999998
3,2026-07-21,7530-1,7530,,leaf,3.0,,width_cm,2.8,,cm,50,1312.6999999999998
3,2026-07-21,7530-1,7530,,leaf,4.0,,length_cm,41.5,,cm,50,1312.6999999999998
3,2026-07-21,7530-1,7530,,leaf,4.0,,width_cm,3.8,,cm,50,1312.6999999999998
3,2026-07-21,7530-1,7530,,leaf,5.0,,length_cm,44.5,,cm,50,1312.6999999999998
3,2026-07-21,7530-1,7530,,leaf,5.0,,width_cm,3.7,,cm,50,1312.6999999999998
3,2026-07-21,7530-1,7530,,leaf,6.0,,length_cm,53.5,,cm,50,1312.6999999999998
3,2026-07-21,7530-1,7530,,leaf,6.0,,width_cm,3.9,,cm,50,1312.6999999999998
3,2026-07-21,7530-1,7530,,leaf,7.0,,length_cm,53.0,,cm,50,1312.6999999999998
3,2026-07-21,7530-1,7530,,leaf,7.0,,width_cm,4.9,,cm,50,1312.6999999999998
3,2026-07-21,7530-1,7530,,leaf,8.0,,length_cm,61.0,,cm,50,1312.6999999999998
3,2026-07-21,7530-1,7530,,leaf,8.0,,width_cm,5.5,,cm,50,1312.6999999999998
3,2026-07-21,7530-1,7530,,leaf,9.0,,length_cm,64.5,,cm,50,1312.6999999999998
3,2026-07-21,7530-1,7530,,leaf,9.0,,width_cm,6.3,,cm,50,1312.6999999999998
3,2026-07-21,7530-1,7530,,leaf,10.0,,length_cm,66.5,,cm,50,1312.6999999999998
3,2026-07-21,7530-1,7530,,leaf,10.0,,width_cm,7.0,,cm,50,1312.6999999999998
3,2026-07-21,7530-1,7530,,leaf,11.0,,length_cm,67.0,,cm,50,1312.6999999999998
3,2026-07-21,7530-1,7530,,leaf,11.0,,width_cm,8.6,,cm,50,1312.6999999999998
3,2026-07-21,7530-1,7530,,leaf,12.0,,length_cm,68.0,,cm,50,1312.6999999999998
3,2026-07-21,7530-1,7530,,leaf,12.0,,width_cm,8.5,,cm,50,1312.6999999999998
3,2026-07-21,7530-1,7530,,leaf,13.0,,length_cm,53.5,,cm,50,1312.6999999999998
3,2026-07-21,7530-1,7530,,leaf,13.0,,width_cm,7.5,,cm,50,1312.6999999999998
3,2026-07-21,7530-1,7530,,leaf,14.0,,length_cm,37.5,,cm,50,1312.6999999999998
3,2026-07-21,7530-1,7530,,leaf,14.0,,width_cm,5.7,,cm,50,1312.6999999999998
3,2026-07-21,7330-1,7330,,leaf,1.0,,length_cm,36.0,,cm,50,1312.6999999999998
3,2026-07-21,7330-1,7330,,leaf,1.0,,width_cm,3.2,,cm,50,1312.6999999999998
3,2026-07-21,7330-1,7330,,leaf,2.0,,length_cm,43.0,,cm,50,1312.6999999999998
3,2026-07-21,7330-1,7330,,leaf,2.0,,width_cm,3.9,,cm,50,1312.6999999999998
3,2026-07-21,7330-1,7330,,leaf,3.0,,length_cm,44.5,,cm,50,1312.6999999999998
3,2026-07-21,7330-1,7330,,leaf,3.0,,width_cm,4.5,,cm,50,1312.6999999999998
3,2026-07-21,7330-1,7330,,leaf,4.0,,length_cm,55.5,,cm,50,1312.6999999999998
3,2026-07-21,7330-1,7330,,leaf,4.0,,width_cm,5.1,,cm,50,1312.6999999999998
3,2026-07-21,7330-1,7330,,leaf,5.0,,length_cm,57.5,,cm,50,1312.6999999999998
3,2026-07-21,7330-1,7330,,leaf,5.0,,width_cm,6.2,,cm,50,1312.6999999999998
3,2026-07-21,7330-1,7330,,leaf,6.0,,length_cm,63.5,,cm,50,1312.6999999999998
3,2026-07-21,7330-1,7330,,leaf,6.0,,width_cm,6.8,,cm,50,1312.6999999999998
3,2026-07-21,7330-1,7330,,leaf,7.0,,length_cm,70.5,,cm,50,1312.6999999999998
3,2026-07-21,7330-1,7330,,leaf,7.0,,width_cm,7.3,,cm,50,1312.6999999999998
3,2026-07-21,7330-1,7330,,leaf,8.0,,length_cm,75.5,,cm,50,1312.6999999999998
3,2026-07-21,7330-1,7330,,leaf,8.0,,width_cm,9.4,,cm,50,1312.6999999999998
3,2026-07-21,7330-1,7330,,leaf,9.0,,length_cm,77.0,,cm,50,1312.6999999999998
3,2026-07-21,7330-1,7330,,leaf,9.0,,width_cm,9.5,,cm,50,1312.6999999999998
3,2026-07-21,7330-1,7330,,leaf,10.0,,length_cm,76.0,,cm,50,1312.6999999999998
3,2026-07-21,7330-1,7330,,leaf,10.0,,width_cm,9.9,,cm,50,1312.6999999999998
3,2026-07-21,7330-1,7330,,leaf,11.0,,length_cm,60.0,,cm,50,1312.6999999999998
3,2026-07-21,7330-1,7330,,leaf,11.0,,width_cm,9.3,,cm,50,1312.6999999999998
3,2026-07-21,7330-2,7330,,leaf,1.0,,length_cm,36.0,,cm,50,1312.6999999999998
3,2026-07-21,7330-2,7330,,leaf,1.0,,width_cm,3.4,,cm,50,1312.6999999999998
3,2026-07-21,7330-2,7330,,leaf,2.0,,length_cm,39.0,,cm,50,1312.6999999999998
3,2026-07-21,7330-2,7330,,leaf,2.0,,width_cm,4.5,,cm,50,1312.6999999999998
3,2026-07-21,7330-2,7330,,leaf,3.0,,length_cm,45.0,,cm,50,1312.6999999999998
3,2026-07-21,7330-2,7330,,leaf,3.0,,width_cm,5.1,,cm,50,1312.6999999999998
3,2026-07-21,7330-2,7330,,leaf,4.0,,length_cm,50.0,,cm,50,1312.6999999999998
3,2026-07-21,7330-2,7330,,leaf,4.0,,width_cm,5.5,,cm,50,1312.6999999999998
3,2026-07-21,7330-2,7330,,leaf,5.0,,length_cm,56.0,,cm,50,1312.6999999999998
3,2026-07-21,7330-2,7330,,leaf,5.0,,width_cm,6.5,,cm,50,1312.6999999999998
3,2026-07-21,7330-2,7330,,leaf,6.0,,length_cm,63.0,,cm,50,1312.6999999999998
3,2026-07-21,7330-2,7330,,leaf,6.0,,width_cm,7.2,,cm,50,1312.6999999999998
3,2026-07-21,7330-2,7330,,leaf,7.0,,length_cm,69.0,,cm,50,1312.6999999999998
3,2026-07-21,7330-2,7330,,leaf,7.0,,width_cm,7.9,,cm,50,1312.6999999999998
3,2026-07-21,7330-2,7330,,leaf,8.0,,length_cm,73.0,,cm,50,1312.6999999999998
3,2026-07-21,7330-2,7330,,leaf,8.0,,width_cm,8.8,,cm,50,1312.6999999999998
3,2026-07-21,7330-2,7330,,leaf,9.0,,length_cm,79.5,,cm,50,1312.6999999999998
3,2026-07-21,7330-2,7330,,leaf,9.0,,width_cm,9.0,,cm,50,1312.6999999999998
3,2026-07-21,7330-2,7330,,leaf,10.0,,length_cm,80.5,,cm,50,1312.6999999999998
3,2026-07-21,7330-2,7330,,leaf,10.0,,width_cm,9.0,,cm,50,1312.6999999999998
3,2026-07-21,7330-2,7330,,leaf,11.0,,length_cm,71.0,,cm,50,1312.6999999999998
3,2026-07-21,7330-2,7330,,leaf,11.0,,width_cm,9.6,,cm,50,1312.6999999999998
3,2026-07-21,7330-2,7330,,leaf,12.0,,length_cm,48.5,,cm,50,1312.6999999999998
3,2026-07-21,7330-2,7330,,leaf,12.0,,width_cm,9.3,,cm,50,1312.6999999999998
3,2026-07-21,7330-3,7330,,leaf,1.0,,length_cm,33.0,,cm,50,1312.6999999999998
3,2026-07-21,7330-3,7330,,leaf,1.0,,width_cm,2.5,,cm,50,1312.6999999999998
3,2026-07-21,7330-3,7330,,leaf,2.0,,length_cm,37.5,,cm,50,1312.6999999999998
3,2026-07-21,7330-3,7330,,leaf,2.0,,width_cm,3.6,,cm,50,1312.6999999999998
3,2026-07-21,7330-3,7330,,leaf,3.0,,length_cm,4.35,,cm,50,1312.6999999999998
3,2026-07-21,7330-3,7330,,leaf,3.0,,width_cm,3.7,,cm,50,1312.6999999999998
3,2026-07-21,7330-3,7330,,leaf,4.0,,length_cm,51.5,,cm,50,1312.6999999999998
3,2026-07-21,7330-3,7330,,leaf,4.0,,width_cm,4.3,,cm,50,1312.6999999999998
3,2026-07-21,7330-3,7330,,leaf,5.0,,length_cm,59.5,,cm,50,1312.6999999999998
3,2026-07-21,7330-3,7330,,leaf,5.0,,width_cm,5.5,,cm,50,1312.6999999999998
3,2026-07-21,7330-3,7330,,leaf,6.0,,length_cm,67.5,,cm,50,1312.6999999999998
3,2026-07-21,7330-3,7330,,leaf,6.0,,width_cm,6.2,,cm,50,1312.6999999999998
3,2026-07-21,7330-3,7330,,leaf,7.0,,length_cm,72.5,,cm,50,1312.6999999999998
3,2026-07-21,7330-3,7330,,leaf,7.0,,width_cm,6.9,,cm,50,1312.6999999999998
3,2026-07-21,7330-3,7330,,leaf,8.0,,length_cm,76.5,,cm,50,1312.6999999999998
3,2026-07-21,7330-3,7330,,leaf,8.0,,width_cm,6.9,,cm,50,1312.6999999999998
3,2026-07-21,7330-3,7330,,leaf,9.0,,length_cm,74.0,,cm,50,1312.6999999999998
3,2026-07-21,7330-3,7330,,leaf,9.0,,width_cm,7.5,,cm,50,1312.6999999999998
3,2026-07-21,7330-3,7330,,leaf,10.0,,length_cm,65.0,,cm,50,1312.6999999999998
3,2026-07-21,7330-3,7330,,leaf,10.0,,width_cm,7.0,,cm,50,1312.6999999999998
3,2026-07-21,7330-3,7330,,leaf,11.0,,length_cm,45.0,,cm,50,1312.6999999999998
3,2026-07-21,7330-3,7330,,leaf,11.0,,width_cm,6.4,,cm,50,1312.6999999999998
3,2026-07-21,7330-4,7330,,leaf,1.0,,length_cm,25.0,,cm,50,1312.6999999999998
3,2026-07-21,7330-4,7330,,leaf,1.0,,width_cm,3.6,,cm,50,1312.6999999999998
3,2026-07-21,7330-4,7330,,leaf,2.0,,length_cm,36.0,,cm,50,1312.6999999999998
3,2026-07-21,7330-4,7330,,leaf,2.0,,width_cm,4.0,,cm,50,1312.6999999999998
3,2026-07-21,7330-4,7330,,leaf,3.0,,length_cm,39.0,,cm,50,1312.6999999999998
3,2026-07-21,7330-4,7330,,leaf,3.0,,width_cm,4.6,,cm,50,1312.6999999999998
3,2026-07-21,7330-4,7330,,leaf,4.0,,length_cm,45.0,,cm,50,1312.6999999999998
3,2026-07-21,7330-4,7330,,leaf,4.0,,width_cm,5.4,,cm,50,1312.6999999999998
3,2026-07-21,7330-4,7330,,leaf,5.0,,length_cm,46.0,,cm,50,1312.6999999999998
3,2026-07-21,7330-4,7330,,leaf,5.0,,width_cm,6.5,,cm,50,1312.6999999999998
3,2026-07-21,7330-4,7330,,leaf,6.0,,length_cm,54.0,,cm,50,1312.6999999999998
3,2026-07-21,7330-4,7330,,leaf,6.0,,width_cm,7.0,,cm,50,1312.6999999999998
3,2026-07-21,7330-4,7330,,leaf,7.0,,length_cm,56.0,,cm,50,1312.6999999999998
3,2026-07-21,7330-4,7330,,leaf,7.0,,width_cm,7.5,,cm,50,1312.6999999999998
3,2026-07-21,7330-4,7330,,leaf,8.0,,length_cm,62.0,,cm,50,1312.6999999999998
3,2026-07-21,7330-4,7330,,leaf,8.0,,width_cm,8.5,,cm,50,1312.6999999999998
3,2026-07-21,7330-4,7330,,leaf,9.0,,length_cm,63.0,,cm,50,1312.6999999999998
3,2026-07-21,7330-4,7330,,leaf,9.0,,width_cm,9.4,,cm,50,1312.6999999999998
3,2026-07-21,7330-4,7330,,leaf,10.0,,length_cm,66.0,,cm,50,1312.6999999999998
3,2026-07-21,7330-4,7330,,leaf,10.0,,width_cm,9.0,,cm,50,1312.6999999999998
3,2026-07-21,7330-4,7330,,leaf,11.0,,length_cm,65.0,,cm,50,1312.6999999999998
3,2026-07-21,7330-4,7330,,leaf,11.0,,width_cm,8.9,,cm,50,1312.6999999999998
3,2026-07-21,7330-4,7330,,leaf,12.0,,length_cm,67.5,,cm,50,1312.6999999999998
3,2026-07-21,7330-4,7330,,leaf,12.0,,width_cm,8.9,,cm,50,1312.6999999999998
3,2026-07-21,7330-4,7330,,leaf,13.0,,length_cm,59.5,,cm,50,1312.6999999999998
3,2026-07-21,7330-4,7330,,leaf,13.0,,width_cm,8.4,,cm,50,1312.6999999999998
3,2026-07-21,7330-4,7330,,leaf,14.0,,length_cm,43.5,,cm,50,1312.6999999999998
3,2026-07-21,7330-4,7330,,leaf,14.0,,width_cm,7.0,,cm,50,1312.6999999999998
3,2026-07-21,7330-4,7330,,leaf,15.0,,length_cm,28.0,,cm,50,1312.6999999999998
3,2026-07-21,7330-5,7330,,leaf,1.0,,length_cm,34.0,,cm,50,1312.6999999999998
3,2026-07-21,7330-5,7330,,leaf,1.0,,width_cm,3.2,,cm,50,1312.6999999999998
3,2026-07-21,7330-5,7330,,leaf,2.0,,length_cm,40.0,,cm,50,1312.6999999999998
3,2026-07-21,7330-5,7330,,leaf,2.0,,width_cm,4.4,,cm,50,1312.6999999999998
3,2026-07-21,7330-5,7330,,leaf,3.0,,length_cm,45.0,,cm,50,1312.6999999999998
3,2026-07-21,7330-5,7330,,leaf,3.0,,width_cm,4.5,,cm,50,1312.6999999999998
3,2026-07-21,7330-5,7330,,leaf,4.0,,length_cm,50.5,,cm,50,1312.6999999999998
3,2026-07-21,7330-5,7330,,leaf,4.0,,width_cm,4.8,,cm,50,1312.6999999999998
3,2026-07-21,7330-5,7330,,leaf,5.0,,length_cm,52.0,,cm,50,1312.6999999999998
3,2026-07-21,7330-5,7330,,leaf,5.0,,width_cm,5.8,,cm,50,1312.6999999999998
3,2026-07-21,7330-5,7330,,leaf,6.0,,length_cm,60.0,,cm,50,1312.6999999999998
3,2026-07-21,7330-5,7330,,leaf,6.0,,width_cm,6.6,,cm,50,1312.6999999999998
3,2026-07-21,7330-5,7330,,leaf,7.0,,length_cm,58.5,,cm,50,1312.6999999999998
3,2026-07-21,7330-5,7330,,leaf,7.0,,width_cm,8.5,,cm,50,1312.6999999999998
3,2026-07-21,7330-5,7330,,leaf,8.0,,length_cm,60.5,,cm,50,1312.6999999999998
3,2026-07-21,7330-5,7330,,leaf,8.0,,width_cm,8.7,,cm,50,1312.6999999999998
3,2026-07-21,7330-5,7330,,leaf,9.0,,length_cm,63.5,,cm,50,1312.6999999999998
3,2026-07-21,7330-5,7330,,leaf,9.0,,width_cm,8.7,,cm,50,1312.6999999999998
3,2026-07-21,7330-5,7330,,leaf,10.0,,length_cm,68.0,,cm,50,1312.6999999999998
3,2026-07-21,7330-5,7330,,leaf,10.0,,width_cm,9.1,,cm,50,1312.6999999999998
3,2026-07-21,7330-5,7330,,leaf,11.0,,length_cm,71.5,,cm,50,1312.6999999999998
3,2026-07-21,7330-5,7330,,leaf,11.0,,width_cm,9.3,,cm,50,1312.6999999999998
3,2026-07-21,7330-5,7330,,leaf,12.0,,length_cm,69.5,,cm,50,1312.6999999999998
3,2026-07-21,7330-5,7330,,leaf,12.0,,width_cm,8.9,,cm,50,1312.6999999999998
3,2026-07-21,7330-5,7330,,leaf,13.0,,length_cm,57.0,,cm,50,1312.6999999999998
3,2026-07-21,7330-5,7330,,leaf,13.0,,width_cm,8.6,,cm,50,1312.6999999999998
3,2026-07-21,7330-5,7330,,leaf,14.0,,length_cm,42.5,,cm,50,1312.6999999999998
3,2026-07-21,7330-5,7330,,leaf,14.0,,width_cm,6.3,,cm,50,1312.6999999999998
3,2026-07-21,7430-1,7430,,leaf,1.0,,length_cm,31.0,,cm,50,1312.6999999999998
3,2026-07-21,7430-1,7430,,leaf,1.0,,width_cm,1.9,,cm,50,1312.6999999999998
3,2026-07-21,7430-1,7430,,leaf,2.0,,length_cm,38.0,,cm,50,1312.6999999999998
3,2026-07-21,7430-1,7430,,leaf,2.0,,width_cm,2.6,,cm,50,1312.6999999999998
3,2026-07-21,7430-1,7430,,leaf,3.0,,length_cm,45.0,,cm,50,1312.6999999999998
3,2026-07-21,7430-1,7430,,leaf,3.0,,width_cm,3.0,,cm,50,1312.6999999999998
3,2026-07-21,7430-1,7430,,leaf,4.0,,length_cm,52.5,,cm,50,1312.6999999999998
3,2026-07-21,7430-1,7430,,leaf,4.0,,width_cm,4.1,,cm,50,1312.6999999999998
3,2026-07-21,7430-1,7430,,leaf,5.0,,length_cm,60.5,,cm,50,1312.6999999999998
3,2026-07-21,7430-1,7430,,leaf,5.0,,width_cm,5.4,,cm,50,1312.6999999999998
3,2026-07-21,7430-1,7430,,leaf,6.0,,length_cm,65.0,,cm,50,1312.6999999999998
3,2026-07-21,7430-1,7430,,leaf,6.0,,width_cm,5.6,,cm,50,1312.6999999999998
3,2026-07-21,7430-1,7430,,leaf,7.0,,length_cm,68.5,,cm,50,1312.6999999999998
3,2026-07-21,7430-1,7430,,leaf,7.0,,width_cm,5.5,,cm,50,1312.6999999999998
3,2026-07-21,7430-1,7430,,leaf,8.0,,length_cm,64.5,,cm,50,1312.6999999999998
3,2026-07-21,7430-1,7430,,leaf,8.0,,width_cm,5.3,,cm,50,1312.6999999999998
3,2026-07-21,7430-1,7430,,leaf,9.0,,length_cm,54.0,,cm,50,1312.6999999999998
3,2026-07-21,7430-1,7430,,leaf,9.0,,width_cm,7.3,,cm,50,1312.6999999999998
3,2026-07-21,7430-1,7430,,leaf,10.0,,length_cm,36.0,,cm,50,1312.6999999999998
3,2026-07-21,7430-1,7430,,leaf,10.0,,width_cm,5.2,,cm,50,1312.6999999999998
3,2026-07-21,7430-2,7430,,leaf,1.0,,length_cm,31.0,,cm,50,1312.6999999999998
3,2026-07-21,7430-2,7430,,leaf,1.0,,width_cm,2.8,,cm,50,1312.6999999999998
3,2026-07-21,7430-2,7430,,leaf,2.0,,length_cm,37.0,,cm,50,1312.6999999999998
3,2026-07-21,7430-2,7430,,leaf,2.0,,width_cm,3.5,,cm,50,1312.6999999999998
3,2026-07-21,7430-2,7430,,leaf,3.0,,length_cm,44.5,,cm,50,1312.6999999999998
3,2026-07-21,7430-2,7430,,leaf,3.0,,width_cm,3.7,,cm,50,1312.6999999999998
3,2026-07-21,7430-2,7430,,leaf,4.0,,length_cm,50.0,,cm,50,1312.6999999999998
3,2026-07-21,7430-2,7430,,leaf,4.0,,width_cm,4.6,,cm,50,1312.6999999999998
3,2026-07-21,7430-2,7430,,leaf,5.0,,length_cm,57.5,,cm,50,1312.6999999999998
3,2026-07-21,7430-2,7430,,leaf,5.0,,width_cm,6.0,,cm,50,1312.6999999999998
3,2026-07-21,7430-2,7430,,leaf,6.0,,length_cm,61.5,,cm,50,1312.6999999999998
3,2026-07-21,7430-2,7430,,leaf,6.0,,width_cm,6.3,,cm,50,1312.6999999999998
3,2026-07-21,7430-2,7430,,leaf,7.0,,length_cm,64.0,,cm,50,1312.6999999999998
3,2026-07-21,7430-2,7430,,leaf,7.0,,width_cm,6.4,,cm,50,1312.6999999999998
3,2026-07-21,7430-2,7430,,leaf,8.0,,length_cm,64.5,,cm,50,1312.6999999999998
3,2026-07-21,7430-2,7430,,leaf,8.0,,width_cm,6.0,,cm,50,1312.6999999999998
3,2026-07-21,7430-2,7430,,leaf,9.0,,length_cm,56.5,,cm,50,1312.6999999999998
3,2026-07-21,7430-2,7430,,leaf,9.0,,width_cm,6.6,,cm,50,1312.6999999999998
3,2026-07-21,7430-2,7430,,leaf,10.0,,length_cm,44.5,,cm,50,1312.6999999999998
3,2026-07-21,7430-2,7430,,leaf,10.0,,width_cm,7.6,,cm,50,1312.6999999999998
3,2026-07-21,7430-2,7430,,leaf,11.0,,length_cm,31.0,,cm,50,1312.6999999999998
3,2026-07-21,7430-2,7430,,leaf,11.0,,width_cm,5.1,,cm,50,1312.6999999999998
3,2026-07-21,7430-3,7430,,leaf,1.0,,length_cm,24.0,,cm,50,1312.6999999999998
3,2026-07-21,7430-3,7430,,leaf,1.0,,width_cm,1.8,,cm,50,1312.6999999999998
3,2026-07-21,7430-3,7430,,leaf,2.0,,length_cm,34.0,,cm,50,1312.6999999999998
3,2026-07-21,7430-3,7430,,leaf,2.0,,width_cm,2.9,,cm,50,1312.6999999999998
3,2026-07-21,7430-3,7430,,leaf,3.0,,length_cm,35.5,,cm,50,1312.6999999999998
3,2026-07-21,7430-3,7430,,leaf,3.0,,width_cm,3.4,,cm,50,1312.6999999999998
3,2026-07-21,7430-3,7430,,leaf,4.0,,length_cm,30.0,,cm,50,1312.6999999999998
3,2026-07-21,7430-3,7430,,leaf,4.0,,width_cm,3.7,,cm,50,1312.6999999999998
3,2026-07-21,7430-3,7430,,leaf,5.0,,length_cm,48.0,,cm,50,1312.6999999999998
3,2026-07-21,7430-3,7430,,leaf,5.0,,width_cm,4.6,,cm,50,1312.6999999999998
3,2026-07-21,7430-3,7430,,leaf,6.0,,length_cm,56.0,,cm,50,1312.6999999999998
3,2026-07-21,7430-3,7430,,leaf,6.0,,width_cm,5.7,,cm,50,1312.6999999999998
3,2026-07-21,7430-3,7430,,leaf,7.0,,length_cm,62.0,,cm,50,1312.6999999999998
3,2026-07-21,7430-3,7430,,leaf,7.0,,width_cm,5.5,,cm,50,1312.6999999999998
3,2026-07-21,7430-3,7430,,leaf,8.0,,length_cm,66.5,,cm,50,1312.6999999999998
3,2026-07-21,7430-3,7430,,leaf,8.0,,width_cm,5.8,,cm,50,1312.6999999999998
3,2026-07-21,7430-3,7430,,leaf,9.0,,length_cm,67.0,,cm,50,1312.6999999999998
3,2026-07-21,7430-3,7430,,leaf,9.0,,width_cm,6.8,,cm,50,1312.6999999999998
3,2026-07-21,7430-3,7430,,leaf,10.0,,length_cm,59.0,,cm,50,1312.6999999999998
3,2026-07-21,7430-3,7430,,leaf,10.0,,width_cm,8.0,,cm,50,1312.6999999999998
3,2026-07-21,7430-3,7430,,leaf,11.0,,length_cm,40.5,,cm,50,1312.6999999999998
3,2026-07-21,7430-3,7430,,leaf,11.0,,width_cm,6.6,,cm,50,1312.6999999999998
3,2026-07-21,7430-4,7430,,leaf,1.0,,length_cm,23.0,,cm,50,1312.6999999999998
3,2026-07-21,7430-4,7430,,leaf,1.0,,width_cm,1.9,,cm,50,1312.6999999999998
3,2026-07-21,7430-4,7430,,leaf,2.0,,length_cm,28.5,,cm,50,1312.6999999999998
3,2026-07-21,7430-4,7430,,leaf,2.0,,width_cm,2.5,,cm,50,1312.6999999999998
3,2026-07-21,7430-4,7430,,leaf,3.0,,length_cm,36.0,,cm,50,1312.6999999999998
3,2026-07-21,7430-4,7430,,leaf,3.0,,width_cm,3.5,,cm,50,1312.6999999999998
3,2026-07-21,7430-4,7430,,leaf,4.0,,length_cm,42.5,,cm,50,1312.6999999999998
3,2026-07-21,7430-4,7430,,leaf,4.0,,width_cm,4.0,,cm,50,1312.6999999999998
3,2026-07-21,7430-4,7430,,leaf,5.0,,length_cm,43.0,,cm,50,1312.6999999999998
3,2026-07-21,7430-4,7430,,leaf,5.0,,width_cm,4.9,,cm,50,1312.6999999999998
3,2026-07-21,7430-4,7430,,leaf,6.0,,length_cm,54.0,,cm,50,1312.6999999999998
3,2026-07-21,7430-4,7430,,leaf,6.0,,width_cm,5.5,,cm,50,1312.6999999999998
3,2026-07-21,7430-4,7430,,leaf,7.0,,length_cm,58.0,,cm,50,1312.6999999999998
3,2026-07-21,7430-4,7430,,leaf,7.0,,width_cm,6.0,,cm,50,1312.6999999999998
3,2026-07-21,7430-4,7430,,leaf,8.0,,length_cm,63.5,,cm,50,1312.6999999999998
3,2026-07-21,7430-4,7430,,leaf,8.0,,width_cm,6.5,,cm,50,1312.6999999999998
3,2026-07-21,7430-4,7430,,leaf,9.0,,length_cm,66.0,,cm,50,1312.6999999999998
3,2026-07-21,7430-4,7430,,leaf,9.0,,width_cm,7.4,,cm,50,1312.6999999999998
3,2026-07-21,7430-4,7430,,leaf,10.0,,length_cm,64.0,,cm,50,1312.6999999999998
3,2026-07-21,7430-4,7430,,leaf,10.0,,width_cm,8.1,,cm,50,1312.6999999999998
3,2026-07-21,7430-4,7430,,leaf,11.0,,length_cm,52.0,,cm,50,1312.6999999999998
3,2026-07-21,7430-4,7430,,leaf,11.0,,width_cm,7.8,,cm,50,1312.6999999999998
3,2026-07-21,7430-4,7430,,leaf,12.0,,length_cm,35.5,,cm,50,1312.6999999999998
3,2026-07-21,7430-4,7430,,leaf,12.0,,width_cm,6.4,,cm,50,1312.6999999999998
3,2026-07-21,7430-5,7430,,leaf,1.0,,length_cm,29.5,,cm,50,1312.6999999999998
3,2026-07-21,7430-5,7430,,leaf,1.0,,width_cm,2.8,,cm,50,1312.6999999999998
3,2026-07-21,7430-5,7430,,leaf,2.0,,length_cm,38.5,,cm,50,1312.6999999999998
3,2026-07-21,7430-5,7430,,leaf,2.0,,width_cm,3.5,,cm,50,1312.6999999999998
3,2026-07-21,7430-5,7430,,leaf,3.0,,length_cm,43.5,,cm,50,1312.6999999999998
3,2026-07-21,7430-5,7430,,leaf,3.0,,width_cm,4.0,,cm,50,1312.6999999999998
3,2026-07-21,7430-5,7430,,leaf,4.0,,length_cm,50.0,,cm,50,1312.6999999999998
3,2026-07-21,7430-5,7430,,leaf,4.0,,width_cm,4.8,,cm,50,1312.6999999999998
3,2026-07-21,7430-5,7430,,leaf,5.0,,length_cm,56.0,,cm,50,1312.6999999999998
3,2026-07-21,7430-5,7430,,leaf,5.0,,width_cm,5.8,,cm,50,1312.6999999999998
3,2026-07-21,7430-5,7430,,leaf,6.0,,length_cm,61.0,,cm,50,1312.6999999999998
3,2026-07-21,7430-5,7430,,leaf,6.0,,width_cm,5.7,,cm,50,1312.6999999999998
3,2026-07-21,7430-5,7430,,leaf,7.0,,length_cm,65.0,,cm,50,1312.6999999999998
3,2026-07-21,7430-5,7430,,leaf,7.0,,width_cm,6.8,,cm,50,1312.6999999999998
3,2026-07-21,7430-5,7430,,leaf,8.0,,length_cm,70.0,,cm,50,1312.6999999999998
3,2026-07-21,7430-5,7430,,leaf,8.0,,width_cm,7.4,,cm,50,1312.6999999999998
3,2026-07-21,7430-5,7430,,leaf,9.0,,length_cm,65.5,,cm,50,1312.6999999999998
3,2026-07-21,7430-5,7430,,leaf,9.0,,width_cm,7.7,,cm,50,1312.6999999999998
3,2026-07-21,7430-5,7430,,leaf,10.0,,length_cm,56.5,,cm,50,1312.6999999999998
3,2026-07-21,7430-5,7430,,leaf,10.0,,width_cm,8.1,,cm,50,1312.6999999999998
3,2026-07-21,7430-5,7430,,leaf,11.0,,length_cm,38.0,,cm,50,1312.6999999999998
3,2026-07-21,7430-5,7430,,leaf,11.0,,width_cm,6.5,,cm,50,1312.6999999999998
3,2026-07-21,7530-5,7530,,leaf,1.0,,angle_from_vertical,40,,deg,50,1312.6999999999998
3,2026-07-21,7530-5,7530,,leaf,2.0,,angle_from_vertical,60,,deg,50,1312.6999999999998
3,2026-07-21,7530-5,7530,,leaf,3.0,,angle_from_vertical,46,,deg,50,1312.6999999999998
3,2026-07-21,7530-5,7530,,leaf,4.0,,angle_from_vertical,49,,deg,50,1312.6999999999998
3,2026-07-21,7530-5,7530,,leaf,5.0,,angle_from_vertical,50,,deg,50,1312.6999999999998
3,2026-07-21,7530-5,7530,,leaf,6.0,,angle_from_vertical,50,,deg,50,1312.6999999999998
3,2026-07-21,7530-5,7530,,leaf,7.0,,angle_from_vertical,39,,deg,50,1312.6999999999998
3,2026-07-21,7530-5,7530,,leaf,8.0,,angle_from_vertical,35,,deg,50,1312.6999999999998
3,2026-07-21,7530-5,7530,,leaf,9.0,,angle_from_vertical,27,,deg,50,1312.6999999999998
3,2026-07-21,7530-5,7530,,leaf,10.0,,angle_from_vertical,39,,deg,50,1312.6999999999998
3,2026-07-21,7530-5,7530,,leaf,11.0,,angle_from_vertical,23,,deg,50,1312.6999999999998
3,2026-07-21,7530-4,7530,,leaf,1.0,,angle_from_vertical,55,,deg,50,1312.6999999999998
3,2026-07-21,7530-4,7530,,leaf,2.0,,angle_from_vertical,48,,deg,50,1312.6999999999998
3,2026-07-21,7530-4,7530,,leaf,3.0,,angle_from_vertical,53,,deg,50,1312.6999999999998
3,2026-07-21,7530-4,7530,,leaf,4.0,,angle_from_vertical,54,,deg,50,1312.6999999999998
3,2026-07-21,7530-4,7530,,leaf,5.0,,angle_from_vertical,47,,deg,50,1312.6999999999998
3,2026-07-21,7530-4,7530,,leaf,6.0,,angle_from_vertical,47,,deg,50,1312.6999999999998
3,2026-07-21,7530-4,7530,,leaf,7.0,,angle_from_vertical,33,,deg,50,1312.6999999999998
3,2026-07-21,7530-4,7530,,leaf,8.0,,angle_from_vertical,33,,deg,50,1312.6999999999998
3,2026-07-21,7530-4,7530,,leaf,9.0,,angle_from_vertical,24,,deg,50,1312.6999999999998
3,2026-07-21,7530-4,7530,,leaf,10.0,,angle_from_vertical,29,,deg,50,1312.6999999999998
3,2026-07-21,7530-4,7530,,leaf,11.0,,angle_from_vertical,10,,deg,50,1312.6999999999998
3,2026-07-21,7530-3,7530,,leaf,1.0,,angle_from_vertical,51,,deg,50,1312.6999999999998
3,2026-07-21,7530-3,7530,,leaf,2.0,,angle_from_vertical,50,,deg,50,1312.6999999999998
3,2026-07-21,7530-3,7530,,leaf,3.0,,angle_from_vertical,51,,deg,50,1312.6999999999998
3,2026-07-21,7530-3,7530,,leaf,4.0,,angle_from_vertical,52,,deg,50,1312.6999999999998
3,2026-07-21,7530-3,7530,,leaf,5.0,,angle_from_vertical,44,,deg,50,1312.6999999999998
3,2026-07-21,7530-3,7530,,leaf,6.0,,angle_from_vertical,51,,deg,50,1312.6999999999998
3,2026-07-21,7530-3,7530,,leaf,7.0,,angle_from_vertical,29,,deg,50,1312.6999999999998
3,2026-07-21,7530-3,7530,,leaf,8.0,,angle_from_vertical,33,,deg,50,1312.6999999999998
3,2026-07-21,7530-3,7530,,leaf,9.0,,angle_from_vertical,20,,deg,50,1312.6999999999998
3,2026-07-21,7530-3,7530,,leaf,10.0,,angle_from_vertical,33,,deg,50,1312.6999999999998
3,2026-07-21,7530-3,7530,,leaf,11.0,,angle_from_vertical,22,,deg,50,1312.6999999999998
3,2026-07-21,7530-2,7530,,leaf,1.0,,angle_from_vertical,48,,deg,50,1312.6999999999998
3,2026-07-21,7530-2,7530,,leaf,2.0,,angle_from_vertical,56,,deg,50,1312.6999999999998
3,2026-07-21,7530-2,7530,,leaf,3.0,,angle_from_vertical,48,,deg,50,1312.6999999999998
3,2026-07-21,7530-2,7530,,leaf,4.0,,angle_from_vertical,56,,deg,50,1312.6999999999998
3,2026-07-21,7530-2,7530,,leaf,5.0,,angle_from_vertical,42,,deg,50,1312.6999999999998
3,2026-07-21,7530-2,7530,,leaf,6.0,,angle_from_vertical,62,,deg,50,1312.6999999999998
3,2026-07-21,7530-2,7530,,leaf,7.0,,angle_from_vertical,34,,deg,50,1312.6999999999998
3,2026-07-21,7530-2,7530,,leaf,8.0,,angle_from_vertical,48,,deg,50,1312.6999999999998
3,2026-07-21,7530-2,7530,,leaf,9.0,,angle_from_vertical,36,,deg,50,1312.6999999999998
3,2026-07-21,7530-2,7530,,leaf,10.0,,angle_from_vertical,32,,deg,50,1312.6999999999998
3,2026-07-21,7530-2,7530,,leaf,11.0,,angle_from_vertical,20,,deg,50,1312.6999999999998
3,2026-07-21,7530-2,7530,,leaf,12.0,,angle_from_vertical,29,,deg,50,1312.6999999999998
3,2026-07-21,7530-2,7530,,leaf,13.0,,angle_from_vertical,13,,deg,50,1312.6999999999998
3,2026-07-21,7530-1,7530,,leaf,1.0,,angle_from_vertical,33,,deg,50,1312.6999999999998
3,2026-07-21,7530-1,7530,,leaf,2.0,,angle_from_vertical,41,,deg,50,1312.6999999999998
3,2026-07-21,7530-1,7530,,leaf,3.0,,angle_from_vertical,47,,deg,50,1312.6999999999998
3,2026-07-21,7530-1,7530,,leaf,4.0,,angle_from_vertical,40,,deg,50,1312.6999999999998
3,2026-07-21,7530-1,7530,,leaf,5.0,,angle_from_vertical,46,,deg,50,1312.6999999999998
3,2026-07-21,7530-1,7530,,leaf,6.0,,angle_from_vertical,52,,deg,50,1312.6999999999998
3,2026-07-21,7530-1,7530,,leaf,7.0,,angle_from_vertical,39,,deg,50,1312.6999999999998
3,2026-07-21,7530-1,7530,,leaf,8.0,,angle_from_vertical,44,,deg,50,1312.6999999999998
3,2026-07-21,7530-1,7530,,leaf,9.0,,angle_from_vertical,36,,deg,50,1312.6999999999998
3,2026-07-21,7530-1,7530,,leaf,10.0,,angle_from_vertical,31,,deg,50,1312.6999999999998
3,2026-07-21,7530-1,7530,,leaf,11.0,,angle_from_vertical,23,,deg,50,1312.6999999999998
3,2026-07-21,7530-1,7530,,leaf,12.0,,angle_from_vertical,17,,deg,50,1312.6999999999998
3,2026-07-21,7530-1,7530,,leaf,13.0,,angle_from_vertical,18,,deg,50,1312.6999999999998
3,2026-07-21,7430-1,7430,,leaf,2.0,,angle_from_vertical,71,,deg,50,1312.6999999999998
3,2026-07-21,7430-1,7430,,leaf,3.0,,angle_from_vertical,44,,deg,50,1312.6999999999998
3,2026-07-21,7430-1,7430,,leaf,4.0,,angle_from_vertical,58,,deg,50,1312.6999999999998
3,2026-07-21,7430-1,7430,,leaf,5.0,,angle_from_vertical,48,,deg,50,1312.6999999999998
3,2026-07-21,7430-1,7430,,leaf,6.0,,angle_from_vertical,56,,deg,50,1312.6999999999998
3,2026-07-21,7430-1,7430,,leaf,7.0,,angle_from_vertical,38,,deg,50,1312.6999999999998
3,2026-07-21,7430-1,7430,,leaf,8.0,,angle_from_vertical,36,,deg,50,1312.6999999999998
3,2026-07-21,7430-1,7430,,leaf,9.0,,angle_from_vertical,22,,deg,50,1312.6999999999998
3,2026-07-21,7430-1,7430,,leaf,10.0,,angle_from_vertical,29,,deg,50,1312.6999999999998
3,2026-07-21,7430-1,7430,,leaf,11.0,,angle_from_vertical,29,,deg,50,1312.6999999999998
3,2026-07-21,7430-1,7430,,leaf,12.0,,angle_from_vertical,10,,deg,50,1312.6999999999998
3,2026-07-21,7430-2,7430,,leaf,1.0,,angle_from_vertical,74,,deg,50,1312.6999999999998
3,2026-07-21,7430-2,7430,,leaf,2.0,,angle_from_vertical,63,,deg,50,1312.6999999999998
3,2026-07-21,7430-2,7430,,leaf,3.0,,angle_from_vertical,79,,deg,50,1312.6999999999998
3,2026-07-21,7430-2,7430,,leaf,4.0,,angle_from_vertical,68,,deg,50,1312.6999999999998
3,2026-07-21,7430-2,7430,,leaf,5.0,,angle_from_vertical,79,,deg,50,1312.6999999999998
3,2026-07-21,7430-2,7430,,leaf,6.0,,angle_from_vertical,35,,deg,50,1312.6999999999998
3,2026-07-21,7430-2,7430,,leaf,7.0,,angle_from_vertical,56,,deg,50,1312.6999999999998
3,2026-07-21,7430-2,7430,,leaf,8.0,,angle_from_vertical,26,,deg,50,1312.6999999999998
3,2026-07-21,7430-2,7430,,leaf,9.0,,angle_from_vertical,40,,deg,50,1312.6999999999998
3,2026-07-21,7430-2,7430,,leaf,10.0,,angle_from_vertical,23,,deg,50,1312.6999999999998
3,2026-07-21,7430-2,7430,,leaf,11.0,,angle_from_vertical,32,,deg,50,1312.6999999999998
3,2026-07-21,7430-3,7430,,leaf,1.0,,angle_from_vertical,63,,deg,50,1312.6999999999998
3,2026-07-21,7430-3,7430,,leaf,2.0,,angle_from_vertical,58,,deg,50,1312.6999999999998
3,2026-07-21,7430-3,7430,,leaf,3.0,,angle_from_vertical,65,,deg,50,1312.6999999999998
3,2026-07-21,7430-3,7430,,leaf,4.0,,angle_from_vertical,67,,deg,50,1312.6999999999998
3,2026-07-21,7430-3,7430,,leaf,5.0,,angle_from_vertical,69,,deg,50,1312.6999999999998
3,2026-07-21,7430-3,7430,,leaf,6.0,,angle_from_vertical,45,,deg,50,1312.6999999999998
3,2026-07-21,7430-3,7430,,leaf,7.0,,angle_from_vertical,44,,deg,50,1312.6999999999998
3,2026-07-21,7430-3,7430,,leaf,8.0,,angle_from_vertical,33,,deg,50,1312.6999999999998
3,2026-07-21,7430-3,7430,,leaf,9.0,,angle_from_vertical,33,,deg,50,1312.6999999999998
3,2026-07-21,7430-3,7430,,leaf,10.0,,angle_from_vertical,22,,deg,50,1312.6999999999998
3,2026-07-21,7430-3,7430,,leaf,11.0,,angle_from_vertical,31,,deg,50,1312.6999999999998
3,2026-07-21,7430-3,7430,,leaf,12.0,,angle_from_vertical,19,,deg,50,1312.6999999999998
3,2026-07-21,7430-4,7430,,leaf,1.0,,angle_from_vertical,64,,deg,50,1312.6999999999998
3,2026-07-21,7430-4,7430,,leaf,2.0,,angle_from_vertical,70,,deg,50,1312.6999999999998
3,2026-07-21,7430-4,7430,,leaf,3.0,,angle_from_vertical,61,,deg,50,1312.6999999999998
3,2026-07-21,7430-4,7430,,leaf,4.0,,angle_from_vertical,67,,deg,50,1312.6999999999998
3,2026-07-21,7430-4,7430,,leaf,5.0,,angle_from_vertical,59,,deg,50,1312.6999999999998
3,2026-07-21,7430-4,7430,,leaf,6.0,,angle_from_vertical,52,,deg,50,1312.6999999999998
3,2026-07-21,7430-4,7430,,leaf,7.0,,angle_from_vertical,38,,deg,50,1312.6999999999998
3,2026-07-21,7430-4,7430,,leaf,8.0,,angle_from_vertical,41,,deg,50,1312.6999999999998
3,2026-07-21,7430-4,7430,,leaf,9.0,,angle_from_vertical,19,,deg,50,1312.6999999999998
3,2026-07-21,7430-4,7430,,leaf,10.0,,angle_from_vertical,10,,deg,50,1312.6999999999998
3,2026-07-21,7430-5,7430,,leaf,1.0,,angle_from_vertical,64,,deg,50,1312.6999999999998
3,2026-07-21,7430-5,7430,,leaf,2.0,,angle_from_vertical,59,,deg,50,1312.6999999999998
3,2026-07-21,7430-5,7430,,leaf,3.0,,angle_from_vertical,57,,deg,50,1312.6999999999998
3,2026-07-21,7430-5,7430,,leaf,4.0,,angle_from_vertical,55,,deg,50,1312.6999999999998
3,2026-07-21,7430-5,7430,,leaf,5.0,,angle_from_vertical,66,,deg,50,1312.6999999999998
3,2026-07-21,7430-5,7430,,leaf,6.0,,angle_from_vertical,54,,deg,50,1312.6999999999998
3,2026-07-21,7430-5,7430,,leaf,7.0,,angle_from_vertical,37,,deg,50,1312.6999999999998
3,2026-07-21,7430-5,7430,,leaf,8.0,,angle_from_vertical,31,,deg,50,1312.6999999999998
3,2026-07-21,7430-5,7430,,leaf,9.0,,angle_from_vertical,26,,deg,50,1312.6999999999998
3,2026-07-21,7430-5,7430,,leaf,10.0,,angle_from_vertical,34,,deg,50,1312.6999999999998
3,2026-07-21,7430-5,7430,,leaf,11.0,,angle_from_vertical,19,,deg,50,1312.6999999999998
3,2026-07-21,7430-5,7430,,leaf,12.0,,angle_from_vertical,23,,deg,50,1312.6999999999998
3,2026-07-21,7330-5,7330,,leaf,1.0,,angle_from_vertical,52,,deg,50,1312.6999999999998
3,2026-07-21,7330-5,7330,,leaf,2.0,,angle_from_vertical,50,,deg,50,1312.6999999999998
3,2026-07-21,7330-5,7330,,leaf,3.0,,angle_from_vertical,27,,deg,50,1312.6999999999998
3,2026-07-21,7330-5,7330,,leaf,4.0,,angle_from_vertical,64,,deg,50,1312.6999999999998
3,2026-07-21,7330-5,7330,,leaf,5.0,,angle_from_vertical,35,,deg,50,1312.6999999999998
3,2026-07-21,7330-5,7330,,leaf,6.0,,angle_from_vertical,62,,deg,50,1312.6999999999998
3,2026-07-21,7330-5,7330,,leaf,7.0,,angle_from_vertical,45,,deg,50,1312.6999999999998
3,2026-07-21,7330-5,7330,,leaf,8.0,,angle_from_vertical,55,,deg,50,1312.6999999999998
3,2026-07-21,7330-5,7330,,leaf,9.0,,angle_from_vertical,36,,deg,50,1312.6999999999998
3,2026-07-21,7330-5,7330,,leaf,10.0,,angle_from_vertical,52,,deg,50,1312.6999999999998
3,2026-07-21,7330-5,7330,,leaf,11.0,,angle_from_vertical,40,,deg,50,1312.6999999999998
3,2026-07-21,7330-5,7330,,leaf,12.0,,angle_from_vertical,37,,deg,50,1312.6999999999998
3,2026-07-21,7330-5,7330,,leaf,13.0,,angle_from_vertical,17,,deg,50,1312.6999999999998
3,2026-07-21,7330-4,7330,,leaf,1.0,,angle_from_vertical,54,,deg,50,1312.6999999999998
3,2026-07-21,7330-4,7330,,leaf,2.0,,angle_from_vertical,55,,deg,50,1312.6999999999998
3,2026-07-21,7330-4,7330,,leaf,3.0,,angle_from_vertical,44,,deg,50,1312.6999999999998
3,2026-07-21,7330-4,7330,,leaf,4.0,,angle_from_vertical,49,,deg,50,1312.6999999999998
3,2026-07-21,7330-4,7330,,leaf,5.0,,angle_from_vertical,50,,deg,50,1312.6999999999998
3,2026-07-21,7330-4,7330,,leaf,6.0,,angle_from_vertical,56,,deg,50,1312.6999999999998
3,2026-07-21,7330-4,7330,,leaf,7.0,,angle_from_vertical,46,,deg,50,1312.6999999999998
3,2026-07-21,7330-4,7330,,leaf,8.0,,angle_from_vertical,68,,deg,50,1312.6999999999998
3,2026-07-21,7330-4,7330,,leaf,9.0,,angle_from_vertical,54,,deg,50,1312.6999999999998
3,2026-07-21,7330-4,7330,,leaf,10.0,,angle_from_vertical,52,,deg,50,1312.6999999999998
3,2026-07-21,7330-4,7330,,leaf,11.0,,angle_from_vertical,47,,deg,50,1312.6999999999998
3,2026-07-21,7330-4,7330,,leaf,12.0,,angle_from_vertical,37,,deg,50,1312.6999999999998
3,2026-07-21,7330-4,7330,,leaf,13.0,,angle_from_vertical,26,,deg,50,1312.6999999999998
3,2026-07-21,7330-4,7330,,leaf,14.0,,angle_from_vertical,32,,deg,50,1312.6999999999998
3,2026-07-21,7330-4,7330,,leaf,15.0,,angle_from_vertical,19,,deg,50,1312.6999999999998
3,2026-07-21,7330-3,7330,,leaf,1.0,,angle_from_vertical,58,,deg,50,1312.6999999999998
3,2026-07-21,7330-3,7330,,leaf,2.0,,angle_from_vertical,44,,deg,50,1312.6999999999998
3,2026-07-21,7330-3,7330,,leaf,3.0,,angle_from_vertical,52,,deg,50,1312.6999999999998
3,2026-07-21,7330-3,7330,,leaf,4.0,,angle_from_vertical,44,,deg,50,1312.6999999999998
3,2026-07-21,7330-3,7330,,leaf,5.0,,angle_from_vertical,57,,deg,50,1312.6999999999998
3,2026-07-21,7330-3,7330,,leaf,6.0,,angle_from_vertical,39,,deg,50,1312.6999999999998
3,2026-07-21,7330-3,7330,,leaf,7.0,,angle_from_vertical,58,,deg,50,1312.6999999999998
3,2026-07-21,7330-3,7330,,leaf,8.0,,angle_from_vertical,46,,deg,50,1312.6999999999998
3,2026-07-21,7330-3,7330,,leaf,9.0,,angle_from_vertical,53,,deg,50,1312.6999999999998
3,2026-07-21,7330-3,7330,,leaf,10.0,,angle_from_vertical,35,,deg,50,1312.6999999999998
3,2026-07-21,7330-3,7330,,leaf,11.0,,angle_from_vertical,40,,deg,50,1312.6999999999998
3,2026-07-21,7330-3,7330,,leaf,12.0,,angle_from_vertical,35,,deg,50,1312.6999999999998
3,2026-07-21,7330-3,7330,,leaf,13.0,,angle_from_vertical,28,,deg,50,1312.6999999999998
3,2026-07-21,7330-3,7330,,leaf,14.0,,angle_from_vertical,4,,deg,50,1312.6999999999998
3,2026-07-21,7330-2,7330,,leaf,1.0,,angle_from_vertical,48,,deg,50,1312.6999999999998
3,2026-07-21,7330-2,7330,,leaf,2.0,,angle_from_vertical,54,,deg,50,1312.6999999999998
3,2026-07-21,7330-2,7330,,leaf,3.0,,angle_from_vertical,49,,deg,50,1312.6999999999998
3,2026-07-21,7330-2,7330,,leaf,4.0,,angle_from_vertical,50,,deg,50,1312.6999999999998
3,2026-07-21,7330-2,7330,,leaf,5.0,,angle_from_vertical,49,,deg,50,1312.6999999999998
3,2026-07-21,7330-2,7330,,leaf,6.0,,angle_from_vertical,60,,deg,50,1312.6999999999998
3,2026-07-21,7330-2,7330,,leaf,7.0,,angle_from_vertical,51,,deg,50,1312.6999999999998
3,2026-07-21,7330-2,7330,,leaf,8.0,,angle_from_vertical,53,,deg,50,1312.6999999999998
3,2026-07-21,7330-2,7330,,leaf,9.0,,angle_from_vertical,49,,deg,50,1312.6999999999998
3,2026-07-21,7330-2,7330,,leaf,10.0,,angle_from_vertical,43,,deg,50,1312.6999999999998
3,2026-07-21,7330-2,7330,,leaf,11.0,,angle_from_vertical,27,,deg,50,1312.6999999999998
3,2026-07-21,7330-2,7330,,leaf,12.0,,angle_from_vertical,31,,deg,50,1312.6999999999998
3,2026-07-21,7330-2,7330,,leaf,13.0,,angle_from_vertical,20,,deg,50,1312.6999999999998
3,2026-07-21,7330-2,7330,,leaf,14.0,,angle_from_vertical,9,,deg,50,1312.6999999999998
3,2026-07-21,7330-1,7330,,leaf,1.0,,angle_from_vertical,57,,deg,50,1312.6999999999998
3,2026-07-21,7330-1,7330,,leaf,2.0,,angle_from_vertical,50,,deg,50,1312.6999999999998
3,2026-07-21,7330-1,7330,,leaf,3.0,,angle_from_vertical,65,,deg,50,1312.6999999999998
3,2026-07-21,7330-1,7330,,leaf,4.0,,angle_from_vertical,52,,deg,50,1312.6999999999998
3,2026-07-21,7330-1,7330,,leaf,5.0,,angle_from_vertical,60,,deg,50,1312.6999999999998
3,2026-07-21,7330-1,7330,,leaf,6.0,,angle_from_vertical,46,,deg,50,1312.6999999999998
3,2026-07-21,7330-1,7330,,leaf,7.0,,angle_from_vertical,57,,deg,50,1312.6999999999998
3,2026-07-21,7330-1,7330,,leaf,8.0,,angle_from_vertical,43,,deg,50,1312.6999999999998
3,2026-07-21,7330-1,7330,,leaf,9.0,,angle_from_vertical,64,,deg,50,1312.6999999999998
3,2026-07-21,7330-1,7330,,leaf,10.0,,angle_from_vertical,48,,deg,50,1312.6999999999998
3,2026-07-21,7330-1,7330,,leaf,11.0,,angle_from_vertical,65,,deg,50,1312.6999999999998
3,2026-07-21,7330-1,7330,,leaf,12.0,,angle_from_vertical,38,,deg,50,1312.6999999999998
3,2026-07-21,7330-1,7330,,leaf,13.0,,angle_from_vertical,36,,deg,50,1312.6999999999998
3,2026-07-21,7330-1,7330,,leaf,14.0,,angle_from_vertical,28,,deg,50,1312.6999999999998
3,2026-07-21,7330-1,7330,,leaf,15.0,,angle_from_vertical,37,,deg,50,1312.6999999999998
3,2026-07-21,7330-1,7330,,leaf,16.0,,angle_from_vertical,28,,deg,50,1312.6999999999998
4,2026-07-28,73-1,73,C,internode,1.0,,seg_length_cm,13.0,,cm,57,1520.1499999999996
4,2026-07-28,73-1,73,C,internode,2.0,,seg_length_cm,3.0,,cm,57,1520.1499999999996
4,2026-07-28,73-1,73,C,internode,3.0,,seg_length_cm,5.5,,cm,57,1520.1499999999996
4,2026-07-28,73-1,73,C,internode,4.0,,seg_length_cm,6.0,,cm,57,1520.1499999999996
4,2026-07-28,73-1,73,C,internode,5.0,,seg_length_cm,12.0,,cm,57,1520.1499999999996
4,2026-07-28,73-1,73,C,internode,6.0,,seg_length_cm,15.5,,cm,57,1520.1499999999996
4,2026-07-28,73-1,73,C,internode,7.0,,seg_length_cm,17.0,,cm,57,1520.1499999999996
4,2026-07-28,73-1,73,C,internode,8.0,,seg_length_cm,16.5,,cm,57,1520.1499999999996
4,2026-07-28,73-1,73,C,internode,9.0,,seg_length_cm,20.0,,cm,57,1520.1499999999996
4,2026-07-28,73-1,73,C,internode,10.0,,seg_length_cm,18.0,,cm,57,1520.1499999999996
4,2026-07-28,73-1,73,C,internode,11.0,,seg_length_cm,13.0,,cm,57,1520.1499999999996
4,2026-07-28,73-1,73,C,internode,12.0,,seg_length_cm,8.5,,cm,57,1520.1499999999996
4,2026-07-28,73-1,73,C,internode,13.0,,seg_length_cm,12.0,,cm,57,1520.1499999999996
4,2026-07-28,73-2,73,C,internode,1.0,,seg_length_cm,12.0,,cm,57,1520.1499999999996
4,2026-07-28,73-2,73,C,internode,2.0,,seg_length_cm,3.0,,cm,57,1520.1499999999996
4,2026-07-28,73-2,73,C,internode,3.0,,seg_length_cm,4.0,,cm,57,1520.1499999999996
4,2026-07-28,73-2,73,C,internode,4.0,,seg_length_cm,6.0,,cm,57,1520.1499999999996
4,2026-07-28,73-2,73,C,internode,5.0,,seg_length_cm,11.0,,cm,57,1520.1499999999996
4,2026-07-28,73-2,73,C,internode,6.0,,seg_length_cm,14.0,,cm,57,1520.1499999999996
4,2026-07-28,73-2,73,C,internode,7.0,,seg_length_cm,19.0,,cm,57,1520.1499999999996
4,2026-07-28,73-2,73,C,internode,8.0,,seg_length_cm,17.0,,cm,57,1520.1499999999996
4,2026-07-28,73-2,73,C,internode,9.0,,seg_length_cm,19.0,,cm,57,1520.1499999999996
4,2026-07-28,73-2,73,C,internode,10.0,,seg_length_cm,17.5,,cm,57,1520.1499999999996
4,2026-07-28,73-2,73,C,internode,11.0,,seg_length_cm,17.0,,cm,57,1520.1499999999996
4,2026-07-28,73-2,73,C,internode,12.0,,seg_length_cm,12.5,,cm,57,1520.1499999999996
4,2026-07-28,73-2,73,C,internode,13.0,,seg_length_cm,17.0,,cm,57,1520.1499999999996
4,2026-07-28,73-3,73,C,internode,1.0,,seg_length_cm,14.0,,cm,57,1520.1499999999996
4,2026-07-28,73-3,73,C,internode,2.0,,seg_length_cm,2.0,,cm,57,1520.1499999999996
4,2026-07-28,73-3,73,C,internode,3.0,,seg_length_cm,6.5,,cm,57,1520.1499999999996
4,2026-07-28,73-3,73,C,internode,4.0,,seg_length_cm,6.5,,cm,57,1520.1499999999996
4,2026-07-28,73-3,73,C,internode,5.0,,seg_length_cm,10.0,,cm,57,1520.1499999999996
4,2026-07-28,73-3,73,C,internode,6.0,,seg_length_cm,15.0,,cm,57,1520.1499999999996
4,2026-07-28,73-3,73,C,internode,7.0,,seg_length_cm,19.0,,cm,57,1520.1499999999996
4,2026-07-28,73-3,73,C,internode,8.0,,seg_length_cm,18.0,,cm,57,1520.1499999999996
4,2026-07-28,73-3,73,C,internode,9.0,,seg_length_cm,18.0,,cm,57,1520.1499999999996
4,2026-07-28,73-3,73,C,internode,10.0,,seg_length_cm,16.0,,cm,57,1520.1499999999996
4,2026-07-28,73-3,73,C,internode,11.0,,seg_length_cm,13.0,,cm,57,1520.1499999999996
4,2026-07-28,73-3,73,C,internode,12.0,,seg_length_cm,8.0,,cm,57,1520.1499999999996
4,2026-07-28,73-3,73,C,internode,13.0,,seg_length_cm,5.0,,cm,57,1520.1499999999996
4,2026-07-28,73-3,73,C,internode,14.0,,seg_length_cm,7.0,,cm,57,1520.1499999999996
4,2026-07-28,73-4,73,C,internode,1.0,,seg_length_cm,12.0,,cm,57,1520.1499999999996
4,2026-07-28,73-4,73,C,internode,2.0,,seg_length_cm,3.5,,cm,57,1520.1499999999996
4,2026-07-28,73-4,73,C,internode,3.0,,seg_length_cm,3.0,,cm,57,1520.1499999999996
4,2026-07-28,73-4,73,C,internode,4.0,,seg_length_cm,5.5,,cm,57,1520.1499999999996
4,2026-07-28,73-4,73,C,internode,5.0,,seg_length_cm,7.0,,cm,57,1520.1499999999996
4,2026-07-28,73-4,73,C,internode,6.0,,seg_length_cm,15.0,,cm,57,1520.1499999999996
4,2026-07-28,73-4,73,C,internode,7.0,,seg_length_cm,18.0,,cm,57,1520.1499999999996
4,2026-07-28,73-4,73,C,internode,8.0,,seg_length_cm,19.0,,cm,57,1520.1499999999996
4,2026-07-28,73-4,73,C,internode,9.0,,seg_length_cm,20.0,,cm,57,1520.1499999999996
4,2026-07-28,73-4,73,C,internode,10.0,,seg_length_cm,18.0,,cm,57,1520.1499999999996
4,2026-07-28,73-4,73,C,internode,11.0,,seg_length_cm,12.5,,cm,57,1520.1499999999996
4,2026-07-28,73-4,73,C,internode,12.0,,seg_length_cm,9.0,,cm,57,1520.1499999999996
4,2026-07-28,73-4,73,C,internode,13.0,,seg_length_cm,5.0,,cm,57,1520.1499999999996
4,2026-07-28,73-5,73,C,internode,1.0,,seg_length_cm,20.0,,cm,57,1520.1499999999996
4,2026-07-28,73-5,73,C,internode,2.0,,seg_length_cm,5.0,,cm,57,1520.1499999999996
4,2026-07-28,73-5,73,C,internode,3.0,,seg_length_cm,8.0,,cm,57,1520.1499999999996
4,2026-07-28,73-5,73,C,internode,4.0,,seg_length_cm,10.0,,cm,57,1520.1499999999996
4,2026-07-28,73-5,73,C,internode,5.0,,seg_length_cm,11.0,,cm,57,1520.1499999999996
4,2026-07-28,73-5,73,C,internode,6.0,,seg_length_cm,14.0,,cm,57,1520.1499999999996
4,2026-07-28,73-5,73,C,internode,7.0,,seg_length_cm,17.0,,cm,57,1520.1499999999996
4,2026-07-28,73-5,73,C,internode,8.0,,seg_length_cm,18.0,,cm,57,1520.1499999999996
4,2026-07-28,73-5,73,C,internode,9.0,,seg_length_cm,14.0,,cm,57,1520.1499999999996
4,2026-07-28,73-5,73,C,internode,10.0,,seg_length_cm,13.5,,cm,57,1520.1499999999996
4,2026-07-28,73-5,73,C,internode,11.0,,seg_length_cm,11.0,,cm,57,1520.1499999999996
4,2026-07-28,73-5,73,C,internode,12.0,,seg_length_cm,20.0,,cm,57,1520.1499999999996
4,2026-07-28,74-1,74,B,internode,1.0,,seg_length_cm,15.5,,cm,57,1520.1499999999996
4,2026-07-28,74-1,74,B,internode,2.0,,seg_length_cm,4.5,,cm,57,1520.1499999999996
4,2026-07-28,74-1,74,B,internode,3.0,,seg_length_cm,4.5,,cm,57,1520.1499999999996
4,2026-07-28,74-1,74,B,internode,4.0,,seg_length_cm,11.0,,cm,57,1520.1499999999996
4,2026-07-28,74-1,74,B,internode,5.0,,seg_length_cm,15.5,,cm,57,1520.1499999999996
4,2026-07-28,74-1,74,B,internode,6.0,,seg_length_cm,21.0,,cm,57,1520.1499999999996
4,2026-07-28,74-1,74,B,internode,7.0,,seg_length_cm,16.0,,cm,57,1520.1499999999996
4,2026-07-28,74-1,74,B,internode,8.0,,seg_length_cm,10.5,,cm,57,1520.1499999999996
4,2026-07-28,74-1,74,B,internode,9.0,,seg_length_cm,7.0,,cm,57,1520.1499999999996
4,2026-07-28,74-2,74,B,internode,1.0,,seg_length_cm,12.5,,cm,57,1520.1499999999996
4,2026-07-28,74-2,74,B,internode,2.0,,seg_length_cm,3.0,,cm,57,1520.1499999999996
4,2026-07-28,74-2,74,B,internode,3.0,,seg_length_cm,5.0,,cm,57,1520.1499999999996
4,2026-07-28,74-2,74,B,internode,4.0,,seg_length_cm,5.5,,cm,57,1520.1499999999996
4,2026-07-28,74-2,74,B,internode,5.0,,seg_length_cm,12.5,,cm,57,1520.1499999999996
4,2026-07-28,74-2,74,B,internode,6.0,,seg_length_cm,20.5,,cm,57,1520.1499999999996
4,2026-07-28,74-2,74,B,internode,7.0,,seg_length_cm,22.0,,cm,57,1520.1499999999996
4,2026-07-28,74-2,74,B,internode,8.0,,seg_length_cm,15.0,,cm,57,1520.1499999999996
4,2026-07-28,74-2,74,B,internode,9.0,,seg_length_cm,11.0,,cm,57,1520.1499999999996
4,2026-07-28,74-3,74,B,internode,1.0,,seg_length_cm,13.5,,cm,57,1520.1499999999996
4,2026-07-28,74-3,74,B,internode,2.0,,seg_length_cm,4.5,,cm,57,1520.1499999999996
4,2026-07-28,74-3,74,B,internode,3.0,,seg_length_cm,4.5,,cm,57,1520.1499999999996
4,2026-07-28,74-3,74,B,internode,4.0,,seg_length_cm,4.5,,cm,57,1520.1499999999996
4,2026-07-28,74-3,74,B,internode,5.0,,seg_length_cm,10.0,,cm,57,1520.1499999999996
4,2026-07-28,74-3,74,B,internode,6.0,,seg_length_cm,15.5,,cm,57,1520.1499999999996
4,2026-07-28,74-3,74,B,internode,7.0,,seg_length_cm,19.0,,cm,57,1520.1499999999996
4,2026-07-28,74-3,74,B,internode,8.0,,seg_length_cm,21.0,,cm,57,1520.1499999999996
4,2026-07-28,74-3,74,B,internode,9.0,,seg_length_cm,14.5,,cm,57,1520.1499999999996
4,2026-07-28,74-3,74,B,internode,10.0,,seg_length_cm,8.0,,cm,57,1520.1499999999996
4,2026-07-28,74-4,74,B,internode,1.0,,seg_length_cm,13.0,,cm,57,1520.1499999999996
4,2026-07-28,74-4,74,B,internode,2.0,,seg_length_cm,4.0,,cm,57,1520.1499999999996
4,2026-07-28,74-4,74,B,internode,3.0,,seg_length_cm,10.5,,cm,57,1520.1499999999996
4,2026-07-28,74-4,74,B,internode,4.0,,seg_length_cm,12.0,,cm,57,1520.1499999999996
4,2026-07-28,74-4,74,B,internode,5.0,,seg_length_cm,16.0,,cm,57,1520.1499999999996
4,2026-07-28,74-4,74,B,internode,6.0,,seg_length_cm,20.0,,cm,57,1520.1499999999996
4,2026-07-28,74-4,74,B,internode,7.0,,seg_length_cm,22.0,,cm,57,1520.1499999999996
4,2026-07-28,74-4,74,B,internode,8.0,,seg_length_cm,13.5,,cm,57,1520.1499999999996
4,2026-07-28,74-4,74,B,internode,9.0,,seg_length_cm,6.5,,cm,57,1520.1499999999996
4,2026-07-28,74-5,74,B,internode,1.0,,seg_length_cm,15.5,,cm,57,1520.1499999999996
4,2026-07-28,74-5,74,B,internode,2.0,,seg_length_cm,5.0,,cm,57,1520.1499999999996
4,2026-07-28,74-5,74,B,internode,3.0,,seg_length_cm,5.0,,cm,57,1520.1499999999996
4,2026-07-28,74-5,74,B,internode,4.0,,seg_length_cm,6.0,,cm,57,1520.1499999999996
4,2026-07-28,74-5,74,B,internode,5.0,,seg_length_cm,12.0,,cm,57,1520.1499999999996
4,2026-07-28,74-5,74,B,internode,6.0,,seg_length_cm,16.5,,cm,57,1520.1499999999996
4,2026-07-28,74-5,74,B,internode,7.0,,seg_length_cm,18.0,,cm,57,1520.1499999999996
4,2026-07-28,74-5,74,B,internode,8.0,,seg_length_cm,20.5,,cm,57,1520.1499999999996
4,2026-07-28,74-5,74,B,internode,9.0,,seg_length_cm,19.5,,cm,57,1520.1499999999996
4,2026-07-28,74-5,74,B,internode,10.0,,seg_length_cm,12.0,,cm,57,1520.1499999999996
4,2026-07-28,74-5,74,B,internode,11.0,,seg_length_cm,5.0,,cm,57,1520.1499999999996
4,2026-07-28,75-1,75,A,internode,1.0,,seg_length_cm,10.5,,cm,57,1520.1499999999996
4,2026-07-28,75-1,75,A,internode,2.0,,seg_length_cm,2.0,,cm,57,1520.1499999999996
4,2026-07-28,75-1,75,A,internode,3.0,,seg_length_cm,6.5,,cm,57,1520.1499999999996
4,2026-07-28,75-1,75,A,internode,4.0,,seg_length_cm,3.0,,cm,57,1520.1499999999996
4,2026-07-28,75-1,75,A,internode,5.0,,seg_length_cm,7.0,,cm,57,1520.1499999999996
4,2026-07-28,75-1,75,A,internode,6.0,,seg_length_cm,9.5,,cm,57,1520.1499999999996
4,2026-07-28,75-1,75,A,internode,7.0,,seg_length_cm,12.5,,cm,57,1520.1499999999996
4,2026-07-28,75-1,75,A,internode,8.0,,seg_length_cm,4.5,,cm,57,1520.1499999999996
4,2026-07-28,75-2,75,A,internode,1.0,,seg_length_cm,19.0,,cm,57,1520.1499999999996
4,2026-07-28,75-2,75,A,internode,2.0,,seg_length_cm,5.0,,cm,57,1520.1499999999996
4,2026-07-28,75-2,75,A,internode,3.0,,seg_length_cm,5.5,,cm,57,1520.1499999999996
4,2026-07-28,75-2,75,A,internode,4.0,,seg_length_cm,5.5,,cm,57,1520.1499999999996
4,2026-07-28,75-2,75,A,internode,5.0,,seg_length_cm,6.5,,cm,57,1520.1499999999996
4,2026-07-28,75-2,75,A,internode,6.0,,seg_length_cm,11.5,,cm,57,1520.1499999999996
4,2026-07-28,75-2,75,A,internode,7.0,,seg_length_cm,6.0,,cm,57,1520.1499999999996
4,2026-07-28,75-2,75,A,internode,8.0,,seg_length_cm,6.0,,cm,57,1520.1499999999996
4,2026-07-28,75-3,75,A,internode,1.0,,seg_length_cm,10.0,,cm,57,1520.1499999999996
4,2026-07-28,75-3,75,A,internode,2.0,,seg_length_cm,3.5,,cm,57,1520.1499999999996
4,2026-07-28,75-3,75,A,internode,3.0,,seg_length_cm,3.5,,cm,57,1520.1499999999996
4,2026-07-28,75-3,75,A,internode,4.0,,seg_length_cm,5.0,,cm,57,1520.1499999999996
4,2026-07-28,75-3,75,A,internode,5.0,,seg_length_cm,3.0,,cm,57,1520.1499999999996
4,2026-07-28,75-3,75,A,internode,6.0,,seg_length_cm,8.0,,cm,57,1520.1499999999996
4,2026-07-28,75-3,75,A,internode,7.0,,seg_length_cm,8.0,,cm,57,1520.1499999999996
4,2026-07-28,75-3,75,A,internode,8.0,,seg_length_cm,6.5,,cm,57,1520.1499999999996
4,2026-07-28,75-3,75,A,internode,9.0,,seg_length_cm,6.0,,cm,57,1520.1499999999996
4,2026-07-28,75-4,75,A,internode,1.0,,seg_length_cm,12.5,,cm,57,1520.1499999999996
4,2026-07-28,75-4,75,A,internode,2.0,,seg_length_cm,4.5,,cm,57,1520.1499999999996
4,2026-07-28,75-4,75,A,internode,3.0,,seg_length_cm,5.5,,cm,57,1520.1499999999996
4,2026-07-28,75-4,75,A,internode,4.0,,seg_length_cm,3.5,,cm,57,1520.1499999999996
4,2026-07-28,75-4,75,A,internode,5.0,,seg_length_cm,7.5,,cm,57,1520.1499999999996
4,2026-07-28,75-4,75,A,internode,6.0,,seg_length_cm,7.5,,cm,57,1520.1499999999996
4,2026-07-28,75-4,75,A,internode,7.0,,seg_length_cm,8.0,,cm,57,1520.1499999999996
4,2026-07-28,75-4,75,A,internode,8.0,,seg_length_cm,3.0,,cm,57,1520.1499999999996
4,2026-07-28,75-5,75,A,internode,1.0,,seg_length_cm,12.0,,cm,57,1520.1499999999996
4,2026-07-28,75-5,75,A,internode,2.0,,seg_length_cm,4.5,,cm,57,1520.1499999999996
4,2026-07-28,75-5,75,A,internode,3.0,,seg_length_cm,3.5,,cm,57,1520.1499999999996
4,2026-07-28,75-5,75,A,internode,4.0,,seg_length_cm,6.0,,cm,57,1520.1499999999996
4,2026-07-28,75-5,75,A,internode,5.0,,seg_length_cm,11.0,,cm,57,1520.1499999999996
4,2026-07-28,75-5,75,A,internode,6.0,,seg_length_cm,10.5,,cm,57,1520.1499999999996
4,2026-07-28,75-5,75,A,internode,7.0,,seg_length_cm,3.0,,cm,57,1520.1499999999996
4,2026-07-28,75-1,75,A,leaf,2.0,,length_cm,38.5,,cm,57,1520.1499999999996
4,2026-07-28,75-1,75,A,leaf,2.0,,width_cm,3.0,,cm,57,1520.1499999999996
4,2026-07-28,75-1,75,A,leaf,3.0,,length_cm,49.5,,cm,57,1520.1499999999996
4,2026-07-28,75-1,75,A,leaf,3.0,,width_cm,3.9,,cm,57,1520.1499999999996
4,2026-07-28,75-1,75,A,leaf,4.0,,length_cm,77.5,,cm,57,1520.1499999999996
4,2026-07-28,75-1,75,A,leaf,4.0,,width_cm,4.8,,cm,57,1520.1499999999996
4,2026-07-28,75-1,75,A,leaf,5.0,,length_cm,67.0,,cm,57,1520.1499999999996
4,2026-07-28,75-1,75,A,leaf,5.0,,width_cm,5.9,,cm,57,1520.1499999999996
4,2026-07-28,75-1,75,A,leaf,6.0,,length_cm,75.5,,cm,57,1520.1499999999996
4,2026-07-28,75-1,75,A,leaf,6.0,,width_cm,6.4,,cm,57,1520.1499999999996
4,2026-07-28,75-1,75,A,leaf,7.0,,length_cm,85.0,,cm,57,1520.1499999999996
4,2026-07-28,75-1,75,A,leaf,7.0,,width_cm,6.5,,cm,57,1520.1499999999996
4,2026-07-28,75-1,75,A,leaf,8.0,,length_cm,93.0,,cm,57,1520.1499999999996
4,2026-07-28,75-1,75,A,leaf,8.0,,width_cm,7.3,,cm,57,1520.1499999999996
4,2026-07-28,75-1,75,A,leaf,9.0,,length_cm,103.0,,cm,57,1520.1499999999996
4,2026-07-28,75-1,75,A,leaf,9.0,,width_cm,7.0,,cm,57,1520.1499999999996
4,2026-07-28,75-1,75,A,leaf,10.0,,length_cm,106.0,,cm,57,1520.1499999999996
4,2026-07-28,75-1,75,A,leaf,10.0,,width_cm,7.0,,cm,57,1520.1499999999996
4,2026-07-28,75-1,75,A,leaf,11.0,,length_cm,90.5,,cm,57,1520.1499999999996
4,2026-07-28,75-1,75,A,leaf,11.0,,width_cm,8.1,,cm,57,1520.1499999999996
4,2026-07-28,75-1,75,A,leaf,12.0,,length_cm,53.5,,cm,57,1520.1499999999996
4,2026-07-28,75-1,75,A,leaf,13.0,,length_cm,16.0,,cm,57,1520.1499999999996
4,2026-07-28,75-2,75,A,leaf,2.0,,length_cm,59.5,,cm,57,1520.1499999999996
4,2026-07-28,75-2,75,A,leaf,2.0,,width_cm,5.2,,cm,57,1520.1499999999996
4,2026-07-28,75-2,75,A,leaf,3.0,,length_cm,62.0,,cm,57,1520.1499999999996
4,2026-07-28,75-2,75,A,leaf,3.0,,width_cm,6.3,,cm,57,1520.1499999999996
4,2026-07-28,75-2,75,A,leaf,4.0,,length_cm,77.0,,cm,57,1520.1499999999996
4,2026-07-28,75-2,75,A,leaf,4.0,,width_cm,7.2,,cm,57,1520.1499999999996
4,2026-07-28,75-2,75,A,leaf,5.0,,length_cm,82.0,,cm,57,1520.1499999999996
4,2026-07-28,75-2,75,A,leaf,5.0,,width_cm,7.7,,cm,57,1520.1499999999996
4,2026-07-28,75-2,75,A,leaf,6.0,,length_cm,90.5,,cm,57,1520.1499999999996
4,2026-07-28,75-2,75,A,leaf,6.0,,width_cm,8.0,,cm,57,1520.1499999999996
4,2026-07-28,75-2,75,A,leaf,7.0,,length_cm,98.5,,cm,57,1520.1499999999996
4,2026-07-28,75-2,75,A,leaf,7.0,,width_cm,8.1,,cm,57,1520.1499999999996
4,2026-07-28,75-2,75,A,leaf,8.0,,length_cm,106.0,,cm,57,1520.1499999999996
4,2026-07-28,75-2,75,A,leaf,8.0,,width_cm,8.8,,cm,57,1520.1499999999996
4,2026-07-28,75-2,75,A,leaf,9.0,,length_cm,111.0,,cm,57,1520.1499999999996
4,2026-07-28,75-2,75,A,leaf,9.0,,width_cm,8.5,,cm,57,1520.1499999999996
4,2026-07-28,75-2,75,A,leaf,10.0,,length_cm,111.0,,cm,57,1520.1499999999996
4,2026-07-28,75-2,75,A,leaf,10.0,,width_cm,7.9,,cm,57,1520.1499999999996
4,2026-07-28,75-2,75,A,leaf,11.0,,length_cm,93.5,,cm,57,1520.1499999999996
4,2026-07-28,75-2,75,A,leaf,11.0,,width_cm,7.7,,cm,57,1520.1499999999996
4,2026-07-28,75-2,75,A,leaf,12.0,,length_cm,59.0,,cm,57,1520.1499999999996
4,2026-07-28,75-2,75,A,leaf,12.0,,width_cm,8.1,,cm,57,1520.1499999999996
4,2026-07-28,75-2,75,A,leaf,13.0,,length_cm,21.0,,cm,57,1520.1499999999996
4,2026-07-28,75-3,75,A,leaf,1.0,,length_cm,34.5,,cm,57,1520.1499999999996
4,2026-07-28,75-3,75,A,leaf,1.0,,width_cm,3.0,,cm,57,1520.1499999999996
4,2026-07-28,75-3,75,A,leaf,2.0,,length_cm,41.0,,cm,57,1520.1499999999996
4,2026-07-28,75-3,75,A,leaf,2.0,,width_cm,3.4,,cm,57,1520.1499999999996
4,2026-07-28,75-3,75,A,leaf,3.0,,length_cm,49.0,,cm,57,1520.1499999999996
4,2026-07-28,75-3,75,A,leaf,3.0,,width_cm,3.4,,cm,57,1520.1499999999996
4,2026-07-28,75-3,75,A,leaf,4.0,,length_cm,53.0,,cm,57,1520.1499999999996
4,2026-07-28,75-3,75,A,leaf,4.0,,width_cm,5.4,,cm,57,1520.1499999999996
4,2026-07-28,75-3,75,A,leaf,5.0,,length_cm,60.0,,cm,57,1520.1499999999996
4,2026-07-28,75-3,75,A,leaf,5.0,,width_cm,7.0,,cm,57,1520.1499999999996
4,2026-07-28,75-3,75,A,leaf,6.0,,length_cm,65.5,,cm,57,1520.1499999999996
4,2026-07-28,75-3,75,A,leaf,6.0,,width_cm,6.9,,cm,57,1520.1499999999996
4,2026-07-28,75-3,75,A,leaf,7.0,,length_cm,70.0,,cm,57,1520.1499999999996
4,2026-07-28,75-3,75,A,leaf,7.0,,width_cm,6.6,,cm,57,1520.1499999999996
4,2026-07-28,75-3,75,A,leaf,8.0,,length_cm,85.0,,cm,57,1520.1499999999996
4,2026-07-28,75-3,75,A,leaf,8.0,,width_cm,7.8,,cm,57,1520.1499999999996
4,2026-07-28,75-3,75,A,leaf,9.0,,length_cm,97.0,,cm,57,1520.1499999999996
4,2026-07-28,75-3,75,A,leaf,9.0,,width_cm,7.8,,cm,57,1520.1499999999996
4,2026-07-28,75-3,75,A,leaf,10.0,,length_cm,104.0,,cm,57,1520.1499999999996
4,2026-07-28,75-3,75,A,leaf,10.0,,width_cm,7.8,,cm,57,1520.1499999999996
4,2026-07-28,75-3,75,A,leaf,11.0,,length_cm,105.0,,cm,57,1520.1499999999996
4,2026-07-28,75-3,75,A,leaf,11.0,,width_cm,6.9,,cm,57,1520.1499999999996
4,2026-07-28,75-3,75,A,leaf,12.0,,length_cm,84.0,,cm,57,1520.1499999999996
4,2026-07-28,75-3,75,A,leaf,12.0,,width_cm,7.6,,cm,57,1520.1499999999996
4,2026-07-28,75-3,75,A,leaf,13.0,,length_cm,50.5,,cm,57,1520.1499999999996
4,2026-07-28,75-3,75,A,leaf,13.0,,width_cm,7.0,,cm,57,1520.1499999999996
4,2026-07-28,75-3,75,A,leaf,14.0,,length_cm,13.5,,cm,57,1520.1499999999996
4,2026-07-28,75-4,75,A,leaf,3.0,,length_cm,46.5,,cm,57,1520.1499999999996
4,2026-07-28,75-4,75,A,leaf,3.0,,width_cm,4.2,,cm,57,1520.1499999999996
4,2026-07-28,75-4,75,A,leaf,4.0,,length_cm,57.0,,cm,57,1520.1499999999996
4,2026-07-28,75-4,75,A,leaf,4.0,,width_cm,5.2,,cm,57,1520.1499999999996
4,2026-07-28,75-4,75,A,leaf,5.0,,length_cm,64.5,,cm,57,1520.1499999999996
4,2026-07-28,75-4,75,A,leaf,5.0,,width_cm,5.8,,cm,57,1520.1499999999996
4,2026-07-28,75-4,75,A,leaf,6.0,,length_cm,68.0,,cm,57,1520.1499999999996
4,2026-07-28,75-4,75,A,leaf,6.0,,width_cm,7.4,,cm,57,1520.1499999999996
4,2026-07-28,75-4,75,A,leaf,7.0,,length_cm,75.0,,cm,57,1520.1499999999996
4,2026-07-28,75-4,75,A,leaf,7.0,,width_cm,7.6,,cm,57,1520.1499999999996
4,2026-07-28,75-4,75,A,leaf,8.0,,length_cm,83.0,,cm,57,1520.1499999999996
4,2026-07-28,75-4,75,A,leaf,8.0,,width_cm,7.3,,cm,57,1520.1499999999996
4,2026-07-28,75-4,75,A,leaf,9.0,,length_cm,95.0,,cm,57,1520.1499999999996
4,2026-07-28,75-4,75,A,leaf,9.0,,width_cm,8.2,,cm,57,1520.1499999999996
4,2026-07-28,75-4,75,A,leaf,10.0,,length_cm,104.5,,cm,57,1520.1499999999996
4,2026-07-28,75-4,75,A,leaf,10.0,,width_cm,8.5,,cm,57,1520.1499999999996
4,2026-07-28,75-4,75,A,leaf,11.0,,length_cm,107.0,,cm,57,1520.1499999999996
4,2026-07-28,75-4,75,A,leaf,11.0,,width_cm,8.4,,cm,57,1520.1499999999996
4,2026-07-28,75-4,75,A,leaf,12.0,,length_cm,100.0,,cm,57,1520.1499999999996
4,2026-07-28,75-4,75,A,leaf,12.0,,width_cm,8.5,,cm,57,1520.1499999999996
4,2026-07-28,75-4,75,A,leaf,13.0,,length_cm,72.0,,cm,57,1520.1499999999996
4,2026-07-28,75-4,75,A,leaf,13.0,,width_cm,9.2,,cm,57,1520.1499999999996
4,2026-07-28,75-4,75,A,leaf,14.0,,length_cm,42.0,,cm,57,1520.1499999999996
4,2026-07-28,75-4,75,A,leaf,14.0,,width_cm,8.4,,cm,57,1520.1499999999996
4,2026-07-28,75-4,75,A,leaf,15.0,,length_cm,14.0,,cm,57,1520.1499999999996
4,2026-07-28,75-5,75,A,leaf,1.0,,length_cm,38.5,,cm,57,1520.1499999999996
4,2026-07-28,75-5,75,A,leaf,1.0,,width_cm,2.9,,cm,57,1520.1499999999996
4,2026-07-28,75-5,75,A,leaf,2.0,,length_cm,47.0,,cm,57,1520.1499999999996
4,2026-07-28,75-5,75,A,leaf,2.0,,width_cm,4.3,,cm,57,1520.1499999999996
4,2026-07-28,75-5,75,A,leaf,3.0,,length_cm,53.0,,cm,57,1520.1499999999996
4,2026-07-28,75-5,75,A,leaf,3.0,,width_cm,5.0,,cm,57,1520.1499999999996
4,2026-07-28,75-5,75,A,leaf,4.0,,length_cm,60.5,,cm,57,1520.1499999999996
4,2026-07-28,75-5,75,A,leaf,4.0,,width_cm,6.2,,cm,57,1520.1499999999996
4,2026-07-28,75-5,75,A,leaf,5.0,,length_cm,69.0,,cm,57,1520.1499999999996
4,2026-07-28,75-5,75,A,leaf,5.0,,width_cm,5.9,,cm,57,1520.1499999999996
4,2026-07-28,75-5,75,A,leaf,6.0,,length_cm,80.5,,cm,57,1520.1499999999996
4,2026-07-28,75-5,75,A,leaf,6.0,,width_cm,6.4,,cm,57,1520.1499999999996
4,2026-07-28,75-5,75,A,leaf,7.0,,length_cm,93.0,,cm,57,1520.1499999999996
4,2026-07-28,75-5,75,A,leaf,7.0,,width_cm,6.5,,cm,57,1520.1499999999996
4,2026-07-28,75-5,75,A,leaf,8.0,,length_cm,102.5,,cm,57,1520.1499999999996
4,2026-07-28,75-5,75,A,leaf,8.0,,width_cm,7.0,,cm,57,1520.1499999999996
4,2026-07-28,75-5,75,A,leaf,9.0,,length_cm,91.0,,cm,57,1520.1499999999996
4,2026-07-28,75-5,75,A,leaf,9.0,,width_cm,8.0,,cm,57,1520.1499999999996
4,2026-07-28,75-5,75,A,leaf,10.0,,length_cm,65.0,,cm,57,1520.1499999999996
4,2026-07-28,75-5,75,A,leaf,10.0,,width_cm,7.4,,cm,57,1520.1499999999996
4,2026-07-28,75-5,75,A,leaf,11.0,,length_cm,6.0,,cm,57,1520.1499999999996
4,2026-07-28,74-1,74,B,leaf,1.0,,length_cm,34.0,,cm,57,1520.1499999999996
4,2026-07-28,74-1,74,B,leaf,1.0,,width_cm,3.2,,cm,57,1520.1499999999996
4,2026-07-28,74-1,74,B,leaf,2.0,,length_cm,41.5,,cm,57,1520.1499999999996
4,2026-07-28,74-1,74,B,leaf,2.0,,width_cm,4.4,,cm,57,1520.1499999999996
4,2026-07-28,74-1,74,B,leaf,3.0,,length_cm,46.5,,cm,57,1520.1499999999996
4,2026-07-28,74-1,74,B,leaf,3.0,,width_cm,5.0,,cm,57,1520.1499999999996
4,2026-07-28,74-1,74,B,leaf,4.0,,length_cm,49.0,,cm,57,1520.1499999999996
4,2026-07-28,74-1,74,B,leaf,4.0,,width_cm,5.3,,cm,57,1520.1499999999996
4,2026-07-28,74-1,74,B,leaf,5.0,,length_cm,54.0,,cm,57,1520.1499999999996
4,2026-07-28,74-1,74,B,leaf,5.0,,width_cm,6.0,,cm,57,1520.1499999999996
4,2026-07-28,74-1,74,B,leaf,6.0,,length_cm,54.0,,cm,57,1520.1499999999996
4,2026-07-28,74-1,74,B,leaf,6.0,,width_cm,7.2,,cm,57,1520.1499999999996
4,2026-07-28,74-1,74,B,leaf,7.0,,length_cm,58.5,,cm,57,1520.1499999999996
4,2026-07-28,74-1,74,B,leaf,7.0,,width_cm,6.6,,cm,57,1520.1499999999996
4,2026-07-28,74-1,74,B,leaf,8.0,,length_cm,66.0,,cm,57,1520.1499999999996
4,2026-07-28,74-1,74,B,leaf,8.0,,width_cm,6.4,,cm,57,1520.1499999999996
4,2026-07-28,74-1,74,B,leaf,9.0,,length_cm,70.0,,cm,57,1520.1499999999996
4,2026-07-28,74-1,74,B,leaf,9.0,,width_cm,6.4,,cm,57,1520.1499999999996
4,2026-07-28,74-1,74,B,leaf,10.0,,length_cm,73.5,,cm,57,1520.1499999999996
4,2026-07-28,74-1,74,B,leaf,10.0,,width_cm,7.4,,cm,57,1520.1499999999996
4,2026-07-28,74-1,74,B,leaf,11.0,,length_cm,73.5,,cm,57,1520.1499999999996
4,2026-07-28,74-1,74,B,leaf,11.0,,width_cm,7.3,,cm,57,1520.1499999999996
4,2026-07-28,74-1,74,B,leaf,12.0,,length_cm,62.0,,cm,57,1520.1499999999996
4,2026-07-28,74-1,74,B,leaf,12.0,,width_cm,8.2,,cm,57,1520.1499999999996
4,2026-07-28,74-1,74,B,leaf,13.0,,length_cm,47.0,,cm,57,1520.1499999999996
4,2026-07-28,74-1,74,B,leaf,13.0,,width_cm,6.8,,cm,57,1520.1499999999996
4,2026-07-28,74-1,74,B,leaf,14.0,,length_cm,29.0,,cm,57,1520.1499999999996
4,2026-07-28,74-2,74,B,leaf,1.0,,length_cm,29.0,,cm,57,1520.1499999999996
4,2026-07-28,74-2,74,B,leaf,1.0,,width_cm,2.5,,cm,57,1520.1499999999996
4,2026-07-28,74-2,74,B,leaf,2.0,,length_cm,35.0,,cm,57,1520.1499999999996
4,2026-07-28,74-2,74,B,leaf,2.0,,width_cm,2.9,,cm,57,1520.1499999999996
4,2026-07-28,74-2,74,B,leaf,3.0,,length_cm,40.0,,cm,57,1520.1499999999996
4,2026-07-28,74-2,74,B,leaf,3.0,,width_cm,4.0,,cm,57,1520.1499999999996
4,2026-07-28,74-2,74,B,leaf,4.0,,length_cm,46.0,,cm,57,1520.1499999999996
4,2026-07-28,74-2,74,B,leaf,4.0,,width_cm,4.7,,cm,57,1520.1499999999996
4,2026-07-28,74-2,74,B,leaf,5.0,,length_cm,50.5,,cm,57,1520.1499999999996
4,2026-07-28,74-2,74,B,leaf,5.0,,width_cm,5.9,,cm,57,1520.1499999999996
4,2026-07-28,74-2,74,B,leaf,6.0,,length_cm,52.5,,cm,57,1520.1499999999996
4,2026-07-28,74-2,74,B,leaf,6.0,,width_cm,6.6,,cm,57,1520.1499999999996
4,2026-07-28,74-2,74,B,leaf,7.0,,length_cm,55.0,,cm,57,1520.1499999999996
4,2026-07-28,74-2,74,B,leaf,7.0,,width_cm,6.0,,cm,57,1520.1499999999996
4,2026-07-28,74-2,74,B,leaf,8.0,,length_cm,64.5,,cm,57,1520.1499999999996
4,2026-07-28,74-2,74,B,leaf,8.0,,width_cm,5.9,,cm,57,1520.1499999999996
4,2026-07-28,74-2,74,B,leaf,9.0,,length_cm,69.5,,cm,57,1520.1499999999996
4,2026-07-28,74-2,74,B,leaf,9.0,,width_cm,5.6,,cm,57,1520.1499999999996
4,2026-07-28,74-2,74,B,leaf,10.0,,length_cm,74.0,,cm,57,1520.1499999999996
4,2026-07-28,74-2,74,B,leaf,10.0,,width_cm,5.6,,cm,57,1520.1499999999996
4,2026-07-28,74-2,74,B,leaf,11.0,,length_cm,74.0,,cm,57,1520.1499999999996
4,2026-07-28,74-2,74,B,leaf,11.0,,width_cm,5.4,,cm,57,1520.1499999999996
4,2026-07-28,74-2,74,B,leaf,12.0,,length_cm,64.5,,cm,57,1520.1499999999996
4,2026-07-28,74-2,74,B,leaf,12.0,,width_cm,6.9,,cm,57,1520.1499999999996
4,2026-07-28,74-2,74,B,leaf,13.0,,length_cm,43.0,,cm,57,1520.1499999999996
4,2026-07-28,74-2,74,B,leaf,13.0,,width_cm,5.5,,cm,57,1520.1499999999996
4,2026-07-28,74-2,74,B,leaf,14.0,,length_cm,19.0,,cm,57,1520.1499999999996
4,2026-07-28,74-3,74,B,leaf,1.0,,length_cm,28.0,,cm,57,1520.1499999999996
4,2026-07-28,74-3,74,B,leaf,1.0,,width_cm,2.6,,cm,57,1520.1499999999996
4,2026-07-28,74-3,74,B,leaf,2.0,,length_cm,33.0,,cm,57,1520.1499999999996
4,2026-07-28,74-3,74,B,leaf,2.0,,width_cm,3.4,,cm,57,1520.1499999999996
4,2026-07-28,74-3,74,B,leaf,3.0,,length_cm,41.5,,cm,57,1520.1499999999996
4,2026-07-28,74-3,74,B,leaf,3.0,,width_cm,4.5,,cm,57,1520.1499999999996
4,2026-07-28,74-3,74,B,leaf,4.0,,length_cm,48.8,,cm,57,1520.1499999999996
4,2026-07-28,74-3,74,B,leaf,4.0,,width_cm,5.4,,cm,57,1520.1499999999996
4,2026-07-28,74-3,74,B,leaf,5.0,,length_cm,51.5,,cm,57,1520.1499999999996
4,2026-07-28,74-3,74,B,leaf,5.0,,width_cm,6.7,,cm,57,1520.1499999999996
4,2026-07-28,74-3,74,B,leaf,6.0,,length_cm,56.0,,cm,57,1520.1499999999996
4,2026-07-28,74-3,74,B,leaf,6.0,,width_cm,7.8,,cm,57,1520.1499999999996
4,2026-07-28,74-3,74,B,leaf,7.0,,length_cm,56.5,,cm,57,1520.1499999999996
4,2026-07-28,74-3,74,B,leaf,7.0,,width_cm,8.4,,cm,57,1520.1499999999996
4,2026-07-28,74-3,74,B,leaf,8.0,,length_cm,68.0,,cm,57,1520.1499999999996
4,2026-07-28,74-3,74,B,leaf,8.0,,width_cm,8.0,,cm,57,1520.1499999999996
4,2026-07-28,74-3,74,B,leaf,9.0,,length_cm,72.5,,cm,57,1520.1499999999996
4,2026-07-28,74-3,74,B,leaf,9.0,,width_cm,7.7,,cm,57,1520.1499999999996
4,2026-07-28,74-3,74,B,leaf,10.0,,length_cm,75.0,,cm,57,1520.1499999999996
4,2026-07-28,74-3,74,B,leaf,10.0,,width_cm,7.8,,cm,57,1520.1499999999996
4,2026-07-28,74-3,74,B,leaf,11.0,,length_cm,69.0,,cm,57,1520.1499999999996
4,2026-07-28,74-3,74,B,leaf,11.0,,width_cm,7.4,,cm,57,1520.1499999999996
4,2026-07-28,74-3,74,B,leaf,12.0,,length_cm,56.0,,cm,57,1520.1499999999996
4,2026-07-28,74-3,74,B,leaf,12.0,,width_cm,6.0,,cm,57,1520.1499999999996
4,2026-07-28,74-3,74,B,leaf,13.0,,length_cm,32.5,,cm,57,1520.1499999999996
4,2026-07-28,74-3,74,B,leaf,13.0,,width_cm,4.4,,cm,57,1520.1499999999996
4,2026-07-28,74-3,74,B,leaf,14.0,,length_cm,19.0,,cm,57,1520.1499999999996
4,2026-07-28,74-4,74,B,leaf,1.0,,length_cm,37.0,,cm,57,1520.1499999999996
4,2026-07-28,74-4,74,B,leaf,1.0,,width_cm,3.4,,cm,57,1520.1499999999996
4,2026-07-28,74-4,74,B,leaf,2.0,,length_cm,43.5,,cm,57,1520.1499999999996
4,2026-07-28,74-4,74,B,leaf,2.0,,width_cm,3.6,,cm,57,1520.1499999999996
4,2026-07-28,74-4,74,B,leaf,3.0,,length_cm,51.5,,cm,57,1520.1499999999996
4,2026-07-28,74-4,74,B,leaf,3.0,,width_cm,5.0,,cm,57,1520.1499999999996
4,2026-07-28,74-4,74,B,leaf,4.0,,length_cm,54.0,,cm,57,1520.1499999999996
4,2026-07-28,74-4,74,B,leaf,4.0,,width_cm,6.7,,cm,57,1520.1499999999996
4,2026-07-28,74-4,74,B,leaf,5.0,,length_cm,61.0,,cm,57,1520.1499999999996
4,2026-07-28,74-4,74,B,leaf,5.0,,width_cm,8.0,,cm,57,1520.1499999999996
4,2026-07-28,74-4,74,B,leaf,6.0,,length_cm,62.0,,cm,57,1520.1499999999996
4,2026-07-28,74-4,74,B,leaf,6.0,,width_cm,8.8,,cm,57,1520.1499999999996
4,2026-07-28,74-4,74,B,leaf,7.0,,length_cm,64.0,,cm,57,1520.1499999999996
4,2026-07-28,74-4,74,B,leaf,7.0,,width_cm,8.9,,cm,57,1520.1499999999996
4,2026-07-28,74-4,74,B,leaf,8.0,,length_cm,64.0,,cm,57,1520.1499999999996
4,2026-07-28,74-4,74,B,leaf,8.0,,width_cm,8.1,,cm,57,1520.1499999999996
4,2026-07-28,74-4,74,B,leaf,9.0,,length_cm,71.5,,cm,57,1520.1499999999996
4,2026-07-28,74-4,74,B,leaf,9.0,,width_cm,7.9,,cm,57,1520.1499999999996
4,2026-07-28,74-4,74,B,leaf,10.0,,length_cm,72.5,,cm,57,1520.1499999999996
4,2026-07-28,74-4,74,B,leaf,10.0,,width_cm,7.4,,cm,57,1520.1499999999996
4,2026-07-28,74-4,74,B,leaf,11.0,,length_cm,67.0,,cm,57,1520.1499999999996
4,2026-07-28,74-4,74,B,leaf,11.0,,width_cm,7.7,,cm,57,1520.1499999999996
4,2026-07-28,74-4,74,B,leaf,12.0,,length_cm,62.0,,cm,57,1520.1499999999996
4,2026-07-28,74-4,74,B,leaf,12.0,,width_cm,6.8,,cm,57,1520.1499999999996
4,2026-07-28,74-4,74,B,leaf,13.0,,length_cm,43.0,,cm,57,1520.1499999999996
4,2026-07-28,74-4,74,B,leaf,14.0,,length_cm,26.0,,cm,57,1520.1499999999996
4,2026-07-28,74-5,74,B,leaf,1.0,,length_cm,39.0,,cm,57,1520.1499999999996
4,2026-07-28,74-5,74,B,leaf,1.0,,width_cm,4.0,,cm,57,1520.1499999999996
4,2026-07-28,74-5,74,B,leaf,2.0,,length_cm,44.0,,cm,57,1520.1499999999996
4,2026-07-28,74-5,74,B,leaf,2.0,,width_cm,5.4,,cm,57,1520.1499999999996
4,2026-07-28,74-5,74,B,leaf,3.0,,length_cm,50.0,,cm,57,1520.1499999999996
4,2026-07-28,74-5,74,B,leaf,3.0,,width_cm,5.6,,cm,57,1520.1499999999996
4,2026-07-28,74-5,74,B,leaf,4.0,,length_cm,56.0,,cm,57,1520.1499999999996
4,2026-07-28,74-5,74,B,leaf,4.0,,width_cm,6.6,,cm,57,1520.1499999999996
4,2026-07-28,74-5,74,B,leaf,5.0,,length_cm,62.0,,cm,57,1520.1499999999996
4,2026-07-28,74-5,74,B,leaf,5.0,,width_cm,8.0,,cm,57,1520.1499999999996
4,2026-07-28,74-5,74,B,leaf,6.0,,length_cm,65.0,,cm,57,1520.1499999999996
4,2026-07-28,74-5,74,B,leaf,6.0,,width_cm,9.2,,cm,57,1520.1499999999996
4,2026-07-28,74-5,74,B,leaf,7.0,,length_cm,69.0,,cm,57,1520.1499999999996
4,2026-07-28,74-5,74,B,leaf,7.0,,width_cm,9.4,,cm,57,1520.1499999999996
4,2026-07-28,74-5,74,B,leaf,8.0,,length_cm,66.0,,cm,57,1520.1499999999996
4,2026-07-28,74-5,74,B,leaf,8.0,,width_cm,9.0,,cm,57,1520.1499999999996
4,2026-07-28,74-5,74,B,leaf,9.0,,length_cm,70.0,,cm,57,1520.1499999999996
4,2026-07-28,74-5,74,B,leaf,9.0,,width_cm,8.8,,cm,57,1520.1499999999996
4,2026-07-28,74-5,74,B,leaf,10.0,,length_cm,66.0,,cm,57,1520.1499999999996
4,2026-07-28,74-5,74,B,leaf,10.0,,width_cm,7.6,,cm,57,1520.1499999999996
4,2026-07-28,74-5,74,B,leaf,11.0,,length_cm,66.0,,cm,57,1520.1499999999996
4,2026-07-28,74-5,74,B,leaf,11.0,,width_cm,7.4,,cm,57,1520.1499999999996
4,2026-07-28,74-5,74,B,leaf,12.0,,length_cm,62.0,,cm,57,1520.1499999999996
4,2026-07-28,74-5,74,B,leaf,12.0,,width_cm,7.0,,cm,57,1520.1499999999996
4,2026-07-28,74-5,74,B,leaf,13.0,,length_cm,49.5,,cm,57,1520.1499999999996
4,2026-07-28,74-5,74,B,leaf,13.0,,width_cm,6.1,,cm,57,1520.1499999999996
4,2026-07-28,74-5,74,B,leaf,14.0,,length_cm,28.0,,cm,57,1520.1499999999996
4,2026-07-28,73-1,73,C,leaf,1.0,,length_cm,40.0,,cm,57,1520.1499999999996
4,2026-07-28,73-1,73,C,leaf,1.0,,width_cm,4.5,,cm,57,1520.1499999999996
4,2026-07-28,73-1,73,C,leaf,2.0,,length_cm,43.0,,cm,57,1520.1499999999996
4,2026-07-28,73-1,73,C,leaf,2.0,,width_cm,5.4,,cm,57,1520.1499999999996
4,2026-07-28,73-1,73,C,leaf,3.0,,length_cm,47.0,,cm,57,1520.1499999999996
4,2026-07-28,73-1,73,C,leaf,3.0,,width_cm,5.8,,cm,57,1520.1499999999996
4,2026-07-28,73-1,73,C,leaf,4.0,,length_cm,55.0,,cm,57,1520.1499999999996
4,2026-07-28,73-1,73,C,leaf,4.0,,width_cm,6.8,,cm,57,1520.1499999999996
4,2026-07-28,73-1,73,C,leaf,5.0,,length_cm,58.5,,cm,57,1520.1499999999996
4,2026-07-28,73-1,73,C,leaf,5.0,,width_cm,7.5,,cm,57,1520.1499999999996
4,2026-07-28,73-1,73,C,leaf,6.0,,length_cm,63.0,,cm,57,1520.1499999999996
4,2026-07-28,73-1,73,C,leaf,6.0,,width_cm,8.5,,cm,57,1520.1499999999996
4,2026-07-28,73-1,73,C,leaf,7.0,,length_cm,65.0,,cm,57,1520.1499999999996
4,2026-07-28,73-1,73,C,leaf,7.0,,width_cm,8.7,,cm,57,1520.1499999999996
4,2026-07-28,73-1,73,C,leaf,8.0,,length_cm,64.0,,cm,57,1520.1499999999996
4,2026-07-28,73-1,73,C,leaf,8.0,,width_cm,8.3,,cm,57,1520.1499999999996
4,2026-07-28,73-1,73,C,leaf,9.0,,length_cm,70.5,,cm,57,1520.1499999999996
4,2026-07-28,73-1,73,C,leaf,9.0,,width_cm,8.7,,cm,57,1520.1499999999996
4,2026-07-28,73-1,73,C,leaf,10.0,,length_cm,73.5,,cm,57,1520.1499999999996
4,2026-07-28,73-1,73,C,leaf,10.0,,width_cm,8.6,,cm,57,1520.1499999999996
4,2026-07-28,73-1,73,C,leaf,11.0,,length_cm,72.5,,cm,57,1520.1499999999996
4,2026-07-28,73-1,73,C,leaf,11.0,,width_cm,8.7,,cm,57,1520.1499999999996
4,2026-07-28,73-1,73,C,leaf,12.0,,length_cm,69.5,,cm,57,1520.1499999999996
4,2026-07-28,73-1,73,C,leaf,12.0,,width_cm,8.8,,cm,57,1520.1499999999996
4,2026-07-28,73-1,73,C,leaf,13.0,,length_cm,61.0,,cm,57,1520.1499999999996
4,2026-07-28,73-1,73,C,leaf,13.0,,width_cm,8.6,,cm,57,1520.1499999999996
4,2026-07-28,73-2,73,C,leaf,1.0,,length_cm,36.0,,cm,57,1520.1499999999996
4,2026-07-28,73-2,73,C,leaf,1.0,,width_cm,4.8,,cm,57,1520.1499999999996
4,2026-07-28,73-2,73,C,leaf,2.0,,length_cm,42.0,,cm,57,1520.1499999999996
4,2026-07-28,73-2,73,C,leaf,2.0,,width_cm,5.6,,cm,57,1520.1499999999996
4,2026-07-28,73-2,73,C,leaf,3.0,,length_cm,46.0,,cm,57,1520.1499999999996
4,2026-07-28,73-2,73,C,leaf,3.0,,width_cm,6.5,,cm,57,1520.1499999999996
4,2026-07-28,73-2,73,C,leaf,4.0,,length_cm,48.5,,cm,57,1520.1499999999996
4,2026-07-28,73-2,73,C,leaf,4.0,,width_cm,7.4,,cm,57,1520.1499999999996
4,2026-07-28,73-2,73,C,leaf,5.0,,length_cm,58.0,,cm,57,1520.1499999999996
4,2026-07-28,73-2,73,C,leaf,5.0,,width_cm,8.4,,cm,57,1520.1499999999996
4,2026-07-28,73-2,73,C,leaf,6.0,,length_cm,60.0,,cm,57,1520.1499999999996
4,2026-07-28,73-2,73,C,leaf,6.0,,width_cm,8.5,,cm,57,1520.1499999999996
4,2026-07-28,73-2,73,C,leaf,7.0,,length_cm,62.0,,cm,57,1520.1499999999996
4,2026-07-28,73-2,73,C,leaf,7.0,,width_cm,8.5,,cm,57,1520.1499999999996
4,2026-07-28,73-2,73,C,leaf,8.0,,length_cm,65.0,,cm,57,1520.1499999999996
4,2026-07-28,73-2,73,C,leaf,8.0,,width_cm,7.9,,cm,57,1520.1499999999996
4,2026-07-28,73-2,73,C,leaf,9.0,,length_cm,67.0,,cm,57,1520.1499999999996
4,2026-07-28,73-2,73,C,leaf,9.0,,width_cm,8.0,,cm,57,1520.1499999999996
4,2026-07-28,73-2,73,C,leaf,10.0,,length_cm,69.5,,cm,57,1520.1499999999996
4,2026-07-28,73-2,73,C,leaf,10.0,,width_cm,8.3,,cm,57,1520.1499999999996
4,2026-07-28,73-2,73,C,leaf,11.0,,length_cm,71.0,,cm,57,1520.1499999999996
4,2026-07-28,73-2,73,C,leaf,11.0,,width_cm,7.9,,cm,57,1520.1499999999996
4,2026-07-28,73-2,73,C,leaf,12.0,,length_cm,66.5,,cm,57,1520.1499999999996
4,2026-07-28,73-2,73,C,leaf,12.0,,width_cm,7.5,,cm,57,1520.1499999999996
4,2026-07-28,73-2,73,C,leaf,13.0,,length_cm,54.0,,cm,57,1520.1499999999996
4,2026-07-28,73-3,73,C,leaf,1.0,,length_cm,41.0,,cm,57,1520.1499999999996
4,2026-07-28,73-3,73,C,leaf,1.0,,width_cm,4.4,,cm,57,1520.1499999999996
4,2026-07-28,73-3,73,C,leaf,2.0,,length_cm,48.0,,cm,57,1520.1499999999996
4,2026-07-28,73-3,73,C,leaf,2.0,,width_cm,4.8,,cm,57,1520.1499999999996
4,2026-07-28,73-3,73,C,leaf,3.0,,length_cm,53.0,,cm,57,1520.1499999999996
4,2026-07-28,73-3,73,C,leaf,3.0,,width_cm,5.2,,cm,57,1520.1499999999996
4,2026-07-28,73-3,73,C,leaf,4.0,,length_cm,59.0,,cm,57,1520.1499999999996
4,2026-07-28,73-3,73,C,leaf,4.0,,width_cm,6.1,,cm,57,1520.1499999999996
4,2026-07-28,73-3,73,C,leaf,5.0,,length_cm,62.5,,cm,57,1520.1499999999996
4,2026-07-28,73-3,73,C,leaf,5.0,,width_cm,7.3,,cm,57,1520.1499999999996
4,2026-07-28,73-3,73,C,leaf,6.0,,length_cm,65.0,,cm,57,1520.1499999999996
4,2026-07-28,73-3,73,C,leaf,6.0,,width_cm,8.2,,cm,57,1520.1499999999996
4,2026-07-28,73-3,73,C,leaf,7.0,,length_cm,65.5,,cm,57,1520.1499999999996
4,2026-07-28,73-3,73,C,leaf,7.0,,width_cm,8.0,,cm,57,1520.1499999999996
4,2026-07-28,73-3,73,C,leaf,8.0,,length_cm,68.0,,cm,57,1520.1499999999996
4,2026-07-28,73-3,73,C,leaf,8.0,,width_cm,8.1,,cm,57,1520.1499999999996
4,2026-07-28,73-3,73,C,leaf,9.0,,length_cm,71.0,,cm,57,1520.1499999999996
4,2026-07-28,73-3,73,C,leaf,9.0,,width_cm,8.1,,cm,57,1520.1499999999996
4,2026-07-28,73-3,73,C,leaf,10.0,,length_cm,73.0,,cm,57,1520.1499999999996
4,2026-07-28,73-3,73,C,leaf,10.0,,width_cm,7.7,,cm,57,1520.1499999999996
4,2026-07-28,73-3,73,C,leaf,11.0,,length_cm,70.0,,cm,57,1520.1499999999996
4,2026-07-28,73-3,73,C,leaf,11.0,,width_cm,7.8,,cm,57,1520.1499999999996
4,2026-07-28,73-3,73,C,leaf,12.0,,length_cm,61.0,,cm,57,1520.1499999999996
4,2026-07-28,73-3,73,C,leaf,12.0,,width_cm,7.9,,cm,57,1520.1499999999996
4,2026-07-28,73-3,73,C,leaf,13.0,,length_cm,45.5,,cm,57,1520.1499999999996
4,2026-07-28,73-3,73,C,leaf,13.0,,width_cm,7.0,,cm,57,1520.1499999999996
4,2026-07-28,73-4,73,C,leaf,1.0,,length_cm,38.5,,cm,57,1520.1499999999996
4,2026-07-28,73-4,73,C,leaf,1.0,,width_cm,3.9,,cm,57,1520.1499999999996
4,2026-07-28,73-4,73,C,leaf,2.0,,length_cm,40.5,,cm,57,1520.1499999999996
4,2026-07-28,73-4,73,C,leaf,2.0,,width_cm,4.5,,cm,57,1520.1499999999996
4,2026-07-28,73-4,73,C,leaf,3.0,,length_cm,44.0,,cm,57,1520.1499999999996
4,2026-07-28,73-4,73,C,leaf,3.0,,width_cm,5.1,,cm,57,1520.1499999999996
4,2026-07-28,73-4,73,C,leaf,4.0,,length_cm,51.5,,cm,57,1520.1499999999996
4,2026-07-28,73-4,73,C,leaf,4.0,,width_cm,6.0,,cm,57,1520.1499999999996
4,2026-07-28,73-4,73,C,leaf,5.0,,length_cm,56.5,,cm,57,1520.1499999999996
4,2026-07-28,73-4,73,C,leaf,5.0,,width_cm,6.9,,cm,57,1520.1499999999996
4,2026-07-28,73-4,73,C,leaf,6.0,,length_cm,62.0,,cm,57,1520.1499999999996
4,2026-07-28,73-4,73,C,leaf,6.0,,width_cm,8.0,,cm,57,1520.1499999999996
4,2026-07-28,73-4,73,C,leaf,7.0,,length_cm,63.5,,cm,57,1520.1499999999996
4,2026-07-28,73-4,73,C,leaf,7.0,,width_cm,8.2,,cm,57,1520.1499999999996
4,2026-07-28,73-4,73,C,leaf,8.0,,length_cm,63.0,,cm,57,1520.1499999999996
4,2026-07-28,73-4,73,C,leaf,8.0,,width_cm,8.3,,cm,57,1520.1499999999996
4,2026-07-28,73-4,73,C,leaf,9.0,,length_cm,69.5,,cm,57,1520.1499999999996
4,2026-07-28,73-4,73,C,leaf,9.0,,width_cm,7.8,,cm,57,1520.1499999999996
4,2026-07-28,73-4,73,C,leaf,10.0,,length_cm,72.5,,cm,57,1520.1499999999996
4,2026-07-28,73-4,73,C,leaf,10.0,,width_cm,7.4,,cm,57,1520.1499999999996
4,2026-07-28,73-4,73,C,leaf,11.0,,length_cm,74.0,,cm,57,1520.1499999999996
4,2026-07-28,73-4,73,C,leaf,11.0,,width_cm,7.7,,cm,57,1520.1499999999996
4,2026-07-28,73-4,73,C,leaf,12.0,,length_cm,68.5,,cm,57,1520.1499999999996
4,2026-07-28,73-4,73,C,leaf,12.0,,width_cm,7.0,,cm,57,1520.1499999999996
4,2026-07-28,73-4,73,C,leaf,13.0,,length_cm,67.0,,cm,57,1520.1499999999996
4,2026-07-28,73-4,73,C,leaf,13.0,,width_cm,7.8,,cm,57,1520.1499999999996
4,2026-07-28,73-4,73,C,leaf,14.0,,length_cm,64.0,,cm,57,1520.1499999999996
4,2026-07-28,73-4,73,C,leaf,14.0,,width_cm,7.6,,cm,57,1520.1499999999996
4,2026-07-28,73-4,73,C,leaf,15.0,,length_cm,60.0,,cm,57,1520.1499999999996
4,2026-07-28,73-4,73,C,leaf,15.0,,width_cm,7.1,,cm,57,1520.1499999999996
4,2026-07-28,73-4,73,C,leaf,16.0,,length_cm,48.5,,cm,57,1520.1499999999996
4,2026-07-28,73-4,73,C,leaf,16.0,,width_cm,7.2,,cm,57,1520.1499999999996
4,2026-07-28,73-5,73,C,leaf,1.0,,length_cm,38.0,,cm,57,1520.1499999999996
4,2026-07-28,73-5,73,C,leaf,1.0,,width_cm,4.0,,cm,57,1520.1499999999996
4,2026-07-28,73-5,73,C,leaf,2.0,,length_cm,46.5,,cm,57,1520.1499999999996
4,2026-07-28,73-5,73,C,leaf,2.0,,width_cm,5.0,,cm,57,1520.1499999999996
4,2026-07-28,73-5,73,C,leaf,3.0,,length_cm,50.0,,cm,57,1520.1499999999996
4,2026-07-28,73-5,73,C,leaf,3.0,,width_cm,5.3,,cm,57,1520.1499999999996
4,2026-07-28,73-5,73,C,leaf,4.0,,length_cm,59.0,,cm,57,1520.1499999999996
4,2026-07-28,73-5,73,C,leaf,4.0,,width_cm,5.8,,cm,57,1520.1499999999996
4,2026-07-28,73-5,73,C,leaf,5.0,,length_cm,60.5,,cm,57,1520.1499999999996
4,2026-07-28,73-5,73,C,leaf,5.0,,width_cm,6.9,,cm,57,1520.1499999999996
4,2026-07-28,73-5,73,C,leaf,6.0,,length_cm,69.5,,cm,57,1520.1499999999996
4,2026-07-28,73-5,73,C,leaf,6.0,,width_cm,8.3,,cm,57,1520.1499999999996
4,2026-07-28,73-5,73,C,leaf,7.0,,length_cm,68.5,,cm,57,1520.1499999999996
4,2026-07-28,73-5,73,C,leaf,7.0,,width_cm,8.2,,cm,57,1520.1499999999996
4,2026-07-28,73-5,73,C,leaf,8.0,,length_cm,67.0,,cm,57,1520.1499999999996
4,2026-07-28,73-5,73,C,leaf,8.0,,width_cm,8.8,,cm,57,1520.1499999999996
4,2026-07-28,73-5,73,C,leaf,9.0,,length_cm,62.5,,cm,57,1520.1499999999996
4,2026-07-28,73-5,73,C,leaf,9.0,,width_cm,8.2,,cm,57,1520.1499999999996
4,2026-07-28,73-5,73,C,leaf,10.0,,length_cm,65.0,,cm,57,1520.1499999999996
4,2026-07-28,73-5,73,C,leaf,10.0,,width_cm,7.8,,cm,57,1520.1499999999996
4,2026-07-28,73-5,73,C,leaf,11.0,,length_cm,66.0,,cm,57,1520.1499999999996
4,2026-07-28,73-5,73,C,leaf,11.0,,width_cm,8.6,,cm,57,1520.1499999999996
4,2026-07-28,73-5,73,C,leaf,12.0,,length_cm,61.5,,cm,57,1520.1499999999996
4,2026-07-28,73-5,73,C,leaf,12.0,,width_cm,8.3,,cm,57,1520.1499999999996
4,2026-07-28,73-5,73,C,leaf,13.0,,length_cm,56.0,,cm,57,1520.1499999999996
4,2026-07-28,73-5,73,C,leaf,13.0,,width_cm,8.2,,cm,57,1520.1499999999996
4,2026-07-28,73-1,73,C,leaf,1.0,,angle_from_vertical,56,,deg,57,1520.1499999999996
4,2026-07-28,73-1,73,C,leaf,2.0,,angle_from_vertical,44,,deg,57,1520.1499999999996
4,2026-07-28,73-1,73,C,leaf,3.0,,angle_from_vertical,50,,deg,57,1520.1499999999996
4,2026-07-28,73-1,73,C,leaf,4.0,,angle_from_vertical,65,,deg,57,1520.1499999999996
4,2026-07-28,73-1,73,C,leaf,5.0,,angle_from_vertical,41,,deg,57,1520.1499999999996
4,2026-07-28,73-1,73,C,leaf,6.0,,angle_from_vertical,60,,deg,57,1520.1499999999996
4,2026-07-28,73-1,73,C,leaf,7.0,,angle_from_vertical,54,,deg,57,1520.1499999999996
4,2026-07-28,73-1,73,C,leaf,8.0,,angle_from_vertical,70,,deg,57,1520.1499999999996
4,2026-07-28,73-1,73,C,leaf,9.0,,angle_from_vertical,45,,deg,57,1520.1499999999996
4,2026-07-28,73-1,73,C,leaf,10.0,,angle_from_vertical,61,,deg,57,1520.1499999999996
4,2026-07-28,73-1,73,C,leaf,11.0,,angle_from_vertical,51,,deg,57,1520.1499999999996
4,2026-07-28,73-1,73,C,leaf,12.0,,angle_from_vertical,35,,deg,57,1520.1499999999996
4,2026-07-28,73-1,73,C,leaf,13.0,,angle_from_vertical,22,,deg,57,1520.1499999999996
4,2026-07-28,73-2,73,C,leaf,1.0,,angle_from_vertical,40,,deg,57,1520.1499999999996
4,2026-07-28,73-2,73,C,leaf,2.0,,angle_from_vertical,50,,deg,57,1520.1499999999996
4,2026-07-28,73-2,73,C,leaf,3.0,,angle_from_vertical,49,,deg,57,1520.1499999999996
4,2026-07-28,73-2,73,C,leaf,4.0,,angle_from_vertical,75,,deg,57,1520.1499999999996
4,2026-07-28,73-2,73,C,leaf,5.0,,angle_from_vertical,50,,deg,57,1520.1499999999996
4,2026-07-28,73-2,73,C,leaf,6.0,,angle_from_vertical,60,,deg,57,1520.1499999999996
4,2026-07-28,73-2,73,C,leaf,7.0,,angle_from_vertical,52,,deg,57,1520.1499999999996
4,2026-07-28,73-2,73,C,leaf,8.0,,angle_from_vertical,55,,deg,57,1520.1499999999996
4,2026-07-28,73-2,73,C,leaf,9.0,,angle_from_vertical,50,,deg,57,1520.1499999999996
4,2026-07-28,73-2,73,C,leaf,10.0,,angle_from_vertical,56,,deg,57,1520.1499999999996
4,2026-07-28,73-2,73,C,leaf,11.0,,angle_from_vertical,47,,deg,57,1520.1499999999996
4,2026-07-28,73-2,73,C,leaf,12.0,,angle_from_vertical,46,,deg,57,1520.1499999999996
4,2026-07-28,73-2,73,C,leaf,13.0,,angle_from_vertical,29,,deg,57,1520.1499999999996
4,2026-07-28,73-3,73,C,leaf,1.0,,angle_from_vertical,47,,deg,57,1520.1499999999996
4,2026-07-28,73-3,73,C,leaf,2.0,,angle_from_vertical,55,,deg,57,1520.1499999999996
4,2026-07-28,73-3,73,C,leaf,3.0,,angle_from_vertical,45,,deg,57,1520.1499999999996
4,2026-07-28,73-3,73,C,leaf,4.0,,angle_from_vertical,76,,deg,57,1520.1499999999996
4,2026-07-28,73-3,73,C,leaf,5.0,,angle_from_vertical,34,,deg,57,1520.1499999999996
4,2026-07-28,73-3,73,C,leaf,6.0,,angle_from_vertical,52,,deg,57,1520.1499999999996
4,2026-07-28,73-3,73,C,leaf,7.0,,angle_from_vertical,43,,deg,57,1520.1499999999996
4,2026-07-28,73-3,73,C,leaf,8.0,,angle_from_vertical,47,,deg,57,1520.1499999999996
4,2026-07-28,73-3,73,C,leaf,9.0,,angle_from_vertical,41,,deg,57,1520.1499999999996
4,2026-07-28,73-3,73,C,leaf,10.0,,angle_from_vertical,36,,deg,57,1520.1499999999996
4,2026-07-28,73-3,73,C,leaf,11.0,,angle_from_vertical,40,,deg,57,1520.1499999999996
4,2026-07-28,73-3,73,C,leaf,12.0,,angle_from_vertical,21,,deg,57,1520.1499999999996
4,2026-07-28,73-3,73,C,leaf,13.0,,angle_from_vertical,33,,deg,57,1520.1499999999996
4,2026-07-28,73-3,73,C,leaf,14.0,,angle_from_vertical,25,,deg,57,1520.1499999999996
4,2026-07-28,73-4,73,C,leaf,1.0,,angle_from_vertical,57,,deg,57,1520.1499999999996
4,2026-07-28,73-4,73,C,leaf,2.0,,angle_from_vertical,46,,deg,57,1520.1499999999996
4,2026-07-28,73-4,73,C,leaf,3.0,,angle_from_vertical,51,,deg,57,1520.1499999999996
4,2026-07-28,73-4,73,C,leaf,4.0,,angle_from_vertical,47,,deg,57,1520.1499999999996
4,2026-07-28,73-4,73,C,leaf,5.0,,angle_from_vertical,54,,deg,57,1520.1499999999996
4,2026-07-28,73-4,73,C,leaf,6.0,,angle_from_vertical,59,,deg,57,1520.1499999999996
4,2026-07-28,73-4,73,C,leaf,7.0,,angle_from_vertical,53,,deg,57,1520.1499999999996
4,2026-07-28,73-4,73,C,leaf,8.0,,angle_from_vertical,54,,deg,57,1520.1499999999996
4,2026-07-28,73-4,73,C,leaf,9.0,,angle_from_vertical,46,,deg,57,1520.1499999999996
4,2026-07-28,73-4,73,C,leaf,10.0,,angle_from_vertical,38,,deg,57,1520.1499999999996
4,2026-07-28,73-4,73,C,leaf,11.0,,angle_from_vertical,38,,deg,57,1520.1499999999996
4,2026-07-28,73-4,73,C,leaf,12.0,,angle_from_vertical,39,,deg,57,1520.1499999999996
4,2026-07-28,73-4,73,C,leaf,13.0,,angle_from_vertical,37,,deg,57,1520.1499999999996
4,2026-07-28,73-4,73,C,leaf,14.0,,angle_from_vertical,24,,deg,57,1520.1499999999996
4,2026-07-28,73-4,73,C,leaf,15.0,,angle_from_vertical,28,,deg,57,1520.1499999999996
4,2026-07-28,73-4,73,C,leaf,16.0,,angle_from_vertical,10,,deg,57,1520.1499999999996
4,2026-07-28,73-5,73,C,leaf,1.0,,angle_from_vertical,38,,deg,57,1520.1499999999996
4,2026-07-28,73-5,73,C,leaf,2.0,,angle_from_vertical,41,,deg,57,1520.1499999999996
4,2026-07-28,73-5,73,C,leaf,3.0,,angle_from_vertical,41,,deg,57,1520.1499999999996
4,2026-07-28,73-5,73,C,leaf,4.0,,angle_from_vertical,55,,deg,57,1520.1499999999996
4,2026-07-28,73-5,73,C,leaf,5.0,,angle_from_vertical,42,,deg,57,1520.1499999999996
4,2026-07-28,73-5,73,C,leaf,6.0,,angle_from_vertical,59,,deg,57,1520.1499999999996
4,2026-07-28,73-5,73,C,leaf,7.0,,angle_from_vertical,28,,deg,57,1520.1499999999996
4,2026-07-28,73-5,73,C,leaf,8.0,,angle_from_vertical,60,,deg,57,1520.1499999999996
4,2026-07-28,73-5,73,C,leaf,9.0,,angle_from_vertical,54,,deg,57,1520.1499999999996
4,2026-07-28,73-5,73,C,leaf,10.0,,angle_from_vertical,49,,deg,57,1520.1499999999996
4,2026-07-28,73-5,73,C,leaf,11.0,,angle_from_vertical,47,,deg,57,1520.1499999999996
4,2026-07-28,73-5,73,C,leaf,12.0,,angle_from_vertical,34,,deg,57,1520.1499999999996
4,2026-07-28,73-5,73,C,leaf,13.0,,angle_from_vertical,40,,deg,57,1520.1499999999996
4,2026-07-28,74-1,74,B,leaf,1.0,,angle_from_vertical,53,,deg,57,1520.1499999999996
4,2026-07-28,74-1,74,B,leaf,2.0,,angle_from_vertical,59,,deg,57,1520.1499999999996
4,2026-07-28,74-1,74,B,leaf,3.0,,angle_from_vertical,79,,deg,57,1520.1499999999996
4,2026-07-28,74-1,74,B,leaf,4.0,,angle_from_vertical,60,,deg,57,1520.1499999999996
4,2026-07-28,74-1,74,B,leaf,5.0,,angle_from_vertical,63,,deg,57,1520.1499999999996
4,2026-07-28,74-1,74,B,leaf,6.0,,angle_from_vertical,57,,deg,57,1520.1499999999996
4,2026-07-28,74-1,74,B,leaf,7.0,,angle_from_vertical,58,,deg,57,1520.1499999999996
4,2026-07-28,74-1,74,B,leaf,8.0,,angle_from_vertical,33,,deg,57,1520.1499999999996
4,2026-07-28,74-1,74,B,leaf,9.0,,angle_from_vertical,45,,deg,57,1520.1499999999996
4,2026-07-28,74-1,74,B,leaf,10.0,,angle_from_vertical,30,,deg,57,1520.1499999999996
4,2026-07-28,74-1,74,B,leaf,11.0,,angle_from_vertical,21,,deg,57,1520.1499999999996
4,2026-07-28,74-1,74,B,leaf,12.0,,angle_from_vertical,10,,deg,57,1520.1499999999996
4,2026-07-28,74-1,74,B,leaf,13.0,,angle_from_vertical,17,,deg,57,1520.1499999999996
4,2026-07-28,74-1,74,B,leaf,14.0,,angle_from_vertical,26,,deg,57,1520.1499999999996
4,2026-07-28,74-2,74,B,leaf,1.0,,angle_from_vertical,54,,deg,57,1520.1499999999996
4,2026-07-28,74-2,74,B,leaf,2.0,,angle_from_vertical,69,,deg,57,1520.1499999999996
4,2026-07-28,74-2,74,B,leaf,3.0,,angle_from_vertical,52,,deg,57,1520.1499999999996
4,2026-07-28,74-2,74,B,leaf,4.0,,angle_from_vertical,64,,deg,57,1520.1499999999996
4,2026-07-28,74-2,74,B,leaf,5.0,,angle_from_vertical,56,,deg,57,1520.1499999999996
4,2026-07-28,74-2,74,B,leaf,6.0,,angle_from_vertical,61,,deg,57,1520.1499999999996
4,2026-07-28,74-2,74,B,leaf,7.0,,angle_from_vertical,53,,deg,57,1520.1499999999996
4,2026-07-28,74-2,74,B,leaf,8.0,,angle_from_vertical,29,,deg,57,1520.1499999999996
4,2026-07-28,74-2,74,B,leaf,9.0,,angle_from_vertical,37,,deg,57,1520.1499999999996
4,2026-07-28,74-2,74,B,leaf,10.0,,angle_from_vertical,21,,deg,57,1520.1499999999996
4,2026-07-28,74-2,74,B,leaf,11.0,,angle_from_vertical,30,,deg,57,1520.1499999999996
4,2026-07-28,74-2,74,B,leaf,12.0,,angle_from_vertical,23,,deg,57,1520.1499999999996
4,2026-07-28,74-2,74,B,leaf,13.0,,angle_from_vertical,17,,deg,57,1520.1499999999996
4,2026-07-28,74-3,74,B,leaf,1.0,,angle_from_vertical,49,,deg,57,1520.1499999999996
4,2026-07-28,74-3,74,B,leaf,2.0,,angle_from_vertical,75,,deg,57,1520.1499999999996
4,2026-07-28,74-3,74,B,leaf,3.0,,angle_from_vertical,48,,deg,57,1520.1499999999996
4,2026-07-28,74-3,74,B,leaf,4.0,,angle_from_vertical,77,,deg,57,1520.1499999999996
4,2026-07-28,74-3,74,B,leaf,5.0,,angle_from_vertical,44,,deg,57,1520.1499999999996
4,2026-07-28,74-3,74,B,leaf,6.0,,angle_from_vertical,56,,deg,57,1520.1499999999996
4,2026-07-28,74-3,74,B,leaf,7.0,,angle_from_vertical,49,,deg,57,1520.1499999999996
4,2026-07-28,74-3,74,B,leaf,8.0,,angle_from_vertical,34,,deg,57,1520.1499999999996
4,2026-07-28,74-3,74,B,leaf,9.0,,angle_from_vertical,36,,deg,57,1520.1499999999996
4,2026-07-28,74-3,74,B,leaf,10.0,,angle_from_vertical,26,,deg,57,1520.1499999999996
4,2026-07-28,74-3,74,B,leaf,11.0,,angle_from_vertical,34,,deg,57,1520.1499999999996
4,2026-07-28,74-3,74,B,leaf,12.0,,angle_from_vertical,23,,deg,57,1520.1499999999996
4,2026-07-28,74-3,74,B,leaf,13.0,,angle_from_vertical,26,,deg,57,1520.1499999999996
4,2026-07-28,74-4,74,B,leaf,1.0,,angle_from_vertical,59,,deg,57,1520.1499999999996
4,2026-07-28,74-4,74,B,leaf,2.0,,angle_from_vertical,66,,deg,57,1520.1499999999996
4,2026-07-28,74-4,74,B,leaf,3.0,,angle_from_vertical,65,,deg,57,1520.1499999999996
4,2026-07-28,74-4,74,B,leaf,4.0,,angle_from_vertical,74,,deg,57,1520.1499999999996
4,2026-07-28,74-4,74,B,leaf,5.0,,angle_from_vertical,67,,deg,57,1520.1499999999996
4,2026-07-28,74-4,74,B,leaf,6.0,,angle_from_vertical,54,,deg,57,1520.1499999999996
4,2026-07-28,74-4,74,B,leaf,7.0,,angle_from_vertical,46,,deg,57,1520.1499999999996
4,2026-07-28,74-4,74,B,leaf,8.0,,angle_from_vertical,44,,deg,57,1520.1499999999996
4,2026-07-28,74-4,74,B,leaf,9.0,,angle_from_vertical,33,,deg,57,1520.1499999999996
4,2026-07-28,74-4,74,B,leaf,10.0,,angle_from_vertical,32,,deg,57,1520.1499999999996
4,2026-07-28,74-4,74,B,leaf,11.0,,angle_from_vertical,24,,deg,57,1520.1499999999996
4,2026-07-28,74-4,74,B,leaf,12.0,,angle_from_vertical,25,,deg,57,1520.1499999999996
4,2026-07-28,74-4,74,B,leaf,13.0,,angle_from_vertical,17,,deg,57,1520.1499999999996
4,2026-07-28,74-5,74,B,leaf,1.0,,angle_from_vertical,29,,deg,57,1520.1499999999996
4,2026-07-28,74-5,74,B,leaf,2.0,,angle_from_vertical,59,,deg,57,1520.1499999999996
4,2026-07-28,74-5,74,B,leaf,3.0,,angle_from_vertical,60,,deg,57,1520.1499999999996
4,2026-07-28,74-5,74,B,leaf,4.0,,angle_from_vertical,55,,deg,57,1520.1499999999996
4,2026-07-28,74-5,74,B,leaf,5.0,,angle_from_vertical,78,,deg,57,1520.1499999999996
4,2026-07-28,74-5,74,B,leaf,6.0,,angle_from_vertical,45,,deg,57,1520.1499999999996
4,2026-07-28,74-5,74,B,leaf,7.0,,angle_from_vertical,53,,deg,57,1520.1499999999996
4,2026-07-28,74-5,74,B,leaf,8.0,,angle_from_vertical,40,,deg,57,1520.1499999999996
4,2026-07-28,74-5,74,B,leaf,9.0,,angle_from_vertical,44,,deg,57,1520.1499999999996
4,2026-07-28,74-5,74,B,leaf,10.0,,angle_from_vertical,27,,deg,57,1520.1499999999996
4,2026-07-28,74-5,74,B,leaf,11.0,,angle_from_vertical,13,,deg,57,1520.1499999999996
4,2026-07-28,74-5,74,B,leaf,12.0,,angle_from_vertical,10,,deg,57,1520.1499999999996
4,2026-07-28,74-5,74,B,leaf,13.0,,angle_from_vertical,16,,deg,57,1520.1499999999996
4,2026-07-28,75-1,75,A,leaf,1.0,,angle_from_vertical,52,,deg,57,1520.1499999999996
4,2026-07-28,75-1,75,A,leaf,2.0,,angle_from_vertical,42,,deg,57,1520.1499999999996
4,2026-07-28,75-1,75,A,leaf,3.0,,angle_from_vertical,56,,deg,57,1520.1499999999996
4,2026-07-28,75-1,75,A,leaf,4.0,,angle_from_vertical,45,,deg,57,1520.1499999999996
4,2026-07-28,75-1,75,A,leaf,5.0,,angle_from_vertical,59,,deg,57,1520.1499999999996
4,2026-07-28,75-1,75,A,leaf,6.0,,angle_from_vertical,36,,deg,57,1520.1499999999996
4,2026-07-28,75-1,75,A,leaf,7.0,,angle_from_vertical,41,,deg,57,1520.1499999999996
4,2026-07-28,75-1,75,A,leaf,8.0,,angle_from_vertical,29,,deg,57,1520.1499999999996
4,2026-07-28,75-1,75,A,leaf,9.0,,angle_from_vertical,29,,deg,57,1520.1499999999996
4,2026-07-28,75-1,75,A,leaf,10.0,,angle_from_vertical,27,,deg,57,1520.1499999999996
4,2026-07-28,75-1,75,A,leaf,11.0,,angle_from_vertical,39,,deg,57,1520.1499999999996
4,2026-07-28,75-1,75,A,leaf,12.0,,angle_from_vertical,25,,deg,57,1520.1499999999996
4,2026-07-28,75-1,75,A,leaf,13.0,,angle_from_vertical,13,,deg,57,1520.1499999999996
4,2026-07-28,75-2,75,A,leaf,1.0,,angle_from_vertical,52,,deg,57,1520.1499999999996
4,2026-07-28,75-2,75,A,leaf,2.0,,angle_from_vertical,56,,deg,57,1520.1499999999996
4,2026-07-28,75-2,75,A,leaf,3.0,,angle_from_vertical,37,,deg,57,1520.1499999999996
4,2026-07-28,75-2,75,A,leaf,4.0,,angle_from_vertical,29,,deg,57,1520.1499999999996
4,2026-07-28,75-2,75,A,leaf,5.0,,angle_from_vertical,43,,deg,57,1520.1499999999996
4,2026-07-28,75-2,75,A,leaf,6.0,,angle_from_vertical,41,,deg,57,1520.1499999999996
4,2026-07-28,75-2,75,A,leaf,7.0,,angle_from_vertical,31,,deg,57,1520.1499999999996
4,2026-07-28,75-2,75,A,leaf,8.0,,angle_from_vertical,23,,deg,57,1520.1499999999996
4,2026-07-28,75-2,75,A,leaf,9.0,,angle_from_vertical,26,,deg,57,1520.1499999999996
4,2026-07-28,75-2,75,A,leaf,10.0,,angle_from_vertical,20,,deg,57,1520.1499999999996
4,2026-07-28,75-3,75,A,leaf,1.0,,angle_from_vertical,51,,deg,57,1520.1499999999996
4,2026-07-28,75-3,75,A,leaf,2.0,,angle_from_vertical,51,,deg,57,1520.1499999999996
4,2026-07-28,75-3,75,A,leaf,3.0,,angle_from_vertical,51,,deg,57,1520.1499999999996
4,2026-07-28,75-3,75,A,leaf,4.0,,angle_from_vertical,51,,deg,57,1520.1499999999996
4,2026-07-28,75-3,75,A,leaf,5.0,,angle_from_vertical,43,,deg,57,1520.1499999999996
4,2026-07-28,75-3,75,A,leaf,6.0,,angle_from_vertical,46,,deg,57,1520.1499999999996
4,2026-07-28,75-3,75,A,leaf,7.0,,angle_from_vertical,46,,deg,57,1520.1499999999996
4,2026-07-28,75-3,75,A,leaf,8.0,,angle_from_vertical,36,,deg,57,1520.1499999999996
4,2026-07-28,75-3,75,A,leaf,9.0,,angle_from_vertical,32,,deg,57,1520.1499999999996
4,2026-07-28,75-3,75,A,leaf,10.0,,angle_from_vertical,32,,deg,57,1520.1499999999996
4,2026-07-28,75-3,75,A,leaf,11.0,,angle_from_vertical,25,,deg,57,1520.1499999999996
4,2026-07-28,75-3,75,A,leaf,12.0,,angle_from_vertical,24,,deg,57,1520.1499999999996
4,2026-07-28,75-3,75,A,leaf,13.0,,angle_from_vertical,11,,deg,57,1520.1499999999996
4,2026-07-28,75-4,75,A,leaf,1.0,,angle_from_vertical,82,,deg,57,1520.1499999999996
4,2026-07-28,75-4,75,A,leaf,2.0,,angle_from_vertical,59,,deg,57,1520.1499999999996
4,2026-07-28,75-4,75,A,leaf,3.0,,angle_from_vertical,52,,deg,57,1520.1499999999996
4,2026-07-28,75-4,75,A,leaf,4.0,,angle_from_vertical,51,,deg,57,1520.1499999999996
4,2026-07-28,75-4,75,A,leaf,5.0,,angle_from_vertical,40,,deg,57,1520.1499999999996
4,2026-07-28,75-4,75,A,leaf,6.0,,angle_from_vertical,52,,deg,57,1520.1499999999996
4,2026-07-28,75-4,75,A,leaf,7.0,,angle_from_vertical,44,,deg,57,1520.1499999999996
4,2026-07-28,75-4,75,A,leaf,8.0,,angle_from_vertical,36,,deg,57,1520.1499999999996
4,2026-07-28,75-4,75,A,leaf,9.0,,angle_from_vertical,33,,deg,57,1520.1499999999996
4,2026-07-28,75-4,75,A,leaf,10.0,,angle_from_vertical,31,,deg,57,1520.1499999999996
4,2026-07-28,75-4,75,A,leaf,11.0,,angle_from_vertical,34,,deg,57,1520.1499999999996
4,2026-07-28,75-4,75,A,leaf,12.0,,angle_from_vertical,28,,deg,57,1520.1499999999996
4,2026-07-28,75-4,75,A,leaf,13.0,,angle_from_vertical,18,,deg,57,1520.1499999999996
4,2026-07-28,75-5,75,A,leaf,1.0,,angle_from_vertical,73,,deg,57,1520.1499999999996
4,2026-07-28,75-5,75,A,leaf,2.0,,angle_from_vertical,44,,deg,57,1520.1499999999996
4,2026-07-28,75-5,75,A,leaf,3.0,,angle_from_vertical,59,,deg,57,1520.1499999999996
4,2026-07-28,75-5,75,A,leaf,4.0,,angle_from_vertical,43,,deg,57,1520.1499999999996
4,2026-07-28,75-5,75,A,leaf,5.0,,angle_from_vertical,51,,deg,57,1520.1499999999996
4,2026-07-28,75-5,75,A,leaf,6.0,,angle_from_vertical,20,,deg,57,1520.1499999999996
4,2026-07-28,75-5,75,A,leaf,7.0,,angle_from_vertical,44,,deg,57,1520.1499999999996
4,2026-07-28,75-5,75,A,leaf,8.0,,angle_from_vertical,47,,deg,57,1520.1499999999996
4,2026-07-28,75-5,75,A,leaf,9.0,,angle_from_vertical,36,,deg,57,1520.1499999999996
4,2026-07-28,75-5,75,A,leaf,10.0,,angle_from_vertical,33,,deg,57,1520.1499999999996
4,2026-07-28,75-5,75,A,leaf,11.0,,angle_from_vertical,38,,deg,57,1520.1499999999996
4,2026-07-28,75-5,75,A,leaf,12.0,,angle_from_vertical,20,,deg,57,1520.1499999999996
4,2026-07-28,75-5,75,A,leaf,13.0,,angle_from_vertical,9,,deg,57,1520.1499999999996
5,2026-08-04,75-1,75,A,internode,1.0,,seg_length_cm,22.0,,cm,64,1737.2999999999993
5,2026-08-04,75-1,75,A,internode,2.0,,seg_length_cm,3.0,,cm,64,1737.2999999999993
5,2026-08-04,75-1,75,A,internode,3.0,,seg_length_cm,8.0,,cm,64,1737.2999999999993
5,2026-08-04,75-1,75,A,internode,4.0,,seg_length_cm,5.0,,cm,64,1737.2999999999993
5,2026-08-04,75-1,75,A,internode,5.0,,seg_length_cm,14.0,,cm,64,1737.2999999999993
5,2026-08-04,75-1,75,A,internode,6.0,,seg_length_cm,7.5,,cm,64,1737.2999999999993
5,2026-08-04,75-1,75,A,internode,7.0,,seg_length_cm,8.0,,cm,64,1737.2999999999993
5,2026-08-04,75-1,75,A,internode,8.0,,seg_length_cm,5.0,,cm,64,1737.2999999999993
5,2026-08-04,75-2,75,A,internode,1.0,,seg_length_cm,25.0,,cm,64,1737.2999999999993
5,2026-08-04,75-2,75,A,internode,2.0,,seg_length_cm,4.5,,cm,64,1737.2999999999993
5,2026-08-04,75-2,75,A,internode,3.0,,seg_length_cm,16.5,,cm,64,1737.2999999999993
5,2026-08-04,75-2,75,A,internode,4.0,,seg_length_cm,11.0,,cm,64,1737.2999999999993
5,2026-08-04,75-2,75,A,internode,5.0,,seg_length_cm,6.5,,cm,64,1737.2999999999993
5,2026-08-04,75-2,75,A,internode,6.0,,seg_length_cm,4.0,,cm,64,1737.2999999999993
5,2026-08-04,75-3,75,A,internode,1.0,,seg_length_cm,22.5,,cm,64,1737.2999999999993
5,2026-08-04,75-3,75,A,internode,2.0,,seg_length_cm,2.5,,cm,64,1737.2999999999993
5,2026-08-04,75-3,75,A,internode,3.0,,seg_length_cm,6.5,,cm,64,1737.2999999999993
5,2026-08-04,75-3,75,A,internode,4.0,,seg_length_cm,16.0,,cm,64,1737.2999999999993
5,2026-08-04,75-3,75,A,internode,5.0,,seg_length_cm,9.5,,cm,64,1737.2999999999993
5,2026-08-04,75-3,75,A,internode,6.0,,seg_length_cm,5.5,,cm,64,1737.2999999999993
5,2026-08-04,75-4,75,A,internode,1.0,,seg_length_cm,23.0,,cm,64,1737.2999999999993
5,2026-08-04,75-4,75,A,internode,2.0,,seg_length_cm,5.5,,cm,64,1737.2999999999993
5,2026-08-04,75-4,75,A,internode,3.0,,seg_length_cm,9.0,,cm,64,1737.2999999999993
5,2026-08-04,75-4,75,A,internode,4.0,,seg_length_cm,5.5,,cm,64,1737.2999999999993
5,2026-08-04,75-4,75,A,internode,5.0,,seg_length_cm,7.0,,cm,64,1737.2999999999993
5,2026-08-04,75-4,75,A,internode,6.0,,seg_length_cm,6.5,,cm,64,1737.2999999999993
5,2026-08-04,75-4,75,A,internode,7.0,,seg_length_cm,7.5,,cm,64,1737.2999999999993
5,2026-08-04,75-4,75,A,internode,8.0,,seg_length_cm,7.0,,cm,64,1737.2999999999993
5,2026-08-04,75-5,75,A,internode,1.0,,seg_length_cm,18.0,,cm,64,1737.2999999999993
5,2026-08-04,75-5,75,A,internode,2.0,,seg_length_cm,3.0,,cm,64,1737.2999999999993
5,2026-08-04,75-5,75,A,internode,3.0,,seg_length_cm,5.5,,cm,64,1737.2999999999993
5,2026-08-04,75-5,75,A,internode,4.0,,seg_length_cm,2.0,,cm,64,1737.2999999999993
5,2026-08-04,75-5,75,A,internode,5.0,,seg_length_cm,4.5,,cm,64,1737.2999999999993
5,2026-08-04,75-5,75,A,internode,6.0,,seg_length_cm,7.5,,cm,64,1737.2999999999993
5,2026-08-04,75-5,75,A,internode,7.0,,seg_length_cm,5.0,,cm,64,1737.2999999999993
5,2026-08-04,74-1,74,B,internode,1.0,,seg_length_cm,21.5,,cm,64,1737.2999999999993
5,2026-08-04,74-1,74,B,internode,2.0,,seg_length_cm,7.0,,cm,64,1737.2999999999993
5,2026-08-04,74-1,74,B,internode,3.0,,seg_length_cm,13.0,,cm,64,1737.2999999999993
5,2026-08-04,74-1,74,B,internode,4.0,,seg_length_cm,19.0,,cm,64,1737.2999999999993
5,2026-08-04,74-1,74,B,internode,5.0,,seg_length_cm,17.5,,cm,64,1737.2999999999993
5,2026-08-04,74-1,74,B,internode,6.0,,seg_length_cm,19.5,,cm,64,1737.2999999999993
5,2026-08-04,74-1,74,B,internode,7.0,,seg_length_cm,13.0,,cm,64,1737.2999999999993
5,2026-08-04,74-1,74,B,internode,8.0,,seg_length_cm,14.0,,cm,64,1737.2999999999993
5,2026-08-04,74-1,74,B,internode,9.0,,seg_length_cm,15.0,,cm,64,1737.2999999999993
5,2026-08-04,74-1,74,B,internode,10.0,,seg_length_cm,10.5,,cm,64,1737.2999999999993
5,2026-08-04,74-1,74,B,internode,11.0,,seg_length_cm,7.0,,cm,64,1737.2999999999993
5,2026-08-04,74-1,74,B,internode,12.0,,seg_length_cm,2.5,,cm,64,1737.2999999999993
5,2026-08-04,74-2,74,B,internode,1.0,,seg_length_cm,18.0,,cm,64,1737.2999999999993
5,2026-08-04,74-2,74,B,internode,2.0,,seg_length_cm,4.5,,cm,64,1737.2999999999993
5,2026-08-04,74-2,74,B,internode,3.0,,seg_length_cm,8.0,,cm,64,1737.2999999999993
5,2026-08-04,74-2,74,B,internode,4.0,,seg_length_cm,14.5,,cm,64,1737.2999999999993
5,2026-08-04,74-2,74,B,internode,5.0,,seg_length_cm,18.0,,cm,64,1737.2999999999993
5,2026-08-04,74-2,74,B,internode,6.0,,seg_length_cm,21.0,,cm,64,1737.2999999999993
5,2026-08-04,74-2,74,B,internode,7.0,,seg_length_cm,16.5,,cm,64,1737.2999999999993
5,2026-08-04,74-2,74,B,internode,8.0,,seg_length_cm,18.0,,cm,64,1737.2999999999993
5,2026-08-04,74-2,74,B,internode,9.0,,seg_length_cm,18.0,,cm,64,1737.2999999999993
5,2026-08-04,74-2,74,B,internode,10.0,,seg_length_cm,14.0,,cm,64,1737.2999999999993
5,2026-08-04,74-2,74,B,internode,11.0,,seg_length_cm,8.0,,cm,64,1737.2999999999993
5,2026-08-04,74-2,74,B,internode,12.0,,seg_length_cm,2.0,,cm,64,1737.2999999999993
5,2026-08-04,74-3,74,B,internode,1.0,,seg_length_cm,19.5,,cm,64,1737.2999999999993
5,2026-08-04,74-3,74,B,internode,2.0,,seg_length_cm,5.0,,cm,64,1737.2999999999993
5,2026-08-04,74-3,74,B,internode,3.0,,seg_length_cm,5.5,,cm,64,1737.2999999999993
5,2026-08-04,74-3,74,B,internode,4.0,,seg_length_cm,9.5,,cm,64,1737.2999999999993
5,2026-08-04,74-3,74,B,internode,5.0,,seg_length_cm,45.5,,cm,64,1737.2999999999993
5,2026-08-04,74-3,74,B,internode,6.0,,seg_length_cm,18.0,,cm,64,1737.2999999999993
5,2026-08-04,74-3,74,B,internode,7.0,,seg_length_cm,21.5,,cm,64,1737.2999999999993
5,2026-08-04,74-3,74,B,internode,8.0,,seg_length_cm,17.0,,cm,64,1737.2999999999993
5,2026-08-04,74-3,74,B,internode,9.0,,seg_length_cm,13.0,,cm,64,1737.2999999999993
5,2026-08-04,74-3,74,B,internode,10.0,,seg_length_cm,15.0,,cm,64,1737.2999999999993
5,2026-08-04,74-3,74,B,internode,11.0,,seg_length_cm,11.0,,cm,64,1737.2999999999993
5,2026-08-04,74-3,74,B,internode,12.0,,seg_length_cm,8.0,,cm,64,1737.2999999999993
5,2026-08-04,74-3,74,B,internode,13.0,,seg_length_cm,5.5,,cm,64,1737.2999999999993
5,2026-08-04,74-3,74,B,internode,14.0,,seg_length_cm,3.0,,cm,64,1737.2999999999993
5,2026-08-04,74-4,74,B,internode,1.0,,seg_length_cm,26.0,,cm,64,1737.2999999999993
5,2026-08-04,74-4,74,B,internode,2.0,,seg_length_cm,7.0,,cm,64,1737.2999999999993
5,2026-08-04,74-4,74,B,internode,3.0,,seg_length_cm,8.5,,cm,64,1737.2999999999993
5,2026-08-04,74-4,74,B,internode,4.0,,seg_length_cm,15.0,,cm,64,1737.2999999999993
5,2026-08-04,74-4,74,B,internode,5.0,,seg_length_cm,18.5,,cm,64,1737.2999999999993
5,2026-08-04,74-4,74,B,internode,6.0,,seg_length_cm,19.0,,cm,64,1737.2999999999993
5,2026-08-04,74-4,74,B,internode,7.0,,seg_length_cm,16.5,,cm,64,1737.2999999999993
5,2026-08-04,74-4,74,B,internode,8.0,,seg_length_cm,13.0,,cm,64,1737.2999999999993
5,2026-08-04,74-4,74,B,internode,9.0,,seg_length_cm,14.0,,cm,64,1737.2999999999993
5,2026-08-04,74-4,74,B,internode,10.0,,seg_length_cm,10.0,,cm,64,1737.2999999999993
5,2026-08-04,74-4,74,B,internode,11.0,,seg_length_cm,7.0,,cm,64,1737.2999999999993
5,2026-08-04,74-4,74,B,internode,12.0,,seg_length_cm,6.5,,cm,64,1737.2999999999993
5,2026-08-04,74-4,74,B,internode,13.0,,seg_length_cm,2.0,,cm,64,1737.2999999999993
5,2026-08-04,74-5,74,B,internode,1.0,,seg_length_cm,21.0,,cm,64,1737.2999999999993
5,2026-08-04,74-5,74,B,internode,2.0,,seg_length_cm,3.5,,cm,64,1737.2999999999993
5,2026-08-04,74-5,74,B,internode,3.0,,seg_length_cm,7.0,,cm,64,1737.2999999999993
5,2026-08-04,74-5,74,B,internode,4.0,,seg_length_cm,10.5,,cm,64,1737.2999999999993
5,2026-08-04,74-5,74,B,internode,5.0,,seg_length_cm,16.5,,cm,64,1737.2999999999993
5,2026-08-04,74-5,74,B,internode,6.0,,seg_length_cm,17.0,,cm,64,1737.2999999999993
5,2026-08-04,74-5,74,B,internode,7.0,,seg_length_cm,23.0,,cm,64,1737.2999999999993
5,2026-08-04,74-5,74,B,internode,8.0,,seg_length_cm,15.0,,cm,64,1737.2999999999993
5,2026-08-04,74-5,74,B,internode,9.0,,seg_length_cm,13.5,,cm,64,1737.2999999999993
5,2026-08-04,74-5,74,B,internode,10.0,,seg_length_cm,14.0,,cm,64,1737.2999999999993
5,2026-08-04,74-5,74,B,internode,11.0,,seg_length_cm,10.0,,cm,64,1737.2999999999993
5,2026-08-04,74-5,74,B,internode,12.0,,seg_length_cm,6.0,,cm,64,1737.2999999999993
5,2026-08-04,74-5,74,B,internode,13.0,,seg_length_cm,3.0,,cm,64,1737.2999999999993
5,2026-08-04,73-1,73,C,internode,1.0,,seg_length_cm,17.5,,cm,64,1737.2999999999993
5,2026-08-04,73-1,73,C,internode,2.0,,seg_length_cm,4.5,,cm,64,1737.2999999999993
5,2026-08-04,73-1,73,C,internode,3.0,,seg_length_cm,7.0,,cm,64,1737.2999999999993
5,2026-08-04,73-1,73,C,internode,4.0,,seg_length_cm,12.0,,cm,64,1737.2999999999993
5,2026-08-04,73-1,73,C,internode,5.0,,seg_length_cm,15.0,,cm,64,1737.2999999999993
5,2026-08-04,73-1,73,C,internode,6.0,,seg_length_cm,21.5,,cm,64,1737.2999999999993
5,2026-08-04,73-1,73,C,internode,7.0,,seg_length_cm,19.0,,cm,64,1737.2999999999993
5,2026-08-04,73-1,73,C,internode,8.0,,seg_length_cm,18.5,,cm,64,1737.2999999999993
5,2026-08-04,73-1,73,C,internode,9.0,,seg_length_cm,16.0,,cm,64,1737.2999999999993
5,2026-08-04,73-1,73,C,internode,10.0,,seg_length_cm,14.0,,cm,64,1737.2999999999993
5,2026-08-04,73-1,73,C,internode,11.0,,seg_length_cm,21.0,,cm,64,1737.2999999999993
5,2026-08-04,73-1,73,C,internode,12.0,,seg_length_cm,6.0,,cm,64,1737.2999999999993
5,2026-08-04,73-2,73,C,internode,1.0,,seg_length_cm,20.0,,cm,64,1737.2999999999993
5,2026-08-04,73-2,73,C,internode,2.0,,seg_length_cm,8.0,,cm,64,1737.2999999999993
5,2026-08-04,73-2,73,C,internode,3.0,,seg_length_cm,10.0,,cm,64,1737.2999999999993
5,2026-08-04,73-2,73,C,internode,4.0,,seg_length_cm,12.5,,cm,64,1737.2999999999993
5,2026-08-04,73-2,73,C,internode,5.0,,seg_length_cm,14.5,,cm,64,1737.2999999999993
5,2026-08-04,73-2,73,C,internode,6.0,,seg_length_cm,16.5,,cm,64,1737.2999999999993
5,2026-08-04,73-2,73,C,internode,7.0,,seg_length_cm,21.0,,cm,64,1737.2999999999993
5,2026-08-04,73-2,73,C,internode,8.0,,seg_length_cm,19.0,,cm,64,1737.2999999999993
5,2026-08-04,73-2,73,C,internode,9.0,,seg_length_cm,18.0,,cm,64,1737.2999999999993
5,2026-08-04,73-2,73,C,internode,10.0,,seg_length_cm,14.0,,cm,64,1737.2999999999993
5,2026-08-04,73-2,73,C,internode,11.0,,seg_length_cm,24.0,,cm,64,1737.2999999999993
5,2026-08-04,73-2,73,C,internode,12.0,,seg_length_cm,0.5,,cm,64,1737.2999999999993
5,2026-08-04,73-3,73,C,internode,1.0,,seg_length_cm,12.5,,cm,64,1737.2999999999993
5,2026-08-04,73-3,73,C,internode,2.0,,seg_length_cm,6.0,,cm,64,1737.2999999999993
5,2026-08-04,73-3,73,C,internode,3.0,,seg_length_cm,4.0,,cm,64,1737.2999999999993
5,2026-08-04,73-3,73,C,internode,4.0,,seg_length_cm,6.5,,cm,64,1737.2999999999993
5,2026-08-04,73-3,73,C,internode,5.0,,seg_length_cm,10.0,,cm,64,1737.2999999999993
5,2026-08-04,73-3,73,C,internode,6.0,,seg_length_cm,9.5,,cm,64,1737.2999999999993
5,2026-08-04,73-3,73,C,internode,7.0,,seg_length_cm,12.5,,cm,64,1737.2999999999993
5,2026-08-04,73-3,73,C,internode,8.0,,seg_length_cm,16.0,,cm,64,1737.2999999999993
5,2026-08-04,73-3,73,C,internode,9.0,,seg_length_cm,19.0,,cm,64,1737.2999999999993
5,2026-08-04,73-3,73,C,internode,10.0,,seg_length_cm,19.0,,cm,64,1737.2999999999993
5,2026-08-04,73-3,73,C,internode,11.0,,seg_length_cm,19.0,,cm,64,1737.2999999999993
5,2026-08-04,73-3,73,C,internode,12.0,,seg_length_cm,12.5,,cm,64,1737.2999999999993
5,2026-08-04,73-3,73,C,internode,13.0,,seg_length_cm,15.0,,cm,64,1737.2999999999993
5,2026-08-04,73-3,73,C,internode,14.0,,seg_length_cm,29.0,,cm,64,1737.2999999999993
5,2026-08-04,73-4,73,C,internode,1.0,,seg_length_cm,9.0,,cm,64,1737.2999999999993
5,2026-08-04,73-4,73,C,internode,2.0,,seg_length_cm,6.0,,cm,64,1737.2999999999993
5,2026-08-04,73-4,73,C,internode,3.0,,seg_length_cm,3.0,,cm,64,1737.2999999999993
5,2026-08-04,73-4,73,C,internode,4.0,,seg_length_cm,10.5,,cm,64,1737.2999999999993
5,2026-08-04,73-4,73,C,internode,5.0,,seg_length_cm,15.0,,cm,64,1737.2999999999993
5,2026-08-04,73-4,73,C,internode,6.0,,seg_length_cm,17.0,,cm,64,1737.2999999999993
5,2026-08-04,73-4,73,C,internode,7.0,,seg_length_cm,17.5,,cm,64,1737.2999999999993
5,2026-08-04,73-4,73,C,internode,8.0,,seg_length_cm,13.0,,cm,64,1737.2999999999993
5,2026-08-04,73-4,73,C,internode,9.0,,seg_length_cm,15.0,,cm,64,1737.2999999999993
5,2026-08-04,73-4,73,C,internode,10.0,,seg_length_cm,11.0,,cm,64,1737.2999999999993
5,2026-08-04,73-4,73,C,internode,11.0,,seg_length_cm,12.0,,cm,64,1737.2999999999993
5,2026-08-04,73-4,73,C,internode,12.0,,seg_length_cm,14.0,,cm,64,1737.2999999999993
5,2026-08-04,73-4,73,C,internode,13.0,,seg_length_cm,13.0,,cm,64,1737.2999999999993
5,2026-08-04,73-4,73,C,internode,14.0,,seg_length_cm,12.0,,cm,64,1737.2999999999993
5,2026-08-04,73-4,73,C,internode,15.0,,seg_length_cm,15.5,,cm,64,1737.2999999999993
5,2026-08-04,73-5,73,C,internode,1.0,,seg_length_cm,12.5,,cm,64,1737.2999999999993
5,2026-08-04,73-5,73,C,internode,2.0,,seg_length_cm,4.0,,cm,64,1737.2999999999993
5,2026-08-04,73-5,73,C,internode,3.0,,seg_length_cm,4.5,,cm,64,1737.2999999999993
5,2026-08-04,73-5,73,C,internode,4.0,,seg_length_cm,8.0,,cm,64,1737.2999999999993
5,2026-08-04,73-5,73,C,internode,5.0,,seg_length_cm,9.0,,cm,64,1737.2999999999993
5,2026-08-04,73-5,73,C,internode,6.0,,seg_length_cm,13.0,,cm,64,1737.2999999999993
5,2026-08-04,73-5,73,C,internode,7.0,,seg_length_cm,15.0,,cm,64,1737.2999999999993
5,2026-08-04,73-5,73,C,internode,8.0,,seg_length_cm,13.5,,cm,64,1737.2999999999993
5,2026-08-04,73-5,73,C,internode,9.0,,seg_length_cm,15.0,,cm,64,1737.2999999999993
5,2026-08-04,73-5,73,C,internode,10.0,,seg_length_cm,14.0,,cm,64,1737.2999999999993
5,2026-08-04,73-5,73,C,internode,11.0,,seg_length_cm,11.0,,cm,64,1737.2999999999993
5,2026-08-04,73-5,73,C,internode,12.0,,seg_length_cm,14.0,,cm,64,1737.2999999999993
5,2026-08-04,73-5,73,C,internode,13.0,,seg_length_cm,28.0,,cm,64,1737.2999999999993
5,2026-08-04,75-1,75,A,leaf,1.0,,length_cm,67.0,,cm,64,1737.2999999999993
5,2026-08-04,75-1,75,A,leaf,1.0,,width_cm,6.5,,cm,64,1737.2999999999993
5,2026-08-04,75-1,75,A,leaf,2.0,,length_cm,49.0,,cm,64,1737.2999999999993
5,2026-08-04,75-1,75,A,leaf,2.0,,width_cm,7.0,,cm,64,1737.2999999999993
5,2026-08-04,75-1,75,A,leaf,3.0,,length_cm,69.0,,cm,64,1737.2999999999993
5,2026-08-04,75-1,75,A,leaf,3.0,,width_cm,9.0,,cm,64,1737.2999999999993
5,2026-08-04,75-1,75,A,leaf,4.0,,length_cm,65.0,,cm,64,1737.2999999999993
5,2026-08-04,75-1,75,A,leaf,4.0,,width_cm,9.0,,cm,64,1737.2999999999993
5,2026-08-04,75-1,75,A,leaf,5.0,,length_cm,84.0,,cm,64,1737.2999999999993
5,2026-08-04,75-1,75,A,leaf,5.0,,width_cm,8.5,,cm,64,1737.2999999999993
5,2026-08-04,75-1,75,A,leaf,6.0,,length_cm,92.0,,cm,64,1737.2999999999993
5,2026-08-04,75-1,75,A,leaf,6.0,,width_cm,9.5,,cm,64,1737.2999999999993
5,2026-08-04,75-1,75,A,leaf,7.0,,length_cm,96.0,,cm,64,1737.2999999999993
5,2026-08-04,75-1,75,A,leaf,7.0,,width_cm,9.5,,cm,64,1737.2999999999993
5,2026-08-04,75-1,75,A,leaf,8.0,,length_cm,99.0,,cm,64,1737.2999999999993
5,2026-08-04,75-1,75,A,leaf,8.0,,width_cm,10.0,,cm,64,1737.2999999999993
5,2026-08-04,75-1,75,A,leaf,9.0,,length_cm,106.0,,cm,64,1737.2999999999993
5,2026-08-04,75-1,75,A,leaf,9.0,,width_cm,11.0,,cm,64,1737.2999999999993
5,2026-08-04,75-1,75,A,leaf,10.0,,length_cm,98.0,,cm,64,1737.2999999999993
5,2026-08-04,75-1,75,A,leaf,10.0,,width_cm,11.0,,cm,64,1737.2999999999993
5,2026-08-04,75-1,75,A,leaf,11.0,,length_cm,96.0,,cm,64,1737.2999999999993
5,2026-08-04,75-1,75,A,leaf,11.0,,width_cm,9.0,,cm,64,1737.2999999999993
5,2026-08-04,75-1,75,A,leaf,12.0,,length_cm,92.0,,cm,64,1737.2999999999993
5,2026-08-04,75-1,75,A,leaf,12.0,,width_cm,10.5,,cm,64,1737.2999999999993
5,2026-08-04,75-1,75,A,leaf,13.0,,length_cm,63.0,,cm,64,1737.2999999999993
5,2026-08-04,75-1,75,A,leaf,13.0,,width_cm,11.0,,cm,64,1737.2999999999993
5,2026-08-04,75-1,75,A,leaf,14.0,,length_cm,43.0,,cm,64,1737.2999999999993
5,2026-08-04,75-1,75,A,leaf,15.0,,length_cm,14.0,,cm,64,1737.2999999999993
5,2026-08-04,75-2,75,A,leaf,1.0,,length_cm,61.0,,cm,64,1737.2999999999993
5,2026-08-04,75-2,75,A,leaf,1.0,,width_cm,7.0,,cm,64,1737.2999999999993
5,2026-08-04,75-2,75,A,leaf,2.0,,length_cm,72.0,,cm,64,1737.2999999999993
5,2026-08-04,75-2,75,A,leaf,2.0,,width_cm,8.0,,cm,64,1737.2999999999993
5,2026-08-04,75-2,75,A,leaf,3.0,,length_cm,68.0,,cm,64,1737.2999999999993
5,2026-08-04,75-2,75,A,leaf,3.0,,width_cm,9.0,,cm,64,1737.2999999999993
5,2026-08-04,75-2,75,A,leaf,4.0,,length_cm,86.0,,cm,64,1737.2999999999993
5,2026-08-04,75-2,75,A,leaf,4.0,,width_cm,8.5,,cm,64,1737.2999999999993
5,2026-08-04,75-2,75,A,leaf,5.0,,length_cm,95.0,,cm,64,1737.2999999999993
5,2026-08-04,75-2,75,A,leaf,5.0,,width_cm,10.0,,cm,64,1737.2999999999993
5,2026-08-04,75-2,75,A,leaf,6.0,,length_cm,100.0,,cm,64,1737.2999999999993
5,2026-08-04,75-2,75,A,leaf,6.0,,width_cm,8.5,,cm,64,1737.2999999999993
5,2026-08-04,75-2,75,A,leaf,7.0,,length_cm,106.0,,cm,64,1737.2999999999993
5,2026-08-04,75-2,75,A,leaf,7.0,,width_cm,9.5,,cm,64,1737.2999999999993
5,2026-08-04,75-2,75,A,leaf,8.0,,length_cm,107.0,,cm,64,1737.2999999999993
5,2026-08-04,75-2,75,A,leaf,8.0,,width_cm,8.0,,cm,64,1737.2999999999993
5,2026-08-04,75-2,75,A,leaf,9.0,,length_cm,93.0,,cm,64,1737.2999999999993
5,2026-08-04,75-2,75,A,leaf,9.0,,width_cm,9.0,,cm,64,1737.2999999999993
5,2026-08-04,75-2,75,A,leaf,10.0,,length_cm,81.0,,cm,64,1737.2999999999993
5,2026-08-04,75-2,75,A,leaf,10.0,,width_cm,10.0,,cm,64,1737.2999999999993
5,2026-08-04,75-2,75,A,leaf,11.0,,length_cm,58.0,,cm,64,1737.2999999999993
5,2026-08-04,75-2,75,A,leaf,11.0,,width_cm,9.5,,cm,64,1737.2999999999993
5,2026-08-04,75-2,75,A,leaf,12.0,,length_cm,30.0,,cm,64,1737.2999999999993
5,2026-08-04,75-3,75,A,leaf,2.0,,length_cm,27.0,,cm,64,1737.2999999999993
5,2026-08-04,75-3,75,A,leaf,2.0,,width_cm,5.0,,cm,64,1737.2999999999993
5,2026-08-04,75-3,75,A,leaf,3.0,,length_cm,49.0,,cm,64,1737.2999999999993
5,2026-08-04,75-3,75,A,leaf,3.0,,width_cm,5.0,,cm,64,1737.2999999999993
5,2026-08-04,75-3,75,A,leaf,4.0,,length_cm,66.0,,cm,64,1737.2999999999993
5,2026-08-04,75-3,75,A,leaf,4.0,,width_cm,6.0,,cm,64,1737.2999999999993
5,2026-08-04,75-3,75,A,leaf,5.0,,length_cm,78.0,,cm,64,1737.2999999999993
5,2026-08-04,75-3,75,A,leaf,5.0,,width_cm,7.0,,cm,64,1737.2999999999993
5,2026-08-04,75-3,75,A,leaf,6.0,,length_cm,90.0,,cm,64,1737.2999999999993
5,2026-08-04,75-3,75,A,leaf,6.0,,width_cm,8.0,,cm,64,1737.2999999999993
5,2026-08-04,75-3,75,A,leaf,7.0,,length_cm,97.0,,cm,64,1737.2999999999993
5,2026-08-04,75-3,75,A,leaf,7.0,,width_cm,8.0,,cm,64,1737.2999999999993
5,2026-08-04,75-3,75,A,leaf,8.0,,length_cm,110.0,,cm,64,1737.2999999999993
5,2026-08-04,75-3,75,A,leaf,8.0,,width_cm,8.0,,cm,64,1737.2999999999993
5,2026-08-04,75-3,75,A,leaf,9.0,,length_cm,81.0,,cm,64,1737.2999999999993
5,2026-08-04,75-3,75,A,leaf,9.0,,width_cm,9.5,,cm,64,1737.2999999999993
5,2026-08-04,75-3,75,A,leaf,10.0,,length_cm,79.0,,cm,64,1737.2999999999993
5,2026-08-04,75-3,75,A,leaf,10.0,,width_cm,8.5,,cm,64,1737.2999999999993
5,2026-08-04,75-3,75,A,leaf,11.0,,length_cm,56.0,,cm,64,1737.2999999999993
5,2026-08-04,75-3,75,A,leaf,12.0,,length_cm,24.0,,cm,64,1737.2999999999993
5,2026-08-04,75-4,75,A,leaf,1.0,,length_cm,51.0,,cm,64,1737.2999999999993
5,2026-08-04,75-4,75,A,leaf,1.0,,width_cm,5.0,,cm,64,1737.2999999999993
5,2026-08-04,75-4,75,A,leaf,2.0,,length_cm,61.0,,cm,64,1737.2999999999993
5,2026-08-04,75-4,75,A,leaf,2.0,,width_cm,6.0,,cm,64,1737.2999999999993
5,2026-08-04,75-4,75,A,leaf,3.0,,length_cm,64.0,,cm,64,1737.2999999999993
5,2026-08-04,75-4,75,A,leaf,3.0,,width_cm,6.5,,cm,64,1737.2999999999993
5,2026-08-04,75-4,75,A,leaf,4.0,,length_cm,63.0,,cm,64,1737.2999999999993
5,2026-08-04,75-4,75,A,leaf,4.0,,width_cm,7.0,,cm,64,1737.2999999999993
5,2026-08-04,75-4,75,A,leaf,5.0,,length_cm,76.0,,cm,64,1737.2999999999993
5,2026-08-04,75-4,75,A,leaf,5.0,,width_cm,6.5,,cm,64,1737.2999999999993
5,2026-08-04,75-4,75,A,leaf,6.0,,length_cm,86.0,,cm,64,1737.2999999999993
5,2026-08-04,75-4,75,A,leaf,6.0,,width_cm,8.0,,cm,64,1737.2999999999993
5,2026-08-04,75-4,75,A,leaf,7.0,,length_cm,98.0,,cm,64,1737.2999999999993
5,2026-08-04,75-4,75,A,leaf,7.0,,width_cm,7.5,,cm,64,1737.2999999999993
5,2026-08-04,75-4,75,A,leaf,8.0,,length_cm,107.0,,cm,64,1737.2999999999993
5,2026-08-04,75-4,75,A,leaf,8.0,,width_cm,8.0,,cm,64,1737.2999999999993
5,2026-08-04,75-4,75,A,leaf,9.0,,length_cm,103.0,,cm,64,1737.2999999999993
5,2026-08-04,75-4,75,A,leaf,9.0,,width_cm,8.0,,cm,64,1737.2999999999993
5,2026-08-04,75-4,75,A,leaf,10.0,,length_cm,86.0,,cm,64,1737.2999999999993
5,2026-08-04,75-4,75,A,leaf,10.0,,width_cm,8.5,,cm,64,1737.2999999999993
5,2026-08-04,75-4,75,A,leaf,11.0,,length_cm,70.0,,cm,64,1737.2999999999993
5,2026-08-04,75-4,75,A,leaf,11.0,,width_cm,9.0,,cm,64,1737.2999999999993
5,2026-08-04,75-4,75,A,leaf,12.0,,length_cm,46.0,,cm,64,1737.2999999999993
5,2026-08-04,75-4,75,A,leaf,12.0,,width_cm,7.0,,cm,64,1737.2999999999993
5,2026-08-04,75-4,75,A,leaf,13.0,,length_cm,14.0,,cm,64,1737.2999999999993
5,2026-08-04,75-5,75,A,leaf,1.0,,length_cm,62.0,,cm,64,1737.2999999999993
5,2026-08-04,75-5,75,A,leaf,1.0,,width_cm,6.0,,cm,64,1737.2999999999993
5,2026-08-04,75-5,75,A,leaf,2.0,,length_cm,61.0,,cm,64,1737.2999999999993
5,2026-08-04,75-5,75,A,leaf,2.0,,width_cm,7.0,,cm,64,1737.2999999999993
5,2026-08-04,75-5,75,A,leaf,3.0,,length_cm,32.0,,cm,64,1737.2999999999993
5,2026-08-04,75-5,75,A,leaf,3.0,,width_cm,7.0,,cm,64,1737.2999999999993
5,2026-08-04,75-5,75,A,leaf,4.0,,length_cm,49.0,,cm,64,1737.2999999999993
5,2026-08-04,75-5,75,A,leaf,4.0,,width_cm,8.0,,cm,64,1737.2999999999993
5,2026-08-04,75-5,75,A,leaf,5.0,,length_cm,83.0,,cm,64,1737.2999999999993
5,2026-08-04,75-5,75,A,leaf,5.0,,width_cm,9.0,,cm,64,1737.2999999999993
5,2026-08-04,75-5,75,A,leaf,6.0,,length_cm,87.0,,cm,64,1737.2999999999993
5,2026-08-04,75-5,75,A,leaf,6.0,,width_cm,8.5,,cm,64,1737.2999999999993
5,2026-08-04,75-5,75,A,leaf,7.0,,length_cm,88.0,,cm,64,1737.2999999999993
5,2026-08-04,75-5,75,A,leaf,7.0,,width_cm,10.0,,cm,64,1737.2999999999993
5,2026-08-04,75-5,75,A,leaf,8.0,,length_cm,74.0,,cm,64,1737.2999999999993
5,2026-08-04,75-5,75,A,leaf,8.0,,width_cm,10.5,,cm,64,1737.2999999999993
5,2026-08-04,75-5,75,A,leaf,9.0,,length_cm,75.0,,cm,64,1737.2999999999993
5,2026-08-04,75-5,75,A,leaf,9.0,,width_cm,10.0,,cm,64,1737.2999999999993
5,2026-08-04,75-5,75,A,leaf,10.0,,length_cm,13.0,,cm,64,1737.2999999999993
5,2026-08-04,74-1,74,B,leaf,1.0,,length_cm,42.0,,cm,64,1737.2999999999993
5,2026-08-04,74-1,74,B,leaf,1.0,,width_cm,4.0,,cm,64,1737.2999999999993
5,2026-08-04,74-1,74,B,leaf,2.0,,length_cm,48.0,,cm,64,1737.2999999999993
5,2026-08-04,74-1,74,B,leaf,2.0,,width_cm,5.0,,cm,64,1737.2999999999993
5,2026-08-04,74-1,74,B,leaf,3.0,,length_cm,54.0,,cm,64,1737.2999999999993
5,2026-08-04,74-1,74,B,leaf,3.0,,width_cm,5.5,,cm,64,1737.2999999999993
5,2026-08-04,74-1,74,B,leaf,4.0,,length_cm,63.0,,cm,64,1737.2999999999993
5,2026-08-04,74-1,74,B,leaf,4.0,,width_cm,7.0,,cm,64,1737.2999999999993
5,2026-08-04,74-1,74,B,leaf,5.0,,length_cm,65.0,,cm,64,1737.2999999999993
5,2026-08-04,74-1,74,B,leaf,5.0,,width_cm,9.0,,cm,64,1737.2999999999993
5,2026-08-04,74-1,74,B,leaf,6.0,,length_cm,66.0,,cm,64,1737.2999999999993
5,2026-08-04,74-1,74,B,leaf,6.0,,width_cm,9.0,,cm,64,1737.2999999999993
5,2026-08-04,74-1,74,B,leaf,7.0,,length_cm,69.0,,cm,64,1737.2999999999993
5,2026-08-04,74-1,74,B,leaf,7.0,,width_cm,9.0,,cm,64,1737.2999999999993
5,2026-08-04,74-1,74,B,leaf,8.0,,length_cm,68.0,,cm,64,1737.2999999999993
5,2026-08-04,74-1,74,B,leaf,8.0,,width_cm,8.5,,cm,64,1737.2999999999993
5,2026-08-04,74-1,74,B,leaf,9.0,,length_cm,72.0,,cm,64,1737.2999999999993
5,2026-08-04,74-1,74,B,leaf,9.0,,width_cm,8.0,,cm,64,1737.2999999999993
5,2026-08-04,74-1,74,B,leaf,10.0,,length_cm,62.0,,cm,64,1737.2999999999993
5,2026-08-04,74-1,74,B,leaf,10.0,,width_cm,8.0,,cm,64,1737.2999999999993
5,2026-08-04,74-1,74,B,leaf,11.0,,length_cm,69.0,,cm,64,1737.2999999999993
5,2026-08-04,74-1,74,B,leaf,11.0,,width_cm,8.0,,cm,64,1737.2999999999993
5,2026-08-04,74-1,74,B,leaf,12.0,,length_cm,55.0,,cm,64,1737.2999999999993
5,2026-08-04,74-1,74,B,leaf,12.0,,width_cm,7.5,,cm,64,1737.2999999999993
5,2026-08-04,74-1,74,B,leaf,13.0,,length_cm,51.0,,cm,64,1737.2999999999993
5,2026-08-04,74-1,74,B,leaf,13.0,,width_cm,7.5,,cm,64,1737.2999999999993
5,2026-08-04,74-1,74,B,leaf,14.0,,length_cm,45.0,,cm,64,1737.2999999999993
5,2026-08-04,74-1,74,B,leaf,14.0,,width_cm,6.5,,cm,64,1737.2999999999993
5,2026-08-04,74-1,74,B,leaf,15.0,,length_cm,29.0,,cm,64,1737.2999999999993
5,2026-08-04,74-1,74,B,leaf,16.0,,length_cm,18.0,,cm,64,1737.2999999999993
5,2026-08-04,74-2,74,B,leaf,1.0,,length_cm,36.0,,cm,64,1737.2999999999993
5,2026-08-04,74-2,74,B,leaf,1.0,,width_cm,3.0,,cm,64,1737.2999999999993
5,2026-08-04,74-2,74,B,leaf,2.0,,length_cm,46.0,,cm,64,1737.2999999999993
5,2026-08-04,74-2,74,B,leaf,2.0,,width_cm,4.0,,cm,64,1737.2999999999993
5,2026-08-04,74-2,74,B,leaf,3.0,,length_cm,53.0,,cm,64,1737.2999999999993
5,2026-08-04,74-2,74,B,leaf,3.0,,width_cm,5.0,,cm,64,1737.2999999999993
5,2026-08-04,74-2,74,B,leaf,4.0,,length_cm,56.0,,cm,64,1737.2999999999993
5,2026-08-04,74-2,74,B,leaf,4.0,,width_cm,7.0,,cm,64,1737.2999999999993
5,2026-08-04,74-2,74,B,leaf,5.0,,length_cm,66.0,,cm,64,1737.2999999999993
5,2026-08-04,74-2,74,B,leaf,5.0,,width_cm,7.0,,cm,64,1737.2999999999993
5,2026-08-04,74-2,74,B,leaf,6.0,,length_cm,66.0,,cm,64,1737.2999999999993
5,2026-08-04,74-2,74,B,leaf,6.0,,width_cm,8.0,,cm,64,1737.2999999999993
5,2026-08-04,74-2,74,B,leaf,7.0,,length_cm,71.0,,cm,64,1737.2999999999993
5,2026-08-04,74-2,74,B,leaf,7.0,,width_cm,8.5,,cm,64,1737.2999999999993
5,2026-08-04,74-2,74,B,leaf,8.0,,length_cm,63.0,,cm,64,1737.2999999999993
5,2026-08-04,74-2,74,B,leaf,8.0,,width_cm,8.5,,cm,64,1737.2999999999993
5,2026-08-04,74-2,74,B,leaf,9.0,,length_cm,70.0,,cm,64,1737.2999999999993
5,2026-08-04,74-2,74,B,leaf,9.0,,width_cm,8.0,,cm,64,1737.2999999999993
5,2026-08-04,74-2,74,B,leaf,10.0,,length_cm,68.0,,cm,64,1737.2999999999993
5,2026-08-04,74-2,74,B,leaf,10.0,,width_cm,7.0,,cm,64,1737.2999999999993
5,2026-08-04,74-2,74,B,leaf,11.0,,length_cm,63.0,,cm,64,1737.2999999999993
5,2026-08-04,74-2,74,B,leaf,11.0,,width_cm,7.5,,cm,64,1737.2999999999993
5,2026-08-04,74-2,74,B,leaf,12.0,,length_cm,53.0,,cm,64,1737.2999999999993
5,2026-08-04,74-2,74,B,leaf,12.0,,width_cm,6.0,,cm,64,1737.2999999999993
5,2026-08-04,74-2,74,B,leaf,13.0,,length_cm,45.0,,cm,64,1737.2999999999993
5,2026-08-04,74-2,74,B,leaf,13.0,,width_cm,6.0,,cm,64,1737.2999999999993
5,2026-08-04,74-2,74,B,leaf,14.0,,length_cm,45.0,,cm,64,1737.2999999999993
5,2026-08-04,74-2,74,B,leaf,15.0,,length_cm,30.0,,cm,64,1737.2999999999993
5,2026-08-04,74-3,74,B,leaf,1.0,,length_cm,41.0,,cm,64,1737.2999999999993
5,2026-08-04,74-3,74,B,leaf,1.0,,width_cm,3.5,,cm,64,1737.2999999999993
5,2026-08-04,74-3,74,B,leaf,2.0,,length_cm,47.0,,cm,64,1737.2999999999993
5,2026-08-04,74-3,74,B,leaf,2.0,,width_cm,5.0,,cm,64,1737.2999999999993
5,2026-08-04,74-3,74,B,leaf,3.0,,length_cm,56.0,,cm,64,1737.2999999999993
5,2026-08-04,74-3,74,B,leaf,3.0,,width_cm,6.0,,cm,64,1737.2999999999993
5,2026-08-04,74-3,74,B,leaf,4.0,,length_cm,58.0,,cm,64,1737.2999999999993
5,2026-08-04,74-3,74,B,leaf,4.0,,width_cm,7.5,,cm,64,1737.2999999999993
5,2026-08-04,74-3,74,B,leaf,5.0,,length_cm,62.0,,cm,64,1737.2999999999993
5,2026-08-04,74-3,74,B,leaf,5.0,,width_cm,8.0,,cm,64,1737.2999999999993
5,2026-08-04,74-3,74,B,leaf,6.0,,length_cm,67.0,,cm,64,1737.2999999999993
5,2026-08-04,74-3,74,B,leaf,6.0,,width_cm,9.0,,cm,64,1737.2999999999993
5,2026-08-04,74-3,74,B,leaf,7.0,,length_cm,60.0,,cm,64,1737.2999999999993
5,2026-08-04,74-3,74,B,leaf,7.0,,width_cm,9.0,,cm,64,1737.2999999999993
5,2026-08-04,74-3,74,B,leaf,8.0,,length_cm,58.0,,cm,64,1737.2999999999993
5,2026-08-04,74-3,74,B,leaf,8.0,,width_cm,9.0,,cm,64,1737.2999999999993
5,2026-08-04,74-3,74,B,leaf,9.0,,length_cm,62.0,,cm,64,1737.2999999999993
5,2026-08-04,74-3,74,B,leaf,9.0,,width_cm,8.0,,cm,64,1737.2999999999993
5,2026-08-04,74-3,74,B,leaf,10.0,,length_cm,59.0,,cm,64,1737.2999999999993
5,2026-08-04,74-3,74,B,leaf,10.0,,width_cm,7.0,,cm,64,1737.2999999999993
5,2026-08-04,74-3,74,B,leaf,11.0,,length_cm,52.0,,cm,64,1737.2999999999993
5,2026-08-04,74-3,74,B,leaf,11.0,,width_cm,7.0,,cm,64,1737.2999999999993
5,2026-08-04,74-3,74,B,leaf,12.0,,length_cm,60.0,,cm,64,1737.2999999999993
5,2026-08-04,74-3,74,B,leaf,12.0,,width_cm,7.5,,cm,64,1737.2999999999993
5,2026-08-04,74-3,74,B,leaf,13.0,,length_cm,57.0,,cm,64,1737.2999999999993
5,2026-08-04,74-3,74,B,leaf,13.0,,width_cm,6.5,,cm,64,1737.2999999999993
5,2026-08-04,74-3,74,B,leaf,14.0,,length_cm,51.5,,cm,64,1737.2999999999993
5,2026-08-04,74-3,74,B,leaf,14.0,,width_cm,5.5,,cm,64,1737.2999999999993
5,2026-08-04,74-3,74,B,leaf,15.0,,length_cm,47.0,,cm,64,1737.2999999999993
5,2026-08-04,74-3,74,B,leaf,15.0,,width_cm,6.5,,cm,64,1737.2999999999993
5,2026-08-04,74-3,74,B,leaf,16.0,,length_cm,35.0,,cm,64,1737.2999999999993
5,2026-08-04,74-3,74,B,leaf,16.0,,width_cm,4.5,,cm,64,1737.2999999999993
5,2026-08-04,74-4,74,B,leaf,1.0,,length_cm,44.0,,cm,64,1737.2999999999993
5,2026-08-04,74-4,74,B,leaf,1.0,,width_cm,5.0,,cm,64,1737.2999999999993
5,2026-08-04,74-4,74,B,leaf,2.0,,length_cm,50.0,,cm,64,1737.2999999999993
5,2026-08-04,74-4,74,B,leaf,2.0,,width_cm,6.0,,cm,64,1737.2999999999993
5,2026-08-04,74-4,74,B,leaf,3.0,,length_cm,57.0,,cm,64,1737.2999999999993
5,2026-08-04,74-4,74,B,leaf,3.0,,width_cm,7.0,,cm,64,1737.2999999999993
5,2026-08-04,74-4,74,B,leaf,4.0,,length_cm,61.0,,cm,64,1737.2999999999993
5,2026-08-04,74-4,74,B,leaf,4.0,,width_cm,6.5,,cm,64,1737.2999999999993
5,2026-08-04,74-4,74,B,leaf,5.0,,length_cm,67.0,,cm,64,1737.2999999999993
5,2026-08-04,74-4,74,B,leaf,5.0,,width_cm,8.5,,cm,64,1737.2999999999993
5,2026-08-04,74-4,74,B,leaf,6.0,,length_cm,67.0,,cm,64,1737.2999999999993
5,2026-08-04,74-4,74,B,leaf,6.0,,width_cm,6.5,,cm,64,1737.2999999999993
5,2026-08-04,74-4,74,B,leaf,7.0,,length_cm,72.0,,cm,64,1737.2999999999993
5,2026-08-04,74-4,74,B,leaf,7.0,,width_cm,9.0,,cm,64,1737.2999999999993
5,2026-08-04,74-4,74,B,leaf,8.0,,length_cm,72.0,,cm,64,1737.2999999999993
5,2026-08-04,74-4,74,B,leaf,8.0,,width_cm,8.5,,cm,64,1737.2999999999993
5,2026-08-04,74-4,74,B,leaf,9.0,,length_cm,75.0,,cm,64,1737.2999999999993
5,2026-08-04,74-4,74,B,leaf,9.0,,width_cm,8.0,,cm,64,1737.2999999999993
5,2026-08-04,74-4,74,B,leaf,10.0,,length_cm,61.0,,cm,64,1737.2999999999993
5,2026-08-04,74-4,74,B,leaf,10.0,,width_cm,8.0,,cm,64,1737.2999999999993
5,2026-08-04,74-4,74,B,leaf,11.0,,length_cm,60.0,,cm,64,1737.2999999999993
5,2026-08-04,74-4,74,B,leaf,11.0,,width_cm,8.5,,cm,64,1737.2999999999993
5,2026-08-04,74-4,74,B,leaf,12.0,,length_cm,61.0,,cm,64,1737.2999999999993
5,2026-08-04,74-4,74,B,leaf,12.0,,width_cm,8.0,,cm,64,1737.2999999999993
5,2026-08-04,74-4,74,B,leaf,13.0,,length_cm,58.0,,cm,64,1737.2999999999993
5,2026-08-04,74-4,74,B,leaf,13.0,,width_cm,6.0,,cm,64,1737.2999999999993
5,2026-08-04,74-4,74,B,leaf,14.0,,length_cm,45.0,,cm,64,1737.2999999999993
5,2026-08-04,74-4,74,B,leaf,14.0,,width_cm,6.0,,cm,64,1737.2999999999993
5,2026-08-04,74-4,74,B,leaf,15.0,,length_cm,36.0,,cm,64,1737.2999999999993
5,2026-08-04,74-4,74,B,leaf,15.0,,width_cm,5.5,,cm,64,1737.2999999999993
5,2026-08-04,74-5,74,B,leaf,1.0,,length_cm,44.0,,cm,64,1737.2999999999993
5,2026-08-04,74-5,74,B,leaf,1.0,,width_cm,5.5,,cm,64,1737.2999999999993
5,2026-08-04,74-5,74,B,leaf,2.0,,length_cm,43.0,,cm,64,1737.2999999999993
5,2026-08-04,74-5,74,B,leaf,2.0,,width_cm,4.5,,cm,64,1737.2999999999993
5,2026-08-04,74-5,74,B,leaf,3.0,,length_cm,53.0,,cm,64,1737.2999999999993
5,2026-08-04,74-5,74,B,leaf,3.0,,width_cm,6.5,,cm,64,1737.2999999999993
5,2026-08-04,74-5,74,B,leaf,4.0,,length_cm,56.0,,cm,64,1737.2999999999993
5,2026-08-04,74-5,74,B,leaf,4.0,,width_cm,8.0,,cm,64,1737.2999999999993
5,2026-08-04,74-5,74,B,leaf,5.0,,length_cm,62.0,,cm,64,1737.2999999999993
5,2026-08-04,74-5,74,B,leaf,5.0,,width_cm,9.0,,cm,64,1737.2999999999993
5,2026-08-04,74-5,74,B,leaf,6.0,,length_cm,63.0,,cm,64,1737.2999999999993
5,2026-08-04,74-5,74,B,leaf,6.0,,width_cm,10.0,,cm,64,1737.2999999999993
5,2026-08-04,74-5,74,B,leaf,7.0,,length_cm,61.0,,cm,64,1737.2999999999993
5,2026-08-04,74-5,74,B,leaf,7.0,,width_cm,9.5,,cm,64,1737.2999999999993
5,2026-08-04,74-5,74,B,leaf,8.0,,length_cm,66.0,,cm,64,1737.2999999999993
5,2026-08-04,74-5,74,B,leaf,8.0,,width_cm,9.0,,cm,64,1737.2999999999993
5,2026-08-04,74-5,74,B,leaf,9.0,,length_cm,67.0,,cm,64,1737.2999999999993
5,2026-08-04,74-5,74,B,leaf,9.0,,width_cm,9.0,,cm,64,1737.2999999999993
5,2026-08-04,74-5,74,B,leaf,10.0,,length_cm,68.0,,cm,64,1737.2999999999993
5,2026-08-04,74-5,74,B,leaf,10.0,,width_cm,8.5,,cm,64,1737.2999999999993
5,2026-08-04,74-5,74,B,leaf,11.0,,length_cm,69.0,,cm,64,1737.2999999999993
5,2026-08-04,74-5,74,B,leaf,11.0,,width_cm,9.0,,cm,64,1737.2999999999993
5,2026-08-04,74-5,74,B,leaf,12.0,,length_cm,67.0,,cm,64,1737.2999999999993
5,2026-08-04,74-5,74,B,leaf,12.0,,width_cm,9.0,,cm,64,1737.2999999999993
5,2026-08-04,74-5,74,B,leaf,13.0,,length_cm,66.0,,cm,64,1737.2999999999993
5,2026-08-04,74-5,74,B,leaf,13.0,,width_cm,8.5,,cm,64,1737.2999999999993
5,2026-08-04,74-5,74,B,leaf,14.0,,length_cm,56.0,,cm,64,1737.2999999999993
5,2026-08-04,74-5,74,B,leaf,14.0,,width_cm,7.5,,cm,64,1737.2999999999993
5,2026-08-04,74-5,74,B,leaf,15.0,,length_cm,25.5,,cm,64,1737.2999999999993
5,2026-08-04,74-5,74,B,leaf,15.0,,width_cm,6.0,,cm,64,1737.2999999999993
5,2026-08-04,74-5,74,B,leaf,16.0,,length_cm,38.0,,cm,64,1737.2999999999993
5,2026-08-04,74-5,74,B,leaf,17.0,,length_cm,30.0,,cm,64,1737.2999999999993
5,2026-08-04,73-1,73,C,leaf,1.0,,length_cm,35.0,,cm,64,1737.2999999999993
5,2026-08-04,73-1,73,C,leaf,1.0,,width_cm,4.0,,cm,64,1737.2999999999993
5,2026-08-04,73-1,73,C,leaf,2.0,,length_cm,45.0,,cm,64,1737.2999999999993
5,2026-08-04,73-1,73,C,leaf,2.0,,width_cm,5.5,,cm,64,1737.2999999999993
5,2026-08-04,73-1,73,C,leaf,3.0,,length_cm,57.0,,cm,64,1737.2999999999993
5,2026-08-04,73-1,73,C,leaf,3.0,,width_cm,5.0,,cm,64,1737.2999999999993
5,2026-08-04,73-1,73,C,leaf,4.0,,length_cm,56.0,,cm,64,1737.2999999999993
5,2026-08-04,73-1,73,C,leaf,4.0,,width_cm,6.0,,cm,64,1737.2999999999993
5,2026-08-04,73-1,73,C,leaf,5.0,,length_cm,62.0,,cm,64,1737.2999999999993
5,2026-08-04,73-1,73,C,leaf,5.0,,width_cm,5.5,,cm,64,1737.2999999999993
5,2026-08-04,73-1,73,C,leaf,6.0,,length_cm,66.0,,cm,64,1737.2999999999993
5,2026-08-04,73-1,73,C,leaf,6.0,,width_cm,7.0,,cm,64,1737.2999999999993
5,2026-08-04,73-1,73,C,leaf,7.0,,length_cm,68.0,,cm,64,1737.2999999999993
5,2026-08-04,73-1,73,C,leaf,7.0,,width_cm,6.5,,cm,64,1737.2999999999993
5,2026-08-04,73-1,73,C,leaf,8.0,,length_cm,71.0,,cm,64,1737.2999999999993
5,2026-08-04,73-1,73,C,leaf,8.0,,width_cm,7.0,,cm,64,1737.2999999999993
5,2026-08-04,73-1,73,C,leaf,9.0,,length_cm,72.0,,cm,64,1737.2999999999993
5,2026-08-04,73-1,73,C,leaf,9.0,,width_cm,6.0,,cm,64,1737.2999999999993
5,2026-08-04,73-1,73,C,leaf,10.0,,length_cm,70.0,,cm,64,1737.2999999999993
5,2026-08-04,73-1,73,C,leaf,10.0,,width_cm,6.5,,cm,64,1737.2999999999993
5,2026-08-04,73-1,73,C,leaf,11.0,,length_cm,60.0,,cm,64,1737.2999999999993
5,2026-08-04,73-1,73,C,leaf,11.0,,width_cm,6.5,,cm,64,1737.2999999999993
5,2026-08-04,73-2,73,C,leaf,1.0,,length_cm,40.0,,cm,64,1737.2999999999993
5,2026-08-04,73-2,73,C,leaf,1.0,,width_cm,3.5,,cm,64,1737.2999999999993
5,2026-08-04,73-2,73,C,leaf,2.0,,length_cm,43.0,,cm,64,1737.2999999999993
5,2026-08-04,73-2,73,C,leaf,2.0,,width_cm,6.0,,cm,64,1737.2999999999993
5,2026-08-04,73-2,73,C,leaf,3.0,,length_cm,50.0,,cm,64,1737.2999999999993
5,2026-08-04,73-2,73,C,leaf,3.0,,width_cm,6.0,,cm,64,1737.2999999999993
5,2026-08-04,73-2,73,C,leaf,4.0,,length_cm,55.0,,cm,64,1737.2999999999993
5,2026-08-04,73-2,73,C,leaf,4.0,,width_cm,6.0,,cm,64,1737.2999999999993
5,2026-08-04,73-2,73,C,leaf,5.0,,length_cm,61.0,,cm,64,1737.2999999999993
5,2026-08-04,73-2,73,C,leaf,5.0,,width_cm,7.0,,cm,64,1737.2999999999993
5,2026-08-04,73-2,73,C,leaf,6.0,,length_cm,61.0,,cm,64,1737.2999999999993
5,2026-08-04,73-2,73,C,leaf,6.0,,width_cm,7.5,,cm,64,1737.2999999999993
5,2026-08-04,73-2,73,C,leaf,7.0,,length_cm,64.0,,cm,64,1737.2999999999993
5,2026-08-04,73-2,73,C,leaf,7.0,,width_cm,7.5,,cm,64,1737.2999999999993
5,2026-08-04,73-2,73,C,leaf,8.0,,length_cm,63.5,,cm,64,1737.2999999999993
5,2026-08-04,73-2,73,C,leaf,8.0,,width_cm,7.5,,cm,64,1737.2999999999993
5,2026-08-04,73-2,73,C,leaf,9.0,,length_cm,64.5,,cm,64,1737.2999999999993
5,2026-08-04,73-2,73,C,leaf,9.0,,width_cm,8.0,,cm,64,1737.2999999999993
5,2026-08-04,73-2,73,C,leaf,10.0,,length_cm,66.0,,cm,64,1737.2999999999993
5,2026-08-04,73-2,73,C,leaf,10.0,,width_cm,7.5,,cm,64,1737.2999999999993
5,2026-08-04,73-2,73,C,leaf,11.0,,length_cm,65.0,,cm,64,1737.2999999999993
5,2026-08-04,73-2,73,C,leaf,11.0,,width_cm,7.5,,cm,64,1737.2999999999993
5,2026-08-04,73-2,73,C,leaf,12.0,,length_cm,57.5,,cm,64,1737.2999999999993
5,2026-08-04,73-2,73,C,leaf,12.0,,width_cm,6.5,,cm,64,1737.2999999999993
5,2026-08-04,73-3,73,C,leaf,1.0,,length_cm,36.0,,cm,64,1737.2999999999993
5,2026-08-04,73-3,73,C,leaf,1.0,,width_cm,4.0,,cm,64,1737.2999999999993
5,2026-08-04,73-3,73,C,leaf,2.0,,length_cm,38.0,,cm,64,1737.2999999999993
5,2026-08-04,73-3,73,C,leaf,2.0,,width_cm,4.5,,cm,64,1737.2999999999993
5,2026-08-04,73-3,73,C,leaf,3.0,,length_cm,44.0,,cm,64,1737.2999999999993
5,2026-08-04,73-3,73,C,leaf,3.0,,width_cm,5.5,,cm,64,1737.2999999999993
5,2026-08-04,73-3,73,C,leaf,4.0,,length_cm,47.0,,cm,64,1737.2999999999993
5,2026-08-04,73-3,73,C,leaf,4.0,,width_cm,6.0,,cm,64,1737.2999999999993
5,2026-08-04,73-3,73,C,leaf,5.0,,length_cm,56.0,,cm,64,1737.2999999999993
5,2026-08-04,73-3,73,C,leaf,5.0,,width_cm,6.5,,cm,64,1737.2999999999993
5,2026-08-04,73-3,73,C,leaf,6.0,,length_cm,58.0,,cm,64,1737.2999999999993
5,2026-08-04,73-3,73,C,leaf,6.0,,width_cm,7.5,,cm,64,1737.2999999999993
5,2026-08-04,73-3,73,C,leaf,7.0,,length_cm,60.0,,cm,64,1737.2999999999993
5,2026-08-04,73-3,73,C,leaf,7.0,,width_cm,7.5,,cm,64,1737.2999999999993
5,2026-08-04,73-3,73,C,leaf,8.0,,length_cm,62.5,,cm,64,1737.2999999999993
5,2026-08-04,73-3,73,C,leaf,8.0,,width_cm,8.0,,cm,64,1737.2999999999993
5,2026-08-04,73-3,73,C,leaf,9.0,,length_cm,60.5,,cm,64,1737.2999999999993
5,2026-08-04,73-3,73,C,leaf,9.0,,width_cm,7.5,,cm,64,1737.2999999999993
5,2026-08-04,73-3,73,C,leaf,10.0,,length_cm,65.5,,cm,64,1737.2999999999993
5,2026-08-04,73-3,73,C,leaf,10.0,,width_cm,8.0,,cm,64,1737.2999999999993
5,2026-08-04,73-3,73,C,leaf,11.0,,length_cm,63.0,,cm,64,1737.2999999999993
5,2026-08-04,73-3,73,C,leaf,11.0,,width_cm,8.5,,cm,64,1737.2999999999993
5,2026-08-04,73-3,73,C,leaf,12.0,,length_cm,63.0,,cm,64,1737.2999999999993
5,2026-08-04,73-3,73,C,leaf,12.0,,width_cm,8.5,,cm,64,1737.2999999999993
5,2026-08-04,73-3,73,C,leaf,13.0,,length_cm,64.0,,cm,64,1737.2999999999993
5,2026-08-04,73-3,73,C,leaf,13.0,,width_cm,8.0,,cm,64,1737.2999999999993
5,2026-08-04,73-3,73,C,leaf,14.0,,length_cm,45.0,,cm,64,1737.2999999999993
5,2026-08-04,73-3,73,C,leaf,14.0,,width_cm,7.5,,cm,64,1737.2999999999993
5,2026-08-04,73-4,73,C,leaf,1.0,,length_cm,42.0,,cm,64,1737.2999999999993
5,2026-08-04,73-4,73,C,leaf,1.0,,width_cm,4.5,,cm,64,1737.2999999999993
5,2026-08-04,73-4,73,C,leaf,2.0,,length_cm,49.0,,cm,64,1737.2999999999993
5,2026-08-04,73-4,73,C,leaf,2.0,,width_cm,6.0,,cm,64,1737.2999999999993
5,2026-08-04,73-4,73,C,leaf,3.0,,length_cm,48.0,,cm,64,1737.2999999999993
5,2026-08-04,73-4,73,C,leaf,3.0,,width_cm,7.0,,cm,64,1737.2999999999993
5,2026-08-04,73-4,73,C,leaf,4.0,,length_cm,54.0,,cm,64,1737.2999999999993
5,2026-08-04,73-4,73,C,leaf,4.0,,width_cm,7.5,,cm,64,1737.2999999999993
5,2026-08-04,73-4,73,C,leaf,5.0,,length_cm,56.0,,cm,64,1737.2999999999993
5,2026-08-04,73-4,73,C,leaf,5.0,,width_cm,8.0,,cm,64,1737.2999999999993
5,2026-08-04,73-4,73,C,leaf,6.0,,length_cm,60.0,,cm,64,1737.2999999999993
5,2026-08-04,73-4,73,C,leaf,6.0,,width_cm,8.0,,cm,64,1737.2999999999993
5,2026-08-04,73-4,73,C,leaf,7.0,,length_cm,69.0,,cm,64,1737.2999999999993
5,2026-08-04,73-4,73,C,leaf,7.0,,width_cm,8.0,,cm,64,1737.2999999999993
5,2026-08-04,73-4,73,C,leaf,8.0,,length_cm,71.0,,cm,64,1737.2999999999993
5,2026-08-04,73-4,73,C,leaf,8.0,,width_cm,8.5,,cm,64,1737.2999999999993
5,2026-08-04,73-4,73,C,leaf,9.0,,length_cm,71.0,,cm,64,1737.2999999999993
5,2026-08-04,73-4,73,C,leaf,9.0,,width_cm,7.5,,cm,64,1737.2999999999993
5,2026-08-04,73-4,73,C,leaf,10.0,,length_cm,68.0,,cm,64,1737.2999999999993
5,2026-08-04,73-4,73,C,leaf,10.0,,width_cm,7.5,,cm,64,1737.2999999999993
5,2026-08-04,73-4,73,C,leaf,11.0,,length_cm,64.0,,cm,64,1737.2999999999993
5,2026-08-04,73-4,73,C,leaf,11.0,,width_cm,7.5,,cm,64,1737.2999999999993
5,2026-08-04,73-4,73,C,leaf,12.0,,length_cm,60.0,,cm,64,1737.2999999999993
5,2026-08-04,73-4,73,C,leaf,12.0,,width_cm,7.5,,cm,64,1737.2999999999993
5,2026-08-04,73-4,73,C,leaf,13.0,,length_cm,51.0,,cm,64,1737.2999999999993
5,2026-08-04,73-4,73,C,leaf,13.0,,width_cm,7.5,,cm,64,1737.2999999999993
5,2026-08-04,73-4,73,C,leaf,14.0,,length_cm,46.0,,cm,64,1737.2999999999993
5,2026-08-04,73-4,73,C,leaf,14.0,,width_cm,7.0,,cm,64,1737.2999999999993
5,2026-08-04,73-4,73,C,leaf,15.0,,length_cm,39.0,,cm,64,1737.2999999999993
5,2026-08-04,73-4,73,C,leaf,15.0,,width_cm,7.0,,cm,64,1737.2999999999993
5,2026-08-04,73-5,73,C,leaf,1.0,,length_cm,44.0,,cm,64,1737.2999999999993
5,2026-08-04,73-5,73,C,leaf,1.0,,width_cm,5.5,,cm,64,1737.2999999999993
5,2026-08-04,73-5,73,C,leaf,2.0,,length_cm,46.0,,cm,64,1737.2999999999993
5,2026-08-04,73-5,73,C,leaf,2.0,,width_cm,5.0,,cm,64,1737.2999999999993
5,2026-08-04,73-5,73,C,leaf,3.0,,length_cm,54.0,,cm,64,1737.2999999999993
5,2026-08-04,73-5,73,C,leaf,3.0,,width_cm,6.5,,cm,64,1737.2999999999993
5,2026-08-04,73-5,73,C,leaf,4.0,,length_cm,56.0,,cm,64,1737.2999999999993
5,2026-08-04,73-5,73,C,leaf,4.0,,width_cm,7.0,,cm,64,1737.2999999999993
5,2026-08-04,73-5,73,C,leaf,5.0,,length_cm,60.5,,cm,64,1737.2999999999993
5,2026-08-04,73-5,73,C,leaf,5.0,,width_cm,9.0,,cm,64,1737.2999999999993
5,2026-08-04,73-5,73,C,leaf,6.0,,length_cm,62.0,,cm,64,1737.2999999999993
5,2026-08-04,73-5,73,C,leaf,6.0,,width_cm,9.5,,cm,64,1737.2999999999993
5,2026-08-04,73-5,73,C,leaf,7.0,,length_cm,66.0,,cm,64,1737.2999999999993
5,2026-08-04,73-5,73,C,leaf,7.0,,width_cm,9.5,,cm,64,1737.2999999999993
5,2026-08-04,73-5,73,C,leaf,8.0,,length_cm,65.0,,cm,64,1737.2999999999993
5,2026-08-04,73-5,73,C,leaf,8.0,,width_cm,9.0,,cm,64,1737.2999999999993
5,2026-08-04,73-5,73,C,leaf,9.0,,length_cm,67.0,,cm,64,1737.2999999999993
5,2026-08-04,73-5,73,C,leaf,9.0,,width_cm,9.0,,cm,64,1737.2999999999993
5,2026-08-04,73-5,73,C,leaf,10.0,,length_cm,70.0,,cm,64,1737.2999999999993
5,2026-08-04,73-5,73,C,leaf,10.0,,width_cm,9.5,,cm,64,1737.2999999999993
5,2026-08-04,73-5,73,C,leaf,11.0,,length_cm,73.0,,cm,64,1737.2999999999993
5,2026-08-04,73-5,73,C,leaf,11.0,,width_cm,9.5,,cm,64,1737.2999999999993
5,2026-08-04,73-5,73,C,leaf,12.0,,length_cm,68.0,,cm,64,1737.2999999999993
5,2026-08-04,73-5,73,C,leaf,12.0,,width_cm,9.0,,cm,64,1737.2999999999993
5,2026-08-04,73-5,73,C,leaf,13.0,,length_cm,49.0,,cm,64,1737.2999999999993
5,2026-08-04,73-5,73,C,leaf,13.0,,width_cm,9.0,,cm,64,1737.2999999999993
5,2026-08-04,75-1,75,A,leaf,1.0,,angle_from_vertical,46,,deg,64,1737.2999999999993
5,2026-08-04,75-1,75,A,leaf,2.0,,angle_from_vertical,45,,deg,64,1737.2999999999993
5,2026-08-04,75-1,75,A,leaf,3.0,,angle_from_vertical,72,,deg,64,1737.2999999999993
5,2026-08-04,75-1,75,A,leaf,4.0,,angle_from_vertical,81,,deg,64,1737.2999999999993
5,2026-08-04,75-1,75,A,leaf,5.0,,angle_from_vertical,30,,deg,64,1737.2999999999993
5,2026-08-04,75-1,75,A,leaf,6.0,,angle_from_vertical,26,,deg,64,1737.2999999999993
5,2026-08-04,75-1,75,A,leaf,7.0,,angle_from_vertical,31,,deg,64,1737.2999999999993
5,2026-08-04,75-1,75,A,leaf,8.0,,angle_from_vertical,33,,deg,64,1737.2999999999993
5,2026-08-04,75-1,75,A,leaf,9.0,,angle_from_vertical,45,,deg,64,1737.2999999999993
5,2026-08-04,75-1,75,A,leaf,10.0,,angle_from_vertical,39,,deg,64,1737.2999999999993
5,2026-08-04,75-1,75,A,leaf,11.0,,angle_from_vertical,31,,deg,64,1737.2999999999993
5,2026-08-04,75-1,75,A,leaf,12.0,,angle_from_vertical,30,,deg,64,1737.2999999999993
5,2026-08-04,75-1,75,A,leaf,13.0,,angle_from_vertical,14,,deg,64,1737.2999999999993
5,2026-08-04,75-2,75,A,leaf,1.0,,angle_from_vertical,86,,deg,64,1737.2999999999993
5,2026-08-04,75-2,75,A,leaf,2.0,,angle_from_vertical,89,,deg,64,1737.2999999999993
5,2026-08-04,75-2,75,A,leaf,3.0,,angle_from_vertical,89,,deg,64,1737.2999999999993
5,2026-08-04,75-2,75,A,leaf,4.0,,angle_from_vertical,49,,deg,64,1737.2999999999993
5,2026-08-04,75-2,75,A,leaf,5.0,,angle_from_vertical,30,,deg,64,1737.2999999999993
5,2026-08-04,75-2,75,A,leaf,6.0,,angle_from_vertical,30,,deg,64,1737.2999999999993
5,2026-08-04,75-2,75,A,leaf,7.0,,angle_from_vertical,33,,deg,64,1737.2999999999993
5,2026-08-04,75-2,75,A,leaf,8.0,,angle_from_vertical,29,,deg,64,1737.2999999999993
5,2026-08-04,75-2,75,A,leaf,9.0,,angle_from_vertical,32,,deg,64,1737.2999999999993
5,2026-08-04,75-2,75,A,leaf,10.0,,angle_from_vertical,20,,deg,64,1737.2999999999993
5,2026-08-04,75-2,75,A,leaf,11.0,,angle_from_vertical,27,,deg,64,1737.2999999999993
5,2026-08-04,75-2,75,A,leaf,12.0,,angle_from_vertical,12,,deg,64,1737.2999999999993
5,2026-08-04,75-3,75,A,leaf,1.0,,angle_from_vertical,66,,deg,64,1737.2999999999993
5,2026-08-04,75-3,75,A,leaf,2.0,,angle_from_vertical,84,,deg,64,1737.2999999999993
5,2026-08-04,75-3,75,A,leaf,3.0,,angle_from_vertical,57,,deg,64,1737.2999999999993
5,2026-08-04,75-3,75,A,leaf,4.0,,angle_from_vertical,80,,deg,64,1737.2999999999993
5,2026-08-04,75-3,75,A,leaf,5.0,,angle_from_vertical,57,,deg,64,1737.2999999999993
5,2026-08-04,75-3,75,A,leaf,6.0,,angle_from_vertical,35,,deg,64,1737.2999999999993
5,2026-08-04,75-3,75,A,leaf,7.0,,angle_from_vertical,25,,deg,64,1737.2999999999993
5,2026-08-04,75-3,75,A,leaf,8.0,,angle_from_vertical,41,,deg,64,1737.2999999999993
5,2026-08-04,75-3,75,A,leaf,9.0,,angle_from_vertical,21,,deg,64,1737.2999999999993
5,2026-08-04,75-3,75,A,leaf,10.0,,angle_from_vertical,31,,deg,64,1737.2999999999993
5,2026-08-04,75-3,75,A,leaf,11.0,,angle_from_vertical,21,,deg,64,1737.2999999999993
5,2026-08-04,75-3,75,A,leaf,12.0,,angle_from_vertical,17,,deg,64,1737.2999999999993
5,2026-08-04,75-4,75,A,leaf,1.0,,angle_from_vertical,74,,deg,64,1737.2999999999993
5,2026-08-04,75-4,75,A,leaf,2.0,,angle_from_vertical,55,,deg,64,1737.2999999999993
5,2026-08-04,75-4,75,A,leaf,3.0,,angle_from_vertical,80,,deg,64,1737.2999999999993
5,2026-08-04,75-4,75,A,leaf,4.0,,angle_from_vertical,67,,deg,64,1737.2999999999993
5,2026-08-04,75-4,75,A,leaf,5.0,,angle_from_vertical,26,,deg,64,1737.2999999999993
5,2026-08-04,75-4,75,A,leaf,6.0,,angle_from_vertical,58,,deg,64,1737.2999999999993
5,2026-08-04,75-4,75,A,leaf,7.0,,angle_from_vertical,32,,deg,64,1737.2999999999993
5,2026-08-04,75-4,75,A,leaf,8.0,,angle_from_vertical,37,,deg,64,1737.2999999999993
5,2026-08-04,75-4,75,A,leaf,9.0,,angle_from_vertical,42,,deg,64,1737.2999999999993
5,2026-08-04,75-4,75,A,leaf,10.0,,angle_from_vertical,31,,deg,64,1737.2999999999993
5,2026-08-04,75-4,75,A,leaf,11.0,,angle_from_vertical,28,,deg,64,1737.2999999999993
5,2026-08-04,75-4,75,A,leaf,12.0,,angle_from_vertical,23,,deg,64,1737.2999999999993
5,2026-08-04,75-4,75,A,leaf,13.0,,angle_from_vertical,16,,deg,64,1737.2999999999993
5,2026-08-04,75-4,75,A,leaf,14.0,,angle_from_vertical,9,,deg,64,1737.2999999999993
5,2026-08-04,75-5,75,A,leaf,1.0,,angle_from_vertical,63,,deg,64,1737.2999999999993
5,2026-08-04,75-5,75,A,leaf,2.0,,angle_from_vertical,43,,deg,64,1737.2999999999993
5,2026-08-04,75-5,75,A,leaf,3.0,,angle_from_vertical,71,,deg,64,1737.2999999999993
5,2026-08-04,75-5,75,A,leaf,4.0,,angle_from_vertical,48,,deg,64,1737.2999999999993
5,2026-08-04,75-5,75,A,leaf,5.0,,angle_from_vertical,42,,deg,64,1737.2999999999993
5,2026-08-04,75-5,75,A,leaf,6.0,,angle_from_vertical,19,,deg,64,1737.2999999999993
5,2026-08-04,75-5,75,A,leaf,7.0,,angle_from_vertical,27,,deg,64,1737.2999999999993
5,2026-08-04,75-5,75,A,leaf,8.0,,angle_from_vertical,40,,deg,64,1737.2999999999993
5,2026-08-04,75-5,75,A,leaf,9.0,,angle_from_vertical,44,,deg,64,1737.2999999999993
5,2026-08-04,74-1,74,B,leaf,1.0,,angle_from_vertical,76,,deg,64,1737.2999999999993
5,2026-08-04,74-1,74,B,leaf,2.0,,angle_from_vertical,72,,deg,64,1737.2999999999993
5,2026-08-04,74-1,74,B,leaf,3.0,,angle_from_vertical,58,,deg,64,1737.2999999999993
5,2026-08-04,74-1,74,B,leaf,4.0,,angle_from_vertical,56,,deg,64,1737.2999999999993
5,2026-08-04,74-1,74,B,leaf,5.0,,angle_from_vertical,60,,deg,64,1737.2999999999993
5,2026-08-04,74-1,74,B,leaf,6.0,,angle_from_vertical,40,,deg,64,1737.2999999999993
5,2026-08-04,74-1,74,B,leaf,7.0,,angle_from_vertical,53,,deg,64,1737.2999999999993
5,2026-08-04,74-1,74,B,leaf,8.0,,angle_from_vertical,25,,deg,64,1737.2999999999993
5,2026-08-04,74-1,74,B,leaf,9.0,,angle_from_vertical,47,,deg,64,1737.2999999999993
5,2026-08-04,74-1,74,B,leaf,10.0,,angle_from_vertical,30,,deg,64,1737.2999999999993
5,2026-08-04,74-1,74,B,leaf,11.0,,angle_from_vertical,36,,deg,64,1737.2999999999993
5,2026-08-04,74-1,74,B,leaf,12.0,,angle_from_vertical,15,,deg,64,1737.2999999999993
5,2026-08-04,74-1,74,B,leaf,13.0,,angle_from_vertical,25,,deg,64,1737.2999999999993
5,2026-08-04,74-1,74,B,leaf,14.0,,angle_from_vertical,7,,deg,64,1737.2999999999993
5,2026-08-04,74-1,74,B,leaf,15.0,,angle_from_vertical,17,,deg,64,1737.2999999999993
5,2026-08-04,74-1,74,B,leaf,16.0,,angle_from_vertical,8,,deg,64,1737.2999999999993
5,2026-08-04,74-2,74,B,leaf,1.0,,angle_from_vertical,61,,deg,64,1737.2999999999993
5,2026-08-04,74-2,74,B,leaf,2.0,,angle_from_vertical,75,,deg,64,1737.2999999999993
5,2026-08-04,74-2,74,B,leaf,3.0,,angle_from_vertical,38,,deg,64,1737.2999999999993
5,2026-08-04,74-2,74,B,leaf,4.0,,angle_from_vertical,65,,deg,64,1737.2999999999993
5,2026-08-04,74-2,74,B,leaf,5.0,,angle_from_vertical,58,,deg,64,1737.2999999999993
5,2026-08-04,74-2,74,B,leaf,6.0,,angle_from_vertical,55,,deg,64,1737.2999999999993
5,2026-08-04,74-2,74,B,leaf,7.0,,angle_from_vertical,40,,deg,64,1737.2999999999993
5,2026-08-04,74-2,74,B,leaf,8.0,,angle_from_vertical,45,,deg,64,1737.2999999999993
5,2026-08-04,74-2,74,B,leaf,9.0,,angle_from_vertical,40,,deg,64,1737.2999999999993
5,2026-08-04,74-2,74,B,leaf,10.0,,angle_from_vertical,38,,deg,64,1737.2999999999993
5,2026-08-04,74-2,74,B,leaf,11.0,,angle_from_vertical,35,,deg,64,1737.2999999999993
5,2026-08-04,74-2,74,B,leaf,12.0,,angle_from_vertical,25,,deg,64,1737.2999999999993
5,2026-08-04,74-2,74,B,leaf,13.0,,angle_from_vertical,22,,deg,64,1737.2999999999993
5,2026-08-04,74-2,74,B,leaf,14.0,,angle_from_vertical,8,,deg,64,1737.2999999999993
5,2026-08-04,74-2,74,B,leaf,15.0,,angle_from_vertical,14,,deg,64,1737.2999999999993
5,2026-08-04,74-3,74,B,leaf,1.0,,angle_from_vertical,62,,deg,64,1737.2999999999993
5,2026-08-04,74-3,74,B,leaf,2.0,,angle_from_vertical,50,,deg,64,1737.2999999999993
5,2026-08-04,74-3,74,B,leaf,3.0,,angle_from_vertical,63,,deg,64,1737.2999999999993
5,2026-08-04,74-3,74,B,leaf,4.0,,angle_from_vertical,69,,deg,64,1737.2999999999993
5,2026-08-04,74-3,74,B,leaf,5.0,,angle_from_vertical,65,,deg,64,1737.2999999999993
5,2026-08-04,74-3,74,B,leaf,6.0,,angle_from_vertical,53,,deg,64,1737.2999999999993
5,2026-08-04,74-3,74,B,leaf,7.0,,angle_from_vertical,49,,deg,64,1737.2999999999993
5,2026-08-04,74-3,74,B,leaf,8.0,,angle_from_vertical,47,,deg,64,1737.2999999999993
5,2026-08-04,74-3,74,B,leaf,9.0,,angle_from_vertical,50,,deg,64,1737.2999999999993
5,2026-08-04,74-3,74,B,leaf,10.0,,angle_from_vertical,36,,deg,64,1737.2999999999993
5,2026-08-04,74-3,74,B,leaf,11.0,,angle_from_vertical,38,,deg,64,1737.2999999999993
5,2026-08-04,74-3,74,B,leaf,12.0,,angle_from_vertical,33,,deg,64,1737.2999999999993
5,2026-08-04,74-3,74,B,leaf,13.0,,angle_from_vertical,35,,deg,64,1737.2999999999993
5,2026-08-04,74-3,74,B,leaf,14.0,,angle_from_vertical,17,,deg,64,1737.2999999999993
5,2026-08-04,74-3,74,B,leaf,15.0,,angle_from_vertical,17,,deg,64,1737.2999999999993
5,2026-08-04,74-3,74,B,leaf,16.0,,angle_from_vertical,8,,deg,64,1737.2999999999993
5,2026-08-04,74-4,74,B,leaf,1.0,,angle_from_vertical,77,,deg,64,1737.2999999999993
5,2026-08-04,74-4,74,B,leaf,2.0,,angle_from_vertical,56,,deg,64,1737.2999999999993
5,2026-08-04,74-4,74,B,leaf,3.0,,angle_from_vertical,70,,deg,64,1737.2999999999993
5,2026-08-04,74-4,74,B,leaf,4.0,,angle_from_vertical,69,,deg,64,1737.2999999999993
5,2026-08-04,74-4,74,B,leaf,5.0,,angle_from_vertical,76,,deg,64,1737.2999999999993
5,2026-08-04,74-4,74,B,leaf,6.0,,angle_from_vertical,49,,deg,64,1737.2999999999993
5,2026-08-04,74-4,74,B,leaf,7.0,,angle_from_vertical,55,,deg,64,1737.2999999999993
5,2026-08-04,74-4,74,B,leaf,8.0,,angle_from_vertical,40,,deg,64,1737.2999999999993
5,2026-08-04,74-4,74,B,leaf,9.0,,angle_from_vertical,59,,deg,64,1737.2999999999993
5,2026-08-04,74-4,74,B,leaf,10.0,,angle_from_vertical,28,,deg,64,1737.2999999999993
5,2026-08-04,74-4,74,B,leaf,11.0,,angle_from_vertical,40,,deg,64,1737.2999999999993
5,2026-08-04,74-4,74,B,leaf,12.0,,angle_from_vertical,31,,deg,64,1737.2999999999993
5,2026-08-04,74-4,74,B,leaf,13.0,,angle_from_vertical,23,,deg,64,1737.2999999999993
5,2026-08-04,74-4,74,B,leaf,14.0,,angle_from_vertical,16,,deg,64,1737.2999999999993
5,2026-08-04,74-4,74,B,leaf,15.0,,angle_from_vertical,13,,deg,64,1737.2999999999993
5,2026-08-04,74-5,74,B,leaf,1.0,,angle_from_vertical,80,,deg,64,1737.2999999999993
5,2026-08-04,74-5,74,B,leaf,2.0,,angle_from_vertical,77,,deg,64,1737.2999999999993
5,2026-08-04,74-5,74,B,leaf,3.0,,angle_from_vertical,49,,deg,64,1737.2999999999993
5,2026-08-04,74-5,74,B,leaf,4.0,,angle_from_vertical,71,,deg,64,1737.2999999999993
5,2026-08-04,74-5,74,B,leaf,5.0,,angle_from_vertical,54,,deg,64,1737.2999999999993
5,2026-08-04,74-5,74,B,leaf,6.0,,angle_from_vertical,67,,deg,64,1737.2999999999993
5,2026-08-04,74-5,74,B,leaf,7.0,,angle_from_vertical,46,,deg,64,1737.2999999999993
5,2026-08-04,74-5,74,B,leaf,8.0,,angle_from_vertical,46,,deg,64,1737.2999999999993
5,2026-08-04,74-5,74,B,leaf,9.0,,angle_from_vertical,48,,deg,64,1737.2999999999993
5,2026-08-04,74-5,74,B,leaf,10.0,,angle_from_vertical,45,,deg,64,1737.2999999999993
5,2026-08-04,74-5,74,B,leaf,11.0,,angle_from_vertical,41,,deg,64,1737.2999999999993
5,2026-08-04,74-5,74,B,leaf,12.0,,angle_from_vertical,32,,deg,64,1737.2999999999993
5,2026-08-04,74-5,74,B,leaf,13.0,,angle_from_vertical,32,,deg,64,1737.2999999999993
5,2026-08-04,74-5,74,B,leaf,14.0,,angle_from_vertical,15,,deg,64,1737.2999999999993
5,2026-08-04,74-5,74,B,leaf,15.0,,angle_from_vertical,18,,deg,64,1737.2999999999993
5,2026-08-04,74-5,74,B,leaf,16.0,,angle_from_vertical,15,,deg,64,1737.2999999999993
5,2026-08-04,74-5,74,B,leaf,17.0,,angle_from_vertical,9,,deg,64,1737.2999999999993
5,2026-08-04,73-1,73,C,leaf,1.0,,angle_from_vertical,48,,deg,64,1737.2999999999993
5,2026-08-04,73-1,73,C,leaf,2.0,,angle_from_vertical,46,,deg,64,1737.2999999999993
5,2026-08-04,73-1,73,C,leaf,3.0,,angle_from_vertical,39,,deg,64,1737.2999999999993
5,2026-08-04,73-1,73,C,leaf,4.0,,angle_from_vertical,35,,deg,64,1737.2999999999993
5,2026-08-04,73-1,73,C,leaf,5.0,,angle_from_vertical,33,,deg,64,1737.2999999999993
5,2026-08-04,73-1,73,C,leaf,6.0,,angle_from_vertical,54,,deg,64,1737.2999999999993
5,2026-08-04,73-1,73,C,leaf,7.0,,angle_from_vertical,32,,deg,64,1737.2999999999993
5,2026-08-04,73-1,73,C,leaf,8.0,,angle_from_vertical,40,,deg,64,1737.2999999999993
5,2026-08-04,73-1,73,C,leaf,9.0,,angle_from_vertical,33,,deg,64,1737.2999999999993
5,2026-08-04,73-1,73,C,leaf,10.0,,angle_from_vertical,48,,deg,64,1737.2999999999993
5,2026-08-04,73-1,73,C,leaf,11.0,,angle_from_vertical,32,,deg,64,1737.2999999999993
5,2026-08-04,73-2,73,C,leaf,1.0,,angle_from_vertical,66,,deg,64,1737.2999999999993
5,2026-08-04,73-2,73,C,leaf,2.0,,angle_from_vertical,40,,deg,64,1737.2999999999993
5,2026-08-04,73-2,73,C,leaf,3.0,,angle_from_vertical,43,,deg,64,1737.2999999999993
5,2026-08-04,73-2,73,C,leaf,4.0,,angle_from_vertical,52,,deg,64,1737.2999999999993
5,2026-08-04,73-2,73,C,leaf,5.0,,angle_from_vertical,43,,deg,64,1737.2999999999993
5,2026-08-04,73-2,73,C,leaf,6.0,,angle_from_vertical,56,,deg,64,1737.2999999999993
5,2026-08-04,73-2,73,C,leaf,7.0,,angle_from_vertical,48,,deg,64,1737.2999999999993
5,2026-08-04,73-2,73,C,leaf,8.0,,angle_from_vertical,63,,deg,64,1737.2999999999993
5,2026-08-04,73-2,73,C,leaf,9.0,,angle_from_vertical,57,,deg,64,1737.2999999999993
5,2026-08-04,73-2,73,C,leaf,10.0,,angle_from_vertical,73,,deg,64,1737.2999999999993
5,2026-08-04,73-2,73,C,leaf,11.0,,angle_from_vertical,55,,deg,64,1737.2999999999993
5,2026-08-04,73-3,73,C,leaf,1.0,,angle_from_vertical,48,,deg,64,1737.2999999999993
5,2026-08-04,73-3,73,C,leaf,2.0,,angle_from_vertical,64,,deg,64,1737.2999999999993
5,2026-08-04,73-3,73,C,leaf,3.0,,angle_from_vertical,33,,deg,64,1737.2999999999993
5,2026-08-04,73-3,73,C,leaf,4.0,,angle_from_vertical,61,,deg,64,1737.2999999999993
5,2026-08-04,73-3,73,C,leaf,5.0,,angle_from_vertical,25,,deg,64,1737.2999999999993
5,2026-08-04,73-3,73,C,leaf,6.0,,angle_from_vertical,56,,deg,64,1737.2999999999993
5,2026-08-04,73-3,73,C,leaf,7.0,,angle_from_vertical,56,,deg,64,1737.2999999999993
5,2026-08-04,73-3,73,C,leaf,8.0,,angle_from_vertical,61,,deg,64,1737.2999999999993
5,2026-08-04,73-3,73,C,leaf,9.0,,angle_from_vertical,44,,deg,64,1737.2999999999993
5,2026-08-04,73-3,73,C,leaf,10.0,,angle_from_vertical,58,,deg,64,1737.2999999999993
5,2026-08-04,73-3,73,C,leaf,11.0,,angle_from_vertical,45,,deg,64,1737.2999999999993
5,2026-08-04,73-3,73,C,leaf,12.0,,angle_from_vertical,63,,deg,64,1737.2999999999993
5,2026-08-04,73-3,73,C,leaf,13.0,,angle_from_vertical,52,,deg,64,1737.2999999999993
5,2026-08-04,73-3,73,C,leaf,14.0,,angle_from_vertical,77,,deg,64,1737.2999999999993
5,2026-08-04,73-5,73,C,leaf,1.0,,angle_from_vertical,67,,deg,64,1737.2999999999993
5,2026-08-04,73-5,73,C,leaf,2.0,,angle_from_vertical,41,,deg,64,1737.2999999999993
5,2026-08-04,73-5,73,C,leaf,3.0,,angle_from_vertical,73,,deg,64,1737.2999999999993
5,2026-08-04,73-5,73,C,leaf,4.0,,angle_from_vertical,45,,deg,64,1737.2999999999993
5,2026-08-04,73-5,73,C,leaf,5.0,,angle_from_vertical,57,,deg,64,1737.2999999999993
5,2026-08-04,73-5,73,C,leaf,6.0,,angle_from_vertical,53,,deg,64,1737.2999999999993
5,2026-08-04,73-5,73,C,leaf,7.0,,angle_from_vertical,58,,deg,64,1737.2999999999993
5,2026-08-04,73-5,73,C,leaf,8.0,,angle_from_vertical,51,,deg,64,1737.2999999999993
5,2026-08-04,73-5,73,C,leaf,9.0,,angle_from_vertical,61,,deg,64,1737.2999999999993
5,2026-08-04,73-5,73,C,leaf,10.0,,angle_from_vertical,50,,deg,64,1737.2999999999993
5,2026-08-04,73-5,73,C,leaf,11.0,,angle_from_vertical,57,,deg,64,1737.2999999999993
5,2026-08-04,73-5,73,C,leaf,12.0,,angle_from_vertical,64,,deg,64,1737.2999999999993
5,2026-08-04,73-5,73,C,leaf,13.0,,angle_from_vertical,75,,deg,64,1737.2999999999993
5,2026-08-04,73-4,73,C,leaf,1.0,,angle_from_vertical,77,,deg,64,1737.2999999999993
5,2026-08-04,73-4,73,C,leaf,2.0,,angle_from_vertical,84,,deg,64,1737.2999999999993
5,2026-08-04,73-4,73,C,leaf,3.0,,angle_from_vertical,37,,deg,64,1737.2999999999993
5,2026-08-04,73-4,73,C,leaf,4.0,,angle_from_vertical,61,,deg,64,1737.2999999999993
5,2026-08-04,73-4,73,C,leaf,5.0,,angle_from_vertical,39,,deg,64,1737.2999999999993
5,2026-08-04,73-4,73,C,leaf,6.0,,angle_from_vertical,75,,deg,64,1737.2999999999993
5,2026-08-04,73-4,73,C,leaf,7.0,,angle_from_vertical,36,,deg,64,1737.2999999999993
5,2026-08-04,73-4,73,C,leaf,8.0,,angle_from_vertical,46,,deg,64,1737.2999999999993
5,2026-08-04,73-4,73,C,leaf,9.0,,angle_from_vertical,36,,deg,64,1737.2999999999993
5,2026-08-04,73-4,73,C,leaf,10.0,,angle_from_vertical,49,,deg,64,1737.2999999999993
5,2026-08-04,73-4,73,C,leaf,11.0,,angle_from_vertical,49,,deg,64,1737.2999999999993
5,2026-08-04,73-4,73,C,leaf,12.0,,angle_from_vertical,42,,deg,64,1737.2999999999993
5,2026-08-04,73-4,73,C,leaf,13.0,,angle_from_vertical,50,,deg,64,1737.2999999999993
5,2026-08-04,73-4,73,C,leaf,14.0,,angle_from_vertical,46,,deg,64,1737.2999999999993
5,2026-08-04,73-4,73,C,leaf,15.0,,angle_from_vertical,52,,deg,64,1737.2999999999993
5,2026-08-04,73-4,73,C,leaf,16.0,,angle_from_vertical,26,,deg,64,1737.2999999999993
6,2026-08-11,75-1,75,A,internode,1.0,,seg_length_cm,21.5,,cm,71,1947.9499999999994
6,2026-08-11,75-1,75,A,internode,1.0,,dia_sheath_mm,35.94,,mm,71,1947.9499999999994
6,2026-08-11,75-1,75,A,internode,1.0,,dia_perp_mm,29.42,,mm,71,1947.9499999999994
6,2026-08-11,75-1,75,A,internode,2.0,,seg_length_cm,6.5,,cm,71,1947.9499999999994
6,2026-08-11,75-1,75,A,internode,2.0,,dia_sheath_mm,34.63,,mm,71,1947.9499999999994
6,2026-08-11,75-1,75,A,internode,2.0,,dia_perp_mm,28.97,,mm,71,1947.9499999999994
6,2026-08-11,75-1,75,A,internode,3.0,,seg_length_cm,6.0,,cm,71,1947.9499999999994
6,2026-08-11,75-1,75,A,internode,3.0,,dia_sheath_mm,35.77,,mm,71,1947.9499999999994
6,2026-08-11,75-1,75,A,internode,3.0,,dia_perp_mm,28.54,,mm,71,1947.9499999999994
6,2026-08-11,75-1,75,A,internode,4.0,,seg_length_cm,4.0,,cm,71,1947.9499999999994
6,2026-08-11,75-1,75,A,internode,4.0,,dia_sheath_mm,33.28,,mm,71,1947.9499999999994
6,2026-08-11,75-1,75,A,internode,4.0,,dia_perp_mm,28.03,,mm,71,1947.9499999999994
6,2026-08-11,75-1,75,A,internode,5.0,,seg_length_cm,7.0,,cm,71,1947.9499999999994
6,2026-08-11,75-1,75,A,internode,5.0,,dia_sheath_mm,31.1,,mm,71,1947.9499999999994
6,2026-08-11,75-1,75,A,internode,5.0,,dia_perp_mm,27.07,,mm,71,1947.9499999999994
6,2026-08-11,75-1,75,A,internode,6.0,,seg_length_cm,3.5,,cm,71,1947.9499999999994
6,2026-08-11,75-1,75,A,internode,6.0,,dia_sheath_mm,30.11,,mm,71,1947.9499999999994
6,2026-08-11,75-1,75,A,internode,6.0,,dia_perp_mm,26.0,,mm,71,1947.9499999999994
6,2026-08-11,75-1,75,A,internode,7.0,,seg_length_cm,10.0,,cm,71,1947.9499999999994
6,2026-08-11,75-1,75,A,internode,7.0,,dia_sheath_mm,25.71,,mm,71,1947.9499999999994
6,2026-08-11,75-1,75,A,internode,7.0,,dia_perp_mm,21.51,,mm,71,1947.9499999999994
6,2026-08-11,75-1,75,A,internode,8.0,,seg_length_cm,5.0,,cm,71,1947.9499999999994
6,2026-08-11,75-1,75,A,internode,8.0,,dia_sheath_mm,22.2,,mm,71,1947.9499999999994
6,2026-08-11,75-1,75,A,internode,8.0,,dia_perp_mm,17.88,,mm,71,1947.9499999999994
6,2026-08-11,75-1,75,A,internode,9.0,,seg_length_cm,7.0,,cm,71,1947.9499999999994
6,2026-08-11,75-1,75,A,internode,9.0,,dia_sheath_mm,19.16,,mm,71,1947.9499999999994
6,2026-08-11,75-1,75,A,internode,9.0,,dia_perp_mm,14.1,,mm,71,1947.9499999999994
6,2026-08-11,75-2,75,A,internode,1.0,,seg_length_cm,38.0,,cm,71,1947.9499999999994
6,2026-08-11,75-2,75,A,internode,1.0,,dia_sheath_mm,36.69,,mm,71,1947.9499999999994
6,2026-08-11,75-2,75,A,internode,1.0,,dia_perp_mm,34.56,,mm,71,1947.9499999999994
6,2026-08-11,75-2,75,A,internode,2.0,,seg_length_cm,8.0,,cm,71,1947.9499999999994
6,2026-08-11,75-2,75,A,internode,2.0,,dia_sheath_mm,37.22,,mm,71,1947.9499999999994
6,2026-08-11,75-2,75,A,internode,2.0,,dia_perp_mm,35.35,,mm,71,1947.9499999999994
6,2026-08-11,75-2,75,A,internode,3.0,,seg_length_cm,7.5,,cm,71,1947.9499999999994
6,2026-08-11,75-2,75,A,internode,3.0,,dia_sheath_mm,36.25,,mm,71,1947.9499999999994
6,2026-08-11,75-2,75,A,internode,3.0,,dia_perp_mm,32.55,,mm,71,1947.9499999999994
6,2026-08-11,75-2,75,A,internode,4.0,,seg_length_cm,4.0,,cm,71,1947.9499999999994
6,2026-08-11,75-2,75,A,internode,4.0,,dia_sheath_mm,35.92,,mm,71,1947.9499999999994
6,2026-08-11,75-2,75,A,internode,4.0,,dia_perp_mm,30.4,,mm,71,1947.9499999999994
6,2026-08-11,75-2,75,A,internode,5.0,,seg_length_cm,7.0,,cm,71,1947.9499999999994
6,2026-08-11,75-2,75,A,internode,5.0,,dia_sheath_mm,36.0,,mm,71,1947.9499999999994
6,2026-08-11,75-2,75,A,internode,5.0,,dia_perp_mm,27.97,,mm,71,1947.9499999999994
6,2026-08-11,75-2,75,A,internode,6.0,,seg_length_cm,3.0,,cm,71,1947.9499999999994
6,2026-08-11,75-2,75,A,internode,6.0,,dia_sheath_mm,32.83,,mm,71,1947.9499999999994
6,2026-08-11,75-2,75,A,internode,6.0,,dia_perp_mm,23.92,,mm,71,1947.9499999999994
6,2026-08-11,75-2,75,A,internode,7.0,,seg_length_cm,8.0,,cm,71,1947.9499999999994
6,2026-08-11,75-2,75,A,internode,7.0,,dia_sheath_mm,26.21,,mm,71,1947.9499999999994
6,2026-08-11,75-2,75,A,internode,7.0,,dia_perp_mm,20.78,,mm,71,1947.9499999999994
6,2026-08-11,75-3,75,A,internode,1.0,,seg_length_cm,47.0,,cm,71,1947.9499999999994
6,2026-08-11,75-3,75,A,internode,1.0,,dia_sheath_mm,39.1,,mm,71,1947.9499999999994
6,2026-08-11,75-3,75,A,internode,1.0,,dia_perp_mm,34.81,,mm,71,1947.9499999999994
6,2026-08-11,75-3,75,A,internode,2.0,,seg_length_cm,9.5,,cm,71,1947.9499999999994
6,2026-08-11,75-3,75,A,internode,2.0,,dia_sheath_mm,38.55,,mm,71,1947.9499999999994
6,2026-08-11,75-3,75,A,internode,2.0,,dia_perp_mm,34.15,,mm,71,1947.9499999999994
6,2026-08-11,75-3,75,A,internode,3.0,,seg_length_cm,6.5,,cm,71,1947.9499999999994
6,2026-08-11,75-3,75,A,internode,3.0,,dia_sheath_mm,36.11,,mm,71,1947.9499999999994
6,2026-08-11,75-3,75,A,internode,3.0,,dia_perp_mm,31.65,,mm,71,1947.9499999999994
6,2026-08-11,75-3,75,A,internode,4.0,,seg_length_cm,2.5,,cm,71,1947.9499999999994
6,2026-08-11,75-3,75,A,internode,4.0,,dia_sheath_mm,38.58,,mm,71,1947.9499999999994
6,2026-08-11,75-3,75,A,internode,4.0,,dia_perp_mm,29.22,,mm,71,1947.9499999999994
6,2026-08-11,75-3,75,A,internode,5.0,,seg_length_cm,3.0,,cm,71,1947.9499999999994
6,2026-08-11,75-3,75,A,internode,5.0,,dia_sheath_mm,35.59,,mm,71,1947.9499999999994
6,2026-08-11,75-3,75,A,internode,5.0,,dia_perp_mm,26.12,,mm,71,1947.9499999999994
6,2026-08-11,75-3,75,A,internode,6.0,,seg_length_cm,5.0,,cm,71,1947.9499999999994
6,2026-08-11,75-3,75,A,internode,6.0,,dia_sheath_mm,32.6,,mm,71,1947.9499999999994
6,2026-08-11,75-3,75,A,internode,6.0,,dia_perp_mm,27.41,,mm,71,1947.9499999999994
6,2026-08-11,75-3,75,A,internode,7.0,,seg_length_cm,6.0,,cm,71,1947.9499999999994
6,2026-08-11,75-3,75,A,internode,7.0,,dia_sheath_mm,28.09,,mm,71,1947.9499999999994
6,2026-08-11,75-3,75,A,internode,7.0,,dia_perp_mm,21.93,,mm,71,1947.9499999999994
6,2026-08-11,75-3,75,A,internode,8.0,,seg_length_cm,6.0,,cm,71,1947.9499999999994
6,2026-08-11,75-3,75,A,internode,8.0,,dia_sheath_mm,20.01,,mm,71,1947.9499999999994
6,2026-08-11,75-3,75,A,internode,8.0,,dia_perp_mm,19.55,,mm,71,1947.9499999999994
6,2026-08-11,75-4,75,A,internode,1.0,,seg_length_cm,33.0,,cm,71,1947.9499999999994
6,2026-08-11,75-4,75,A,internode,1.0,,dia_sheath_mm,32.11,,mm,71,1947.9499999999994
6,2026-08-11,75-4,75,A,internode,1.0,,dia_perp_mm,28.93,,mm,71,1947.9499999999994
6,2026-08-11,75-4,75,A,internode,2.0,,seg_length_cm,11.0,,cm,71,1947.9499999999994
6,2026-08-11,75-4,75,A,internode,2.0,,dia_sheath_mm,34.78,,mm,71,1947.9499999999994
6,2026-08-11,75-4,75,A,internode,2.0,,dia_perp_mm,32.07,,mm,71,1947.9499999999994
6,2026-08-11,75-4,75,A,internode,3.0,,seg_length_cm,10.5,,cm,71,1947.9499999999994
6,2026-08-11,75-4,75,A,internode,3.0,,dia_sheath_mm,40.97,,mm,71,1947.9499999999994
6,2026-08-11,75-4,75,A,internode,3.0,,dia_perp_mm,32.89,,mm,71,1947.9499999999994
6,2026-08-11,75-4,75,A,internode,4.0,,seg_length_cm,9.5,,cm,71,1947.9499999999994
6,2026-08-11,75-4,75,A,internode,4.0,,dia_sheath_mm,39.38,,mm,71,1947.9499999999994
6,2026-08-11,75-4,75,A,internode,4.0,,dia_perp_mm,32.9,,mm,71,1947.9499999999994
6,2026-08-11,75-4,75,A,internode,5.0,,seg_length_cm,8.0,,cm,71,1947.9499999999994
6,2026-08-11,75-4,75,A,internode,5.0,,dia_sheath_mm,35.06,,mm,71,1947.9499999999994
6,2026-08-11,75-4,75,A,internode,5.0,,dia_perp_mm,29.95,,mm,71,1947.9499999999994
6,2026-08-11,75-4,75,A,internode,6.0,,seg_length_cm,3.0,,cm,71,1947.9499999999994
6,2026-08-11,75-4,75,A,internode,6.0,,dia_sheath_mm,31.7,,mm,71,1947.9499999999994
6,2026-08-11,75-4,75,A,internode,6.0,,dia_perp_mm,25.3,,mm,71,1947.9499999999994
6,2026-08-11,75-4,75,A,internode,7.0,,seg_length_cm,4.5,,cm,71,1947.9499999999994
6,2026-08-11,75-4,75,A,internode,7.0,,dia_sheath_mm,36.85,,mm,71,1947.9499999999994
6,2026-08-11,75-4,75,A,internode,7.0,,dia_perp_mm,21.06,,mm,71,1947.9499999999994
6,2026-08-11,75-5,75,A,internode,1.0,,seg_length_cm,45.0,,cm,71,1947.9499999999994
6,2026-08-11,75-5,75,A,internode,1.0,,dia_sheath_mm,40.41,,mm,71,1947.9499999999994
6,2026-08-11,75-5,75,A,internode,1.0,,dia_perp_mm,36.76,,mm,71,1947.9499999999994
6,2026-08-11,75-5,75,A,internode,2.0,,seg_length_cm,5.0,,cm,71,1947.9499999999994
6,2026-08-11,75-5,75,A,internode,2.0,,dia_sheath_mm,42.21,,mm,71,1947.9499999999994
6,2026-08-11,75-5,75,A,internode,2.0,,dia_perp_mm,34.48,,mm,71,1947.9499999999994
6,2026-08-11,75-5,75,A,internode,3.0,,seg_length_cm,4.0,,cm,71,1947.9499999999994
6,2026-08-11,75-5,75,A,internode,3.0,,dia_sheath_mm,41.64,,mm,71,1947.9499999999994
6,2026-08-11,75-5,75,A,internode,3.0,,dia_perp_mm,32.24,,mm,71,1947.9499999999994
6,2026-08-11,75-5,75,A,internode,4.0,,seg_length_cm,3.5,,cm,71,1947.9499999999994
6,2026-08-11,75-5,75,A,internode,4.0,,dia_sheath_mm,36.65,,mm,71,1947.9499999999994
6,2026-08-11,75-5,75,A,internode,4.0,,dia_perp_mm,29.94,,mm,71,1947.9499999999994
6,2026-08-11,75-5,75,A,internode,5.0,,seg_length_cm,5.5,,cm,71,1947.9499999999994
6,2026-08-11,75-5,75,A,internode,5.0,,dia_sheath_mm,36.26,,mm,71,1947.9499999999994
6,2026-08-11,75-5,75,A,internode,5.0,,dia_perp_mm,25.65,,mm,71,1947.9499999999994
6,2026-08-11,75-5,75,A,internode,6.0,,seg_length_cm,3.5,,cm,71,1947.9499999999994
6,2026-08-11,75-5,75,A,internode,6.0,,dia_sheath_mm,30.79,,mm,71,1947.9499999999994
6,2026-08-11,75-5,75,A,internode,6.0,,dia_perp_mm,23.9,,mm,71,1947.9499999999994
6,2026-08-11,75-5,75,A,internode,7.0,,seg_length_cm,5.0,,cm,71,1947.9499999999994
6,2026-08-11,75-5,75,A,internode,7.0,,dia_sheath_mm,27.63,,mm,71,1947.9499999999994
6,2026-08-11,75-5,75,A,internode,7.0,,dia_perp_mm,19.17,,mm,71,1947.9499999999994
6,2026-08-11,75-5,75,A,internode,8.0,,seg_length_cm,4.5,,cm,71,1947.9499999999994
6,2026-08-11,75-5,75,A,internode,8.0,,dia_sheath_mm,22.72,,mm,71,1947.9499999999994
6,2026-08-11,75-5,75,A,internode,8.0,,dia_perp_mm,16.05,,mm,71,1947.9499999999994
6,2026-08-11,74-1,74,B,internode,1.0,,seg_length_cm,39.0,,cm,71,1947.9499999999994
6,2026-08-11,74-1,74,B,internode,1.0,,dia_sheath_mm,20.84,,mm,71,1947.9499999999994
6,2026-08-11,74-1,74,B,internode,1.0,,dia_perp_mm,19.92,,mm,71,1947.9499999999994
6,2026-08-11,74-1,74,B,internode,2.0,,seg_length_cm,17.0,,cm,71,1947.9499999999994
6,2026-08-11,74-1,74,B,internode,2.0,,dia_sheath_mm,21.58,,mm,71,1947.9499999999994
6,2026-08-11,74-1,74,B,internode,2.0,,dia_perp_mm,20.93,,mm,71,1947.9499999999994
6,2026-08-11,74-1,74,B,internode,3.0,,seg_length_cm,18.5,,cm,71,1947.9499999999994
6,2026-08-11,74-1,74,B,internode,3.0,,dia_sheath_mm,20.96,,mm,71,1947.9499999999994
6,2026-08-11,74-1,74,B,internode,3.0,,dia_perp_mm,20.47,,mm,71,1947.9499999999994
6,2026-08-11,74-1,74,B,internode,4.0,,seg_length_cm,23.0,,cm,71,1947.9499999999994
6,2026-08-11,74-1,74,B,internode,4.0,,dia_sheath_mm,20.36,,mm,71,1947.9499999999994
6,2026-08-11,74-1,74,B,internode,4.0,,dia_perp_mm,20.13,,mm,71,1947.9499999999994
6,2026-08-11,74-1,74,B,internode,5.0,,seg_length_cm,14.0,,cm,71,1947.9499999999994
6,2026-08-11,74-1,74,B,internode,5.0,,dia_sheath_mm,21.92,,mm,71,1947.9499999999994
6,2026-08-11,74-1,74,B,internode,5.0,,dia_perp_mm,20.89,,mm,71,1947.9499999999994
6,2026-08-11,74-1,74,B,internode,6.0,,seg_length_cm,14.0,,cm,71,1947.9499999999994
6,2026-08-11,74-1,74,B,internode,6.0,,dia_sheath_mm,19.47,,mm,71,1947.9499999999994
6,2026-08-11,74-1,74,B,internode,6.0,,dia_perp_mm,19.5,,mm,71,1947.9499999999994
6,2026-08-11,74-1,74,B,internode,7.0,,seg_length_cm,14.0,,cm,71,1947.9499999999994
6,2026-08-11,74-1,74,B,internode,7.0,,dia_sheath_mm,17.67,,mm,71,1947.9499999999994
6,2026-08-11,74-1,74,B,internode,7.0,,dia_perp_mm,16.75,,mm,71,1947.9499999999994
6,2026-08-11,74-1,74,B,internode,8.0,,seg_length_cm,11.5,,cm,71,1947.9499999999994
6,2026-08-11,74-1,74,B,internode,8.0,,dia_sheath_mm,18.44,,mm,71,1947.9499999999994
6,2026-08-11,74-1,74,B,internode,8.0,,dia_perp_mm,17.31,,mm,71,1947.9499999999994
6,2026-08-11,74-1,74,B,internode,9.0,,seg_length_cm,12.0,,cm,71,1947.9499999999994
6,2026-08-11,74-1,74,B,internode,9.0,,dia_sheath_mm,16.66,,mm,71,1947.9499999999994
6,2026-08-11,74-1,74,B,internode,9.0,,dia_perp_mm,16.02,,mm,71,1947.9499999999994
6,2026-08-11,74-1,74,B,internode,10.0,,seg_length_cm,10.5,,cm,71,1947.9499999999994
6,2026-08-11,74-1,74,B,internode,10.0,,dia_sheath_mm,16.16,,mm,71,1947.9499999999994
6,2026-08-11,74-1,74,B,internode,10.0,,dia_perp_mm,13.83,,mm,71,1947.9499999999994
6,2026-08-11,74-1,74,B,internode,11.0,,seg_length_cm,7.0,,cm,71,1947.9499999999994
6,2026-08-11,74-1,74,B,internode,11.0,,dia_sheath_mm,13.25,,mm,71,1947.9499999999994
6,2026-08-11,74-1,74,B,internode,11.0,,dia_perp_mm,12.58,,mm,71,1947.9499999999994
6,2026-08-11,74-1,74,B,internode,12.0,,seg_length_cm,5.0,,cm,71,1947.9499999999994
6,2026-08-11,74-1,74,B,internode,12.0,,dia_sheath_mm,10.04,,mm,71,1947.9499999999994
6,2026-08-11,74-1,74,B,internode,12.0,,dia_perp_mm,10.32,,mm,71,1947.9499999999994
6,2026-08-11,74-1,74,B,internode,13.0,,seg_length_cm,17.5,,cm,71,1947.9499999999994
6,2026-08-11,74-1,74,B,internode,13.0,,dia_sheath_mm,5.77,,mm,71,1947.9499999999994
6,2026-08-11,74-1,74,B,internode,13.0,,dia_perp_mm,6.28,,mm,71,1947.9499999999994
6,2026-08-11,74-2,74,B,internode,1.0,,seg_length_cm,33.0,,cm,71,1947.9499999999994
6,2026-08-11,74-2,74,B,internode,1.0,,dia_sheath_mm,24.48,,mm,71,1947.9499999999994
6,2026-08-11,74-2,74,B,internode,1.0,,dia_perp_mm,22.16,,mm,71,1947.9499999999994
6,2026-08-11,74-2,74,B,internode,2.0,,seg_length_cm,16.5,,cm,71,1947.9499999999994
6,2026-08-11,74-2,74,B,internode,2.0,,dia_sheath_mm,19.76,,mm,71,1947.9499999999994
6,2026-08-11,74-2,74,B,internode,2.0,,dia_perp_mm,17.97,,mm,71,1947.9499999999994
6,2026-08-11,74-2,74,B,internode,3.0,,seg_length_cm,18.5,,cm,71,1947.9499999999994
6,2026-08-11,74-2,74,B,internode,3.0,,dia_sheath_mm,19.72,,mm,71,1947.9499999999994
6,2026-08-11,74-2,74,B,internode,3.0,,dia_perp_mm,17.74,,mm,71,1947.9499999999994
6,2026-08-11,74-2,74,B,internode,4.0,,seg_length_cm,21.0,,cm,71,1947.9499999999994
6,2026-08-11,74-2,74,B,internode,4.0,,dia_sheath_mm,19.31,,mm,71,1947.9499999999994
6,2026-08-11,74-2,74,B,internode,4.0,,dia_perp_mm,16.62,,mm,71,1947.9499999999994
6,2026-08-11,74-2,74,B,internode,5.0,,seg_length_cm,16.0,,cm,71,1947.9499999999994
6,2026-08-11,74-2,74,B,internode,5.0,,dia_sheath_mm,18.33,,mm,71,1947.9499999999994
6,2026-08-11,74-2,74,B,internode,5.0,,dia_perp_mm,16.98,,mm,71,1947.9499999999994
6,2026-08-11,74-2,74,B,internode,6.0,,seg_length_cm,14.5,,cm,71,1947.9499999999994
6,2026-08-11,74-2,74,B,internode,6.0,,dia_sheath_mm,18.03,,mm,71,1947.9499999999994
6,2026-08-11,74-2,74,B,internode,6.0,,dia_perp_mm,15.09,,mm,71,1947.9499999999994
6,2026-08-11,74-2,74,B,internode,7.0,,seg_length_cm,14.5,,cm,71,1947.9499999999994
6,2026-08-11,74-2,74,B,internode,7.0,,dia_sheath_mm,16.96,,mm,71,1947.9499999999994
6,2026-08-11,74-2,74,B,internode,7.0,,dia_perp_mm,15.32,,mm,71,1947.9499999999994
6,2026-08-11,74-2,74,B,internode,8.0,,seg_length_cm,12.5,,cm,71,1947.9499999999994
6,2026-08-11,74-2,74,B,internode,8.0,,dia_sheath_mm,16.5,,mm,71,1947.9499999999994
6,2026-08-11,74-2,74,B,internode,8.0,,dia_perp_mm,15.27,,mm,71,1947.9499999999994
6,2026-08-11,74-2,74,B,internode,9.0,,seg_length_cm,14.0,,cm,71,1947.9499999999994
6,2026-08-11,74-2,74,B,internode,9.0,,dia_sheath_mm,15.8,,mm,71,1947.9499999999994
6,2026-08-11,74-2,74,B,internode,9.0,,dia_perp_mm,15.42,,mm,71,1947.9499999999994
6,2026-08-11,74-2,74,B,internode,10.0,,seg_length_cm,8.5,,cm,71,1947.9499999999994
6,2026-08-11,74-2,74,B,internode,10.0,,dia_sheath_mm,14.71,,mm,71,1947.9499999999994
6,2026-08-11,74-2,74,B,internode,10.0,,dia_perp_mm,14.2,,mm,71,1947.9499999999994
6,2026-08-11,74-2,74,B,internode,11.0,,seg_length_cm,8.0,,cm,71,1947.9499999999994
6,2026-08-11,74-2,74,B,internode,11.0,,dia_sheath_mm,12.68,,mm,71,1947.9499999999994
6,2026-08-11,74-2,74,B,internode,11.0,,dia_perp_mm,12.01,,mm,71,1947.9499999999994
6,2026-08-11,74-2,74,B,internode,12.0,,seg_length_cm,4.5,,cm,71,1947.9499999999994
6,2026-08-11,74-2,74,B,internode,12.0,,dia_sheath_mm,9.5,,mm,71,1947.9499999999994
6,2026-08-11,74-2,74,B,internode,12.0,,dia_perp_mm,8.21,,mm,71,1947.9499999999994
6,2026-08-11,74-2,74,B,internode,13.0,,seg_length_cm,11.0,,cm,71,1947.9499999999994
6,2026-08-11,74-2,74,B,internode,13.0,,dia_sheath_mm,4.9,,mm,71,1947.9499999999994
6,2026-08-11,74-2,74,B,internode,13.0,,dia_perp_mm,5.43,,mm,71,1947.9499999999994
6,2026-08-11,74-3,74,B,internode,1.0,,seg_length_cm,22.0,,cm,71,1947.9499999999994
6,2026-08-11,74-3,74,B,internode,1.0,,dia_sheath_mm,17.92,,mm,71,1947.9499999999994
6,2026-08-11,74-3,74,B,internode,1.0,,dia_perp_mm,19.31,,mm,71,1947.9499999999994
6,2026-08-11,74-3,74,B,internode,2.0,,seg_length_cm,9.0,,cm,71,1947.9499999999994
6,2026-08-11,74-3,74,B,internode,2.0,,dia_sheath_mm,15.38,,mm,71,1947.9499999999994
6,2026-08-11,74-3,74,B,internode,2.0,,dia_perp_mm,14.59,,mm,71,1947.9499999999994
6,2026-08-11,74-3,74,B,internode,3.0,,seg_length_cm,23.0,,cm,71,1947.9499999999994
6,2026-08-11,74-3,74,B,internode,3.0,,dia_sheath_mm,14.89,,mm,71,1947.9499999999994
6,2026-08-11,74-3,74,B,internode,3.0,,dia_perp_mm,13.84,,mm,71,1947.9499999999994
6,2026-08-11,74-3,74,B,internode,4.0,,seg_length_cm,20.0,,cm,71,1947.9499999999994
6,2026-08-11,74-3,74,B,internode,4.0,,dia_sheath_mm,14.62,,mm,71,1947.9499999999994
6,2026-08-11,74-3,74,B,internode,4.0,,dia_perp_mm,14.1,,mm,71,1947.9499999999994
6,2026-08-11,74-3,74,B,internode,5.0,,seg_length_cm,26.0,,cm,71,1947.9499999999994
6,2026-08-11,74-3,74,B,internode,5.0,,dia_sheath_mm,13.62,,mm,71,1947.9499999999994
6,2026-08-11,74-3,74,B,internode,5.0,,dia_perp_mm,12.13,,mm,71,1947.9499999999994
6,2026-08-11,74-3,74,B,internode,6.0,,seg_length_cm,10.0,,cm,71,1947.9499999999994
6,2026-08-11,74-3,74,B,internode,6.0,,dia_sheath_mm,12.55,,mm,71,1947.9499999999994
6,2026-08-11,74-3,74,B,internode,6.0,,dia_perp_mm,12.59,,mm,71,1947.9499999999994
6,2026-08-11,74-3,74,B,internode,7.0,,seg_length_cm,20.0,,cm,71,1947.9499999999994
6,2026-08-11,74-3,74,B,internode,7.0,,dia_sheath_mm,11.46,,mm,71,1947.9499999999994
6,2026-08-11,74-3,74,B,internode,7.0,,dia_perp_mm,11.29,,mm,71,1947.9499999999994
6,2026-08-11,74-3,74,B,internode,8.0,,seg_length_cm,4.5,,cm,71,1947.9499999999994
6,2026-08-11,74-3,74,B,internode,8.0,,dia_sheath_mm,11.01,,mm,71,1947.9499999999994
6,2026-08-11,74-3,74,B,internode,8.0,,dia_perp_mm,10.96,,mm,71,1947.9499999999994
6,2026-08-11,74-3,74,B,internode,9.0,,seg_length_cm,3.5,,cm,71,1947.9499999999994
6,2026-08-11,74-3,74,B,internode,9.0,,dia_sheath_mm,8.51,,mm,71,1947.9499999999994
6,2026-08-11,74-3,74,B,internode,9.0,,dia_perp_mm,7.58,,mm,71,1947.9499999999994
6,2026-08-11,74-3,74,B,internode,10.0,,seg_length_cm,5.5,,cm,71,1947.9499999999994
6,2026-08-11,74-3,74,B,internode,10.0,,dia_sheath_mm,6.4,,mm,71,1947.9499999999994
6,2026-08-11,74-3,74,B,internode,10.0,,dia_perp_mm,5.78,,mm,71,1947.9499999999994
6,2026-08-11,74-4,74,B,internode,1.0,,seg_length_cm,31.0,,cm,71,1947.9499999999994
6,2026-08-11,74-4,74,B,internode,1.0,,dia_sheath_mm,26.83,,mm,71,1947.9499999999994
6,2026-08-11,74-4,74,B,internode,1.0,,dia_perp_mm,26.05,,mm,71,1947.9499999999994
6,2026-08-11,74-4,74,B,internode,2.0,,seg_length_cm,13.0,,cm,71,1947.9499999999994
6,2026-08-11,74-4,74,B,internode,2.0,,dia_sheath_mm,22.52,,mm,71,1947.9499999999994
6,2026-08-11,74-4,74,B,internode,2.0,,dia_perp_mm,22.09,,mm,71,1947.9499999999994
6,2026-08-11,74-4,74,B,internode,3.0,,seg_length_cm,16.0,,cm,71,1947.9499999999994
6,2026-08-11,74-4,74,B,internode,3.0,,dia_sheath_mm,23.83,,mm,71,1947.9499999999994
6,2026-08-11,74-4,74,B,internode,3.0,,dia_perp_mm,22.6,,mm,71,1947.9499999999994
6,2026-08-11,74-4,74,B,internode,4.0,,seg_length_cm,20.5,,cm,71,1947.9499999999994
6,2026-08-11,74-4,74,B,internode,4.0,,dia_sheath_mm,23.09,,mm,71,1947.9499999999994
6,2026-08-11,74-4,74,B,internode,4.0,,dia_perp_mm,21.76,,mm,71,1947.9499999999994
6,2026-08-11,74-4,74,B,internode,5.0,,seg_length_cm,19.0,,cm,71,1947.9499999999994
6,2026-08-11,74-4,74,B,internode,5.0,,dia_sheath_mm,24.2,,mm,71,1947.9499999999994
6,2026-08-11,74-4,74,B,internode,5.0,,dia_perp_mm,22.38,,mm,71,1947.9499999999994
6,2026-08-11,74-4,74,B,internode,6.0,,seg_length_cm,14.0,,cm,71,1947.9499999999994
6,2026-08-11,74-4,74,B,internode,6.0,,dia_sheath_mm,20.81,,mm,71,1947.9499999999994
6,2026-08-11,74-4,74,B,internode,6.0,,dia_perp_mm,19.71,,mm,71,1947.9499999999994
6,2026-08-11,74-4,74,B,internode,7.0,,seg_length_cm,16.5,,cm,71,1947.9499999999994
6,2026-08-11,74-4,74,B,internode,7.0,,dia_sheath_mm,19.1,,mm,71,1947.9499999999994
6,2026-08-11,74-4,74,B,internode,7.0,,dia_perp_mm,18.74,,mm,71,1947.9499999999994
6,2026-08-11,74-4,74,B,internode,8.0,,seg_length_cm,13.0,,cm,71,1947.9499999999994
6,2026-08-11,74-4,74,B,internode,8.0,,dia_sheath_mm,18.53,,mm,71,1947.9499999999994
6,2026-08-11,74-4,74,B,internode,8.0,,dia_perp_mm,18.22,,mm,71,1947.9499999999994
6,2026-08-11,74-4,74,B,internode,9.0,,seg_length_cm,11.0,,cm,71,1947.9499999999994
6,2026-08-11,74-4,74,B,internode,9.0,,dia_sheath_mm,17.65,,mm,71,1947.9499999999994
6,2026-08-11,74-4,74,B,internode,9.0,,dia_perp_mm,17.07,,mm,71,1947.9499999999994
6,2026-08-11,74-4,74,B,internode,10.0,,seg_length_cm,11.5,,cm,71,1947.9499999999994
6,2026-08-11,74-4,74,B,internode,10.0,,dia_sheath_mm,16.26,,mm,71,1947.9499999999994
6,2026-08-11,74-4,74,B,internode,10.0,,dia_perp_mm,16.35,,mm,71,1947.9499999999994
6,2026-08-11,74-4,74,B,internode,11.0,,seg_length_cm,9.0,,cm,71,1947.9499999999994
6,2026-08-11,74-4,74,B,internode,11.0,,dia_sheath_mm,14.9,,mm,71,1947.9499999999994
6,2026-08-11,74-4,74,B,internode,11.0,,dia_perp_mm,14.94,,mm,71,1947.9499999999994
6,2026-08-11,74-4,74,B,internode,12.0,,seg_length_cm,4.0,,cm,71,1947.9499999999994
6,2026-08-11,74-4,74,B,internode,12.0,,dia_sheath_mm,12.55,,mm,71,1947.9499999999994
6,2026-08-11,74-4,74,B,internode,12.0,,dia_perp_mm,12.04,,mm,71,1947.9499999999994
6,2026-08-11,74-4,74,B,internode,13.0,,seg_length_cm,3.5,,cm,71,1947.9499999999994
6,2026-08-11,74-4,74,B,internode,13.0,,dia_sheath_mm,10.73,,mm,71,1947.9499999999994
6,2026-08-11,74-4,74,B,internode,13.0,,dia_perp_mm,9.91,,mm,71,1947.9499999999994
6,2026-08-11,74-4,74,B,internode,14.0,,seg_length_cm,2.0,,cm,71,1947.9499999999994
6,2026-08-11,74-4,74,B,internode,14.0,,dia_sheath_mm,7.09,,mm,71,1947.9499999999994
6,2026-08-11,74-4,74,B,internode,14.0,,dia_perp_mm,6.52,,mm,71,1947.9499999999994
6,2026-08-11,74-5,74,B,internode,1.0,,seg_length_cm,20.5,,cm,71,1947.9499999999994
6,2026-08-11,74-5,74,B,internode,1.0,,dia_sheath_mm,21.84,,mm,71,1947.9499999999994
6,2026-08-11,74-5,74,B,internode,1.0,,dia_perp_mm,20.39,,mm,71,1947.9499999999994
6,2026-08-11,74-5,74,B,internode,2.0,,seg_length_cm,9.0,,cm,71,1947.9499999999994
6,2026-08-11,74-5,74,B,internode,2.0,,dia_sheath_mm,23.13,,mm,71,1947.9499999999994
6,2026-08-11,74-5,74,B,internode,2.0,,dia_perp_mm,19.58,,mm,71,1947.9499999999994
6,2026-08-11,74-5,74,B,internode,3.0,,seg_length_cm,15.5,,cm,71,1947.9499999999994
6,2026-08-11,74-5,74,B,internode,3.0,,dia_sheath_mm,20.86,,mm,71,1947.9499999999994
6,2026-08-11,74-5,74,B,internode,3.0,,dia_perp_mm,19.74,,mm,71,1947.9499999999994
6,2026-08-11,74-5,74,B,internode,4.0,,seg_length_cm,23.0,,cm,71,1947.9499999999994
6,2026-08-11,74-5,74,B,internode,4.0,,dia_sheath_mm,20.82,,mm,71,1947.9499999999994
6,2026-08-11,74-5,74,B,internode,4.0,,dia_perp_mm,19.85,,mm,71,1947.9499999999994
6,2026-08-11,74-5,74,B,internode,5.0,,seg_length_cm,25.0,,cm,71,1947.9499999999994
6,2026-08-11,74-5,74,B,internode,5.0,,dia_sheath_mm,23.95,,mm,71,1947.9499999999994
6,2026-08-11,74-5,74,B,internode,5.0,,dia_perp_mm,22.54,,mm,71,1947.9499999999994
6,2026-08-11,74-5,74,B,internode,6.0,,seg_length_cm,15.0,,cm,71,1947.9499999999994
6,2026-08-11,74-5,74,B,internode,6.0,,dia_sheath_mm,23.13,,mm,71,1947.9499999999994
6,2026-08-11,74-5,74,B,internode,6.0,,dia_perp_mm,20.6,,mm,71,1947.9499999999994
6,2026-08-11,74-5,74,B,internode,7.0,,seg_length_cm,12.0,,cm,71,1947.9499999999994
6,2026-08-11,74-5,74,B,internode,7.0,,dia_sheath_mm,21.09,,mm,71,1947.9499999999994
6,2026-08-11,74-5,74,B,internode,7.0,,dia_perp_mm,20.1,,mm,71,1947.9499999999994
6,2026-08-11,74-5,74,B,internode,8.0,,seg_length_cm,15.5,,cm,71,1947.9499999999994
6,2026-08-11,74-5,74,B,internode,8.0,,dia_sheath_mm,19.56,,mm,71,1947.9499999999994
6,2026-08-11,74-5,74,B,internode,8.0,,dia_perp_mm,17.03,,mm,71,1947.9499999999994
6,2026-08-11,74-5,74,B,internode,9.0,,seg_length_cm,14.0,,cm,71,1947.9499999999994
6,2026-08-11,74-5,74,B,internode,9.0,,dia_sheath_mm,18.91,,mm,71,1947.9499999999994
6,2026-08-11,74-5,74,B,internode,9.0,,dia_perp_mm,18.43,,mm,71,1947.9499999999994
6,2026-08-11,74-5,74,B,internode,10.0,,seg_length_cm,11.0,,cm,71,1947.9499999999994
6,2026-08-11,74-5,74,B,internode,10.0,,dia_sheath_mm,17.18,,mm,71,1947.9499999999994
6,2026-08-11,74-5,74,B,internode,10.0,,dia_perp_mm,15.88,,mm,71,1947.9499999999994
6,2026-08-11,74-5,74,B,internode,11.0,,seg_length_cm,11.0,,cm,71,1947.9499999999994
6,2026-08-11,74-5,74,B,internode,11.0,,dia_sheath_mm,16.01,,mm,71,1947.9499999999994
6,2026-08-11,74-5,74,B,internode,11.0,,dia_perp_mm,13.07,,mm,71,1947.9499999999994
6,2026-08-11,74-5,74,B,internode,12.0,,seg_length_cm,5.0,,cm,71,1947.9499999999994
6,2026-08-11,74-5,74,B,internode,12.0,,dia_sheath_mm,13.62,,mm,71,1947.9499999999994
6,2026-08-11,74-5,74,B,internode,12.0,,dia_perp_mm,12.42,,mm,71,1947.9499999999994
6,2026-08-11,74-5,74,B,internode,13.0,,seg_length_cm,4.5,,cm,71,1947.9499999999994
6,2026-08-11,74-5,74,B,internode,13.0,,dia_sheath_mm,11.61,,mm,71,1947.9499999999994
6,2026-08-11,74-5,74,B,internode,13.0,,dia_perp_mm,9.83,,mm,71,1947.9499999999994
6,2026-08-11,74-5,74,B,internode,14.0,,seg_length_cm,2.0,,cm,71,1947.9499999999994
6,2026-08-11,74-5,74,B,internode,14.0,,dia_sheath_mm,7.97,,mm,71,1947.9499999999994
6,2026-08-11,74-5,74,B,internode,14.0,,dia_perp_mm,6.63,,mm,71,1947.9499999999994
6,2026-08-11,73-1,73,C,internode,1.0,,seg_length_cm,16.0,,cm,71,1947.9499999999994
6,2026-08-11,73-1,73,C,internode,1.0,,dia_sheath_mm,23.78,,mm,71,1947.9499999999994
6,2026-08-11,73-1,73,C,internode,1.0,,dia_perp_mm,20.46,,mm,71,1947.9499999999994
6,2026-08-11,73-1,73,C,internode,2.0,,seg_length_cm,5.0,,cm,71,1947.9499999999994
6,2026-08-11,73-1,73,C,internode,2.0,,dia_sheath_mm,20.16,,mm,71,1947.9499999999994
6,2026-08-11,73-1,73,C,internode,2.0,,dia_perp_mm,18.66,,mm,71,1947.9499999999994
6,2026-08-11,73-1,73,C,internode,3.0,,seg_length_cm,8.0,,cm,71,1947.9499999999994
6,2026-08-11,73-1,73,C,internode,3.0,,dia_sheath_mm,20.31,,mm,71,1947.9499999999994
6,2026-08-11,73-1,73,C,internode,3.0,,dia_perp_mm,20.23,,mm,71,1947.9499999999994
6,2026-08-11,73-1,73,C,internode,4.0,,seg_length_cm,9.0,,cm,71,1947.9499999999994
6,2026-08-11,73-1,73,C,internode,4.0,,dia_sheath_mm,19.32,,mm,71,1947.9499999999994
6,2026-08-11,73-1,73,C,internode,4.0,,dia_perp_mm,19.2,,mm,71,1947.9499999999994
6,2026-08-11,73-1,73,C,internode,5.0,,seg_length_cm,14.0,,cm,71,1947.9499999999994
6,2026-08-11,73-1,73,C,internode,5.0,,dia_sheath_mm,17.04,,mm,71,1947.9499999999994
6,2026-08-11,73-1,73,C,internode,5.0,,dia_perp_mm,16.76,,mm,71,1947.9499999999994
6,2026-08-11,73-1,73,C,internode,6.0,,seg_length_cm,17.5,,cm,71,1947.9499999999994
6,2026-08-11,73-1,73,C,internode,6.0,,dia_sheath_mm,17.04,,mm,71,1947.9499999999994
6,2026-08-11,73-1,73,C,internode,6.0,,dia_perp_mm,17.28,,mm,71,1947.9499999999994
6,2026-08-11,73-1,73,C,internode,7.0,,seg_length_cm,19.0,,cm,71,1947.9499999999994
6,2026-08-11,73-1,73,C,internode,7.0,,dia_sheath_mm,16.8,,mm,71,1947.9499999999994
6,2026-08-11,73-1,73,C,internode,7.0,,dia_perp_mm,16.16,,mm,71,1947.9499999999994
6,2026-08-11,73-1,73,C,internode,8.0,,seg_length_cm,19.0,,cm,71,1947.9499999999994
6,2026-08-11,73-1,73,C,internode,8.0,,dia_sheath_mm,16.21,,mm,71,1947.9499999999994
6,2026-08-11,73-1,73,C,internode,8.0,,dia_perp_mm,15.39,,mm,71,1947.9499999999994
6,2026-08-11,73-1,73,C,internode,9.0,,seg_length_cm,17.0,,cm,71,1947.9499999999994
6,2026-08-11,73-1,73,C,internode,9.0,,dia_sheath_mm,17.47,,mm,71,1947.9499999999994
6,2026-08-11,73-1,73,C,internode,9.0,,dia_perp_mm,15.92,,mm,71,1947.9499999999994
6,2026-08-11,73-1,73,C,internode,10.0,,seg_length_cm,14.5,,cm,71,1947.9499999999994
6,2026-08-11,73-1,73,C,internode,10.0,,dia_sheath_mm,15.09,,mm,71,1947.9499999999994
6,2026-08-11,73-1,73,C,internode,10.0,,dia_perp_mm,15.19,,mm,71,1947.9499999999994
6,2026-08-11,73-1,73,C,internode,11.0,,seg_length_cm,25.0,,cm,71,1947.9499999999994
6,2026-08-11,73-1,73,C,internode,11.0,,dia_sheath_mm,12.99,,mm,71,1947.9499999999994
6,2026-08-11,73-1,73,C,internode,11.0,,dia_perp_mm,14.07,,mm,71,1947.9499999999994
6,2026-08-11,73-1,73,C,internode,12.0,,seg_length_cm,2.0,,cm,71,1947.9499999999994
6,2026-08-11,73-1,73,C,internode,12.0,,dia_sheath_mm,10.6,,mm,71,1947.9499999999994
6,2026-08-11,73-1,73,C,internode,12.0,,dia_perp_mm,12.85,,mm,71,1947.9499999999994
6,2026-08-11,73-2,73,C,internode,1.0,,seg_length_cm,17.0,,cm,71,1947.9499999999994
6,2026-08-11,73-2,73,C,internode,1.0,,dia_sheath_mm,17.47,,mm,71,1947.9499999999994
6,2026-08-11,73-2,73,C,internode,1.0,,dia_perp_mm,17.35,,mm,71,1947.9499999999994
6,2026-08-11,73-2,73,C,internode,2.0,,seg_length_cm,19.5,,cm,71,1947.9499999999994
6,2026-08-11,73-2,73,C,internode,2.0,,dia_sheath_mm,18.36,,mm,71,1947.9499999999994
6,2026-08-11,73-2,73,C,internode,2.0,,dia_perp_mm,17.58,,mm,71,1947.9499999999994
6,2026-08-11,73-2,73,C,internode,3.0,,seg_length_cm,7.5,,cm,71,1947.9499999999994
6,2026-08-11,73-2,73,C,internode,3.0,,dia_sheath_mm,15.87,,mm,71,1947.9499999999994
6,2026-08-11,73-2,73,C,internode,3.0,,dia_perp_mm,14.91,,mm,71,1947.9499999999994
6,2026-08-11,73-2,73,C,internode,4.0,,seg_length_cm,10.0,,cm,71,1947.9499999999994
6,2026-08-11,73-2,73,C,internode,4.0,,dia_sheath_mm,16.15,,mm,71,1947.9499999999994
6,2026-08-11,73-2,73,C,internode,4.0,,dia_perp_mm,15.08,,mm,71,1947.9499999999994
6,2026-08-11,73-2,73,C,internode,5.0,,seg_length_cm,17.0,,cm,71,1947.9499999999994
6,2026-08-11,73-2,73,C,internode,5.0,,dia_sheath_mm,15.55,,mm,71,1947.9499999999994
6,2026-08-11,73-2,73,C,internode,5.0,,dia_perp_mm,14.93,,mm,71,1947.9499999999994
6,2026-08-11,73-2,73,C,internode,6.0,,seg_length_cm,19.0,,cm,71,1947.9499999999994
6,2026-08-11,73-2,73,C,internode,6.0,,dia_sheath_mm,14.12,,mm,71,1947.9499999999994
6,2026-08-11,73-2,73,C,internode,6.0,,dia_perp_mm,13.46,,mm,71,1947.9499999999994
6,2026-08-11,73-2,73,C,internode,7.0,,seg_length_cm,17.0,,cm,71,1947.9499999999994
6,2026-08-11,73-2,73,C,internode,7.0,,dia_sheath_mm,13.95,,mm,71,1947.9499999999994
6,2026-08-11,73-2,73,C,internode,7.0,,dia_perp_mm,13.4,,mm,71,1947.9499999999994
6,2026-08-11,73-2,73,C,internode,8.0,,seg_length_cm,18.0,,cm,71,1947.9499999999994
6,2026-08-11,73-2,73,C,internode,8.0,,dia_sheath_mm,14.98,,mm,71,1947.9499999999994
6,2026-08-11,73-2,73,C,internode,8.0,,dia_perp_mm,12.13,,mm,71,1947.9499999999994
6,2026-08-11,73-2,73,C,internode,9.0,,seg_length_cm,15.5,,cm,71,1947.9499999999994
6,2026-08-11,73-2,73,C,internode,9.0,,dia_sheath_mm,14.25,,mm,71,1947.9499999999994
6,2026-08-11,73-2,73,C,internode,9.0,,dia_perp_mm,13.57,,mm,71,1947.9499999999994
6,2026-08-11,73-2,73,C,internode,10.0,,seg_length_cm,11.5,,cm,71,1947.9499999999994
6,2026-08-11,73-2,73,C,internode,10.0,,dia_sheath_mm,15.19,,mm,71,1947.9499999999994
6,2026-08-11,73-2,73,C,internode,10.0,,dia_perp_mm,13.11,,mm,71,1947.9499999999994
6,2026-08-11,73-2,73,C,internode,11.0,,seg_length_cm,11.0,,cm,71,1947.9499999999994
6,2026-08-11,73-2,73,C,internode,11.0,,dia_sheath_mm,14.62,,mm,71,1947.9499999999994
6,2026-08-11,73-2,73,C,internode,11.0,,dia_perp_mm,12.87,,mm,71,1947.9499999999994
6,2026-08-11,73-2,73,C,internode,12.0,,seg_length_cm,9.0,,cm,71,1947.9499999999994
6,2026-08-11,73-2,73,C,internode,12.0,,dia_sheath_mm,16.57,,mm,71,1947.9499999999994
6,2026-08-11,73-2,73,C,internode,12.0,,dia_perp_mm,14.28,,mm,71,1947.9499999999994
6,2026-08-11,73-2,73,C,internode,13.0,,seg_length_cm,12.0,,cm,71,1947.9499999999994
6,2026-08-11,73-2,73,C,internode,13.0,,dia_sheath_mm,15.58,,mm,71,1947.9499999999994
6,2026-08-11,73-2,73,C,internode,13.0,,dia_perp_mm,13.7,,mm,71,1947.9499999999994
6,2026-08-11,73-2,73,C,internode,14.0,,seg_length_cm,11.0,,cm,71,1947.9499999999994
6,2026-08-11,73-2,73,C,internode,14.0,,dia_sheath_mm,14.55,,mm,71,1947.9499999999994
6,2026-08-11,73-2,73,C,internode,14.0,,dia_perp_mm,13.47,,mm,71,1947.9499999999994
6,2026-08-11,73-2,73,C,internode,15.0,,seg_length_cm,20.0,,cm,71,1947.9499999999994
6,2026-08-11,73-2,73,C,internode,15.0,,dia_sheath_mm,10.27,,mm,71,1947.9499999999994
6,2026-08-11,73-2,73,C,internode,15.0,,dia_perp_mm,10.72,,mm,71,1947.9499999999994
6,2026-08-11,73-2,73,C,internode,16.0,,seg_length_cm,1.0,,cm,71,1947.9499999999994
6,2026-08-11,73-2,73,C,internode,16.0,,dia_sheath_mm,8.89,,mm,71,1947.9499999999994
6,2026-08-11,73-2,73,C,internode,16.0,,dia_perp_mm,12.59,,mm,71,1947.9499999999994
6,2026-08-11,73-2,73,C,internode,17.0,,seg_length_cm,1.0,,cm,71,1947.9499999999994
6,2026-08-11,73-2,73,C,internode,17.0,,dia_sheath_mm,8.65,,mm,71,1947.9499999999994
6,2026-08-11,73-2,73,C,internode,17.0,,dia_perp_mm,9.83,,mm,71,1947.9499999999994
6,2026-08-11,73-3,73,C,internode,1.0,,seg_length_cm,15.0,,cm,71,1947.9499999999994
6,2026-08-11,73-3,73,C,internode,1.0,,dia_sheath_mm,23.99,,mm,71,1947.9499999999994
6,2026-08-11,73-3,73,C,internode,1.0,,dia_perp_mm,23.23,,mm,71,1947.9499999999994
6,2026-08-11,73-3,73,C,internode,2.0,,seg_length_cm,5.5,,cm,71,1947.9499999999994
6,2026-08-11,73-3,73,C,internode,2.0,,dia_sheath_mm,20.11,,mm,71,1947.9499999999994
6,2026-08-11,73-3,73,C,internode,2.0,,dia_perp_mm,21.08,,mm,71,1947.9499999999994
6,2026-08-11,73-3,73,C,internode,3.0,,seg_length_cm,6.0,,cm,71,1947.9499999999994
6,2026-08-11,73-3,73,C,internode,3.0,,dia_sheath_mm,19.02,,mm,71,1947.9499999999994
6,2026-08-11,73-3,73,C,internode,3.0,,dia_perp_mm,18.99,,mm,71,1947.9499999999994
6,2026-08-11,73-3,73,C,internode,4.0,,seg_length_cm,8.0,,cm,71,1947.9499999999994
6,2026-08-11,73-3,73,C,internode,4.0,,dia_sheath_mm,18.38,,mm,71,1947.9499999999994
6,2026-08-11,73-3,73,C,internode,4.0,,dia_perp_mm,19.86,,mm,71,1947.9499999999994
6,2026-08-11,73-3,73,C,internode,5.0,,seg_length_cm,13.0,,cm,71,1947.9499999999994
6,2026-08-11,73-3,73,C,internode,5.0,,dia_sheath_mm,18.01,,mm,71,1947.9499999999994
6,2026-08-11,73-3,73,C,internode,5.0,,dia_perp_mm,16.73,,mm,71,1947.9499999999994
6,2026-08-11,73-3,73,C,internode,6.0,,seg_length_cm,16.0,,cm,71,1947.9499999999994
6,2026-08-11,73-3,73,C,internode,6.0,,dia_sheath_mm,17.5,,mm,71,1947.9499999999994
6,2026-08-11,73-3,73,C,internode,6.0,,dia_perp_mm,18.11,,mm,71,1947.9499999999994
6,2026-08-11,73-3,73,C,internode,7.0,,seg_length_cm,15.0,,cm,71,1947.9499999999994
6,2026-08-11,73-3,73,C,internode,7.0,,dia_sheath_mm,18.68,,mm,71,1947.9499999999994
6,2026-08-11,73-3,73,C,internode,7.0,,dia_perp_mm,16.71,,mm,71,1947.9499999999994
6,2026-08-11,73-3,73,C,internode,8.0,,seg_length_cm,17.0,,cm,71,1947.9499999999994
6,2026-08-11,73-3,73,C,internode,8.0,,dia_sheath_mm,17.66,,mm,71,1947.9499999999994
6,2026-08-11,73-3,73,C,internode,8.0,,dia_perp_mm,16.91,,mm,71,1947.9499999999994
6,2026-08-11,73-3,73,C,internode,9.0,,seg_length_cm,17.0,,cm,71,1947.9499999999994
6,2026-08-11,73-3,73,C,internode,9.0,,dia_sheath_mm,19.91,,mm,71,1947.9499999999994
6,2026-08-11,73-3,73,C,internode,9.0,,dia_perp_mm,17.17,,mm,71,1947.9499999999994
6,2026-08-11,73-3,73,C,internode,10.0,,seg_length_cm,12.0,,cm,71,1947.9499999999994
6,2026-08-11,73-3,73,C,internode,10.0,,dia_sheath_mm,18.06,,mm,71,1947.9499999999994
6,2026-08-11,73-3,73,C,internode,10.0,,dia_perp_mm,17.99,,mm,71,1947.9499999999994
6,2026-08-11,73-3,73,C,internode,11.0,,seg_length_cm,14.0,,cm,71,1947.9499999999994
6,2026-08-11,73-3,73,C,internode,11.0,,dia_sheath_mm,16.48,,mm,71,1947.9499999999994
6,2026-08-11,73-3,73,C,internode,11.0,,dia_perp_mm,15.23,,mm,71,1947.9499999999994
6,2026-08-11,73-3,73,C,internode,12.0,,seg_length_cm,26.5,,cm,71,1947.9499999999994
6,2026-08-11,73-3,73,C,internode,12.0,,dia_sheath_mm,13.46,,mm,71,1947.9499999999994
6,2026-08-11,73-3,73,C,internode,12.0,,dia_perp_mm,13.98,,mm,71,1947.9499999999994
6,2026-08-11,73-3,73,C,internode,13.0,,seg_length_cm,3.0,,cm,71,1947.9499999999994
6,2026-08-11,73-3,73,C,internode,13.0,,dia_sheath_mm,12.86,,mm,71,1947.9499999999994
6,2026-08-11,73-3,73,C,internode,13.0,,dia_perp_mm,12.24,,mm,71,1947.9499999999994
6,2026-08-11,73-4,73,C,internode,1.0,,seg_length_cm,16.0,,cm,71,1947.9499999999994
6,2026-08-11,73-4,73,C,internode,1.0,,dia_sheath_mm,22.26,,mm,71,1947.9499999999994
6,2026-08-11,73-4,73,C,internode,1.0,,dia_perp_mm,18.44,,mm,71,1947.9499999999994
6,2026-08-11,73-4,73,C,internode,2.0,,seg_length_cm,6.5,,cm,71,1947.9499999999994
6,2026-08-11,73-4,73,C,internode,2.0,,dia_sheath_mm,20.9,,mm,71,1947.9499999999994
6,2026-08-11,73-4,73,C,internode,2.0,,dia_perp_mm,18.75,,mm,71,1947.9499999999994
6,2026-08-11,73-4,73,C,internode,3.0,,seg_length_cm,9.5,,cm,71,1947.9499999999994
6,2026-08-11,73-4,73,C,internode,3.0,,dia_sheath_mm,18.2,,mm,71,1947.9499999999994
6,2026-08-11,73-4,73,C,internode,3.0,,dia_perp_mm,17.75,,mm,71,1947.9499999999994
6,2026-08-11,73-4,73,C,internode,4.0,,seg_length_cm,16.0,,cm,71,1947.9499999999994
6,2026-08-11,73-4,73,C,internode,4.0,,dia_sheath_mm,19.29,,mm,71,1947.9499999999994
6,2026-08-11,73-4,73,C,internode,4.0,,dia_perp_mm,16.73,,mm,71,1947.9499999999994
6,2026-08-11,73-4,73,C,internode,5.0,,seg_length_cm,15.5,,cm,71,1947.9499999999994
6,2026-08-11,73-4,73,C,internode,5.0,,dia_sheath_mm,19.05,,mm,71,1947.9499999999994
6,2026-08-11,73-4,73,C,internode,5.0,,dia_perp_mm,17.4,,mm,71,1947.9499999999994
6,2026-08-11,73-4,73,C,internode,6.0,,seg_length_cm,19.0,,cm,71,1947.9499999999994
6,2026-08-11,73-4,73,C,internode,6.0,,dia_sheath_mm,18.7,,mm,71,1947.9499999999994
6,2026-08-11,73-4,73,C,internode,6.0,,dia_perp_mm,16.9,,mm,71,1947.9499999999994
6,2026-08-11,73-4,73,C,internode,7.0,,seg_length_cm,17.0,,cm,71,1947.9499999999994
6,2026-08-11,73-4,73,C,internode,7.0,,dia_sheath_mm,17.93,,mm,71,1947.9499999999994
6,2026-08-11,73-4,73,C,internode,7.0,,dia_perp_mm,16.76,,mm,71,1947.9499999999994
6,2026-08-11,73-4,73,C,internode,8.0,,seg_length_cm,15.0,,cm,71,1947.9499999999994
6,2026-08-11,73-4,73,C,internode,8.0,,dia_sheath_mm,18.01,,mm,71,1947.9499999999994
6,2026-08-11,73-4,73,C,internode,8.0,,dia_perp_mm,16.82,,mm,71,1947.9499999999994
6,2026-08-11,73-4,73,C,internode,9.0,,seg_length_cm,13.0,,cm,71,1947.9499999999994
6,2026-08-11,73-4,73,C,internode,9.0,,dia_sheath_mm,20.25,,mm,71,1947.9499999999994
6,2026-08-11,73-4,73,C,internode,9.0,,dia_perp_mm,20.48,,mm,71,1947.9499999999994
6,2026-08-11,73-4,73,C,internode,10.0,,seg_length_cm,12.0,,cm,71,1947.9499999999994
6,2026-08-11,73-4,73,C,internode,10.0,,dia_sheath_mm,17.43,,mm,71,1947.9499999999994
6,2026-08-11,73-4,73,C,internode,10.0,,dia_perp_mm,18.29,,mm,71,1947.9499999999994
6,2026-08-11,73-4,73,C,internode,11.0,,seg_length_cm,11.0,,cm,71,1947.9499999999994
6,2026-08-11,73-4,73,C,internode,11.0,,dia_sheath_mm,17.7,,mm,71,1947.9499999999994
6,2026-08-11,73-4,73,C,internode,11.0,,dia_perp_mm,15.76,,mm,71,1947.9499999999994
6,2026-08-11,73-4,73,C,internode,12.0,,seg_length_cm,12.0,,cm,71,1947.9499999999994
6,2026-08-11,73-4,73,C,internode,12.0,,dia_sheath_mm,19.28,,mm,71,1947.9499999999994
6,2026-08-11,73-4,73,C,internode,12.0,,dia_perp_mm,18.53,,mm,71,1947.9499999999994
6,2026-08-11,73-4,73,C,internode,13.0,,seg_length_cm,12.0,,cm,71,1947.9499999999994
6,2026-08-11,73-4,73,C,internode,13.0,,dia_sheath_mm,20.16,,mm,71,1947.9499999999994
6,2026-08-11,73-4,73,C,internode,13.0,,dia_perp_mm,18.08,,mm,71,1947.9499999999994
6,2026-08-11,73-4,73,C,internode,14.0,,seg_length_cm,13.0,,cm,71,1947.9499999999994
6,2026-08-11,73-4,73,C,internode,14.0,,dia_sheath_mm,21.46,,mm,71,1947.9499999999994
6,2026-08-11,73-4,73,C,internode,14.0,,dia_perp_mm,16.41,,mm,71,1947.9499999999994
6,2026-08-11,73-4,73,C,internode,15.0,,dia_sheath_mm,23.16,,mm,71,1947.9499999999994
6,2026-08-11,73-4,73,C,internode,15.0,,dia_perp_mm,12.12,,mm,71,1947.9499999999994
6,2026-08-11,73-5,73,C,internode,1.0,,seg_length_cm,16.0,,cm,71,1947.9499999999994
6,2026-08-11,73-5,73,C,internode,1.0,,dia_sheath_mm,31.49,,mm,71,1947.9499999999994
6,2026-08-11,73-5,73,C,internode,1.0,,dia_perp_mm,24.95,,mm,71,1947.9499999999994
6,2026-08-11,73-5,73,C,internode,2.0,,seg_length_cm,4.0,,cm,71,1947.9499999999994
6,2026-08-11,73-5,73,C,internode,2.0,,dia_sheath_mm,27.82,,mm,71,1947.9499999999994
6,2026-08-11,73-5,73,C,internode,2.0,,dia_perp_mm,23.76,,mm,71,1947.9499999999994
6,2026-08-11,73-5,73,C,internode,3.0,,seg_length_cm,3.5,,cm,71,1947.9499999999994
6,2026-08-11,73-5,73,C,internode,3.0,,dia_sheath_mm,25.37,,mm,71,1947.9499999999994
6,2026-08-11,73-5,73,C,internode,3.0,,dia_perp_mm,21.83,,mm,71,1947.9499999999994
6,2026-08-11,73-5,73,C,internode,4.0,,seg_length_cm,7.0,,cm,71,1947.9499999999994
6,2026-08-11,73-5,73,C,internode,4.0,,dia_sheath_mm,23.91,,mm,71,1947.9499999999994
6,2026-08-11,73-5,73,C,internode,4.0,,dia_perp_mm,22.48,,mm,71,1947.9499999999994
6,2026-08-11,73-5,73,C,internode,5.0,,seg_length_cm,12.0,,cm,71,1947.9499999999994
6,2026-08-11,73-5,73,C,internode,5.0,,dia_sheath_mm,27.72,,mm,71,1947.9499999999994
6,2026-08-11,73-5,73,C,internode,5.0,,dia_perp_mm,24.16,,mm,71,1947.9499999999994
6,2026-08-11,73-5,73,C,internode,6.0,,seg_length_cm,11.5,,cm,71,1947.9499999999994
6,2026-08-11,73-5,73,C,internode,6.0,,dia_sheath_mm,26.23,,mm,71,1947.9499999999994
6,2026-08-11,73-5,73,C,internode,6.0,,dia_perp_mm,23.58,,mm,71,1947.9499999999994
6,2026-08-11,73-5,73,C,internode,7.0,,seg_length_cm,15.0,,cm,71,1947.9499999999994
6,2026-08-11,73-5,73,C,internode,7.0,,dia_sheath_mm,24.69,,mm,71,1947.9499999999994
6,2026-08-11,73-5,73,C,internode,7.0,,dia_perp_mm,24.84,,mm,71,1947.9499999999994
6,2026-08-11,73-5,73,C,internode,8.0,,seg_length_cm,13.0,,cm,71,1947.9499999999994
6,2026-08-11,73-5,73,C,internode,8.0,,dia_sheath_mm,22.8,,mm,71,1947.9499999999994
6,2026-08-11,73-5,73,C,internode,8.0,,dia_perp_mm,23.55,,mm,71,1947.9499999999994
6,2026-08-11,73-5,73,C,internode,9.0,,seg_length_cm,12.0,,cm,71,1947.9499999999994
6,2026-08-11,73-5,73,C,internode,9.0,,dia_sheath_mm,23.21,,mm,71,1947.9499999999994
6,2026-08-11,73-5,73,C,internode,9.0,,dia_perp_mm,21.52,,mm,71,1947.9499999999994
6,2026-08-11,73-5,73,C,internode,10.0,,seg_length_cm,10.0,,cm,71,1947.9499999999994
6,2026-08-11,73-5,73,C,internode,10.0,,dia_sheath_mm,21.78,,mm,71,1947.9499999999994
6,2026-08-11,73-5,73,C,internode,10.0,,dia_perp_mm,20.56,,mm,71,1947.9499999999994
6,2026-08-11,73-5,73,C,internode,11.0,,seg_length_cm,13.0,,cm,71,1947.9499999999994
6,2026-08-11,73-5,73,C,internode,11.0,,dia_sheath_mm,19.22,,mm,71,1947.9499999999994
6,2026-08-11,73-5,73,C,internode,11.0,,dia_perp_mm,19.78,,mm,71,1947.9499999999994
6,2026-08-11,73-5,73,C,internode,12.0,,seg_length_cm,13.5,,cm,71,1947.9499999999994
6,2026-08-11,73-5,73,C,internode,12.0,,dia_sheath_mm,20.9,,mm,71,1947.9499999999994
6,2026-08-11,73-5,73,C,internode,12.0,,dia_perp_mm,21.36,,mm,71,1947.9499999999994
6,2026-08-11,73-5,73,C,internode,13.0,,seg_length_cm,12.5,,cm,71,1947.9499999999994
6,2026-08-11,73-5,73,C,internode,13.0,,dia_sheath_mm,20.03,,mm,71,1947.9499999999994
6,2026-08-11,73-5,73,C,internode,13.0,,dia_perp_mm,22.41,,mm,71,1947.9499999999994
6,2026-08-11,73-5,73,C,internode,14.0,,seg_length_cm,2.0,,cm,71,1947.9499999999994
6,2026-08-11,73-5,73,C,internode,14.0,,dia_sheath_mm,19.14,,mm,71,1947.9499999999994
6,2026-08-11,73-5,73,C,internode,14.0,,dia_perp_mm,18.45,,mm,71,1947.9499999999994
6,2026-08-11,73-5,73,C,internode,15.0,,seg_length_cm,15.5,,cm,71,1947.9499999999994
6,2026-08-11,73-5,73,C,internode,15.0,,dia_sheath_mm,19.41,,mm,71,1947.9499999999994
6,2026-08-11,73-5,73,C,internode,15.0,,dia_perp_mm,15.77,,mm,71,1947.9499999999994
6,2026-08-11,73-3,73,C,leaf,1.0,,length_cm,40.0,,cm,71,1947.9499999999994
6,2026-08-11,73-3,73,C,leaf,1.0,,width_cm,3.5,,cm,71,1947.9499999999994
6,2026-08-11,73-3,73,C,leaf,2.0,,length_cm,50.0,,cm,71,1947.9499999999994
6,2026-08-11,73-3,73,C,leaf,2.0,,width_cm,5.0,,cm,71,1947.9499999999994
6,2026-08-11,73-3,73,C,leaf,3.0,,length_cm,52.0,,cm,71,1947.9499999999994
6,2026-08-11,73-3,73,C,leaf,3.0,,width_cm,6.5,,cm,71,1947.9499999999994
6,2026-08-11,73-3,73,C,leaf,4.0,,length_cm,58.0,,cm,71,1947.9499999999994
6,2026-08-11,73-3,73,C,leaf,4.0,,width_cm,7.0,,cm,71,1947.9499999999994
6,2026-08-11,73-3,73,C,leaf,5.0,,length_cm,63.0,,cm,71,1947.9499999999994
6,2026-08-11,73-3,73,C,leaf,5.0,,width_cm,8.5,,cm,71,1947.9499999999994
6,2026-08-11,73-3,73,C,leaf,6.0,,length_cm,62.0,,cm,71,1947.9499999999994
6,2026-08-11,73-3,73,C,leaf,6.0,,width_cm,8.5,,cm,71,1947.9499999999994
6,2026-08-11,73-3,73,C,leaf,7.0,,length_cm,68.0,,cm,71,1947.9499999999994
6,2026-08-11,73-3,73,C,leaf,7.0,,width_cm,8.0,,cm,71,1947.9499999999994
6,2026-08-11,73-3,73,C,leaf,8.0,,length_cm,73.0,,cm,71,1947.9499999999994
6,2026-08-11,73-3,73,C,leaf,8.0,,width_cm,8.5,,cm,71,1947.9499999999994
6,2026-08-11,73-3,73,C,leaf,9.0,,length_cm,73.0,,cm,71,1947.9499999999994
6,2026-08-11,73-3,73,C,leaf,9.0,,width_cm,8.5,,cm,71,1947.9499999999994
6,2026-08-11,73-3,73,C,leaf,10.0,,length_cm,70.0,,cm,71,1947.9499999999994
6,2026-08-11,73-3,73,C,leaf,10.0,,width_cm,8.5,,cm,71,1947.9499999999994
6,2026-08-11,73-3,73,C,leaf,11.0,,length_cm,68.0,,cm,71,1947.9499999999994
6,2026-08-11,73-3,73,C,leaf,11.0,,width_cm,9.5,,cm,71,1947.9499999999994
6,2026-08-11,73-3,73,C,leaf,12.0,,length_cm,52.0,,cm,71,1947.9499999999994
6,2026-08-11,73-3,73,C,leaf,12.0,,width_cm,8.5,,cm,71,1947.9499999999994
6,2026-08-11,73-4,73,C,leaf,1.0,,length_cm,45.0,,cm,71,1947.9499999999994
6,2026-08-11,73-4,73,C,leaf,1.0,,width_cm,6.0,,cm,71,1947.9499999999994
6,2026-08-11,73-4,73,C,leaf,2.0,,length_cm,49.0,,cm,71,1947.9499999999994
6,2026-08-11,73-4,73,C,leaf,2.0,,width_cm,6.0,,cm,71,1947.9499999999994
6,2026-08-11,73-4,73,C,leaf,3.0,,length_cm,56.0,,cm,71,1947.9499999999994
6,2026-08-11,73-4,73,C,leaf,3.0,,width_cm,7.5,,cm,71,1947.9499999999994
6,2026-08-11,73-4,73,C,leaf,4.0,,length_cm,60.0,,cm,71,1947.9499999999994
6,2026-08-11,73-4,73,C,leaf,4.0,,width_cm,8.0,,cm,71,1947.9499999999994
6,2026-08-11,73-4,73,C,leaf,5.0,,length_cm,65.0,,cm,71,1947.9499999999994
6,2026-08-11,73-4,73,C,leaf,5.0,,width_cm,8.5,,cm,71,1947.9499999999994
6,2026-08-11,73-4,73,C,leaf,6.0,,length_cm,63.0,,cm,71,1947.9499999999994
6,2026-08-11,73-4,73,C,leaf,6.0,,width_cm,8.0,,cm,71,1947.9499999999994
6,2026-08-11,73-4,73,C,leaf,7.0,,length_cm,69.0,,cm,71,1947.9499999999994
6,2026-08-11,73-4,73,C,leaf,7.0,,width_cm,8.0,,cm,71,1947.9499999999994
6,2026-08-11,73-4,73,C,leaf,8.0,,length_cm,65.0,,cm,71,1947.9499999999994
6,2026-08-11,73-4,73,C,leaf,8.0,,width_cm,7.5,,cm,71,1947.9499999999994
6,2026-08-11,73-4,73,C,leaf,9.0,,length_cm,65.0,,cm,71,1947.9499999999994
6,2026-08-11,73-4,73,C,leaf,9.0,,width_cm,8.0,,cm,71,1947.9499999999994
6,2026-08-11,73-4,73,C,leaf,10.0,,length_cm,61.0,,cm,71,1947.9499999999994
6,2026-08-11,73-4,73,C,leaf,10.0,,width_cm,8.0,,cm,71,1947.9499999999994
6,2026-08-11,73-4,73,C,leaf,11.0,,length_cm,57.0,,cm,71,1947.9499999999994
6,2026-08-11,73-4,73,C,leaf,11.0,,width_cm,8.5,,cm,71,1947.9499999999994
6,2026-08-11,73-4,73,C,leaf,12.0,,length_cm,51.0,,cm,71,1947.9499999999994
6,2026-08-11,73-4,73,C,leaf,12.0,,width_cm,8.0,,cm,71,1947.9499999999994
6,2026-08-11,73-4,73,C,leaf,13.0,,length_cm,50.0,,cm,71,1947.9499999999994
6,2026-08-11,73-4,73,C,leaf,13.0,,width_cm,7.5,,cm,71,1947.9499999999994
6,2026-08-11,73-4,73,C,leaf,14.0,,length_cm,37.0,,cm,71,1947.9499999999994
6,2026-08-11,73-4,73,C,leaf,14.0,,width_cm,6.0,,cm,71,1947.9499999999994
6,2026-08-11,73-4,73,C,leaf,15.0,,length_cm,38.0,,cm,71,1947.9499999999994
6,2026-08-11,73-4,73,C,leaf,15.0,,width_cm,6.5,,cm,71,1947.9499999999994
6,2026-08-11,73-4,73,C,leaf,16.0,,length_cm,29.0,,cm,71,1947.9499999999994
6,2026-08-11,73-4,73,C,leaf,16.0,,width_cm,6.5,,cm,71,1947.9499999999994
6,2026-08-11,73-4,73,C,leaf,17.0,,length_cm,25.5,,cm,71,1947.9499999999994
6,2026-08-11,73-4,73,C,leaf,17.0,,width_cm,5.0,,cm,71,1947.9499999999994
6,2026-08-11,73-5,73,C,leaf,1.0,,length_cm,44.0,,cm,71,1947.9499999999994
6,2026-08-11,73-5,73,C,leaf,1.0,,width_cm,5.0,,cm,71,1947.9499999999994
6,2026-08-11,73-5,73,C,leaf,2.0,,length_cm,46.0,,cm,71,1947.9499999999994
6,2026-08-11,73-5,73,C,leaf,2.0,,width_cm,6.5,,cm,71,1947.9499999999994
6,2026-08-11,73-5,73,C,leaf,3.0,,length_cm,53.0,,cm,71,1947.9499999999994
6,2026-08-11,73-5,73,C,leaf,3.0,,width_cm,7.5,,cm,71,1947.9499999999994
6,2026-08-11,73-5,73,C,leaf,4.0,,length_cm,59.0,,cm,71,1947.9499999999994
6,2026-08-11,73-5,73,C,leaf,4.0,,width_cm,8.5,,cm,71,1947.9499999999994
6,2026-08-11,73-5,73,C,leaf,5.0,,length_cm,60.5,,cm,71,1947.9499999999994
6,2026-08-11,73-5,73,C,leaf,5.0,,width_cm,8.5,,cm,71,1947.9499999999994
6,2026-08-11,73-5,73,C,leaf,6.0,,length_cm,65.0,,cm,71,1947.9499999999994
6,2026-08-11,73-5,73,C,leaf,6.0,,width_cm,9.5,,cm,71,1947.9499999999994
6,2026-08-11,73-5,73,C,leaf,7.0,,length_cm,65.5,,cm,71,1947.9499999999994
6,2026-08-11,73-5,73,C,leaf,7.0,,width_cm,8.5,,cm,71,1947.9499999999994
6,2026-08-11,73-5,73,C,leaf,8.0,,length_cm,69.0,,cm,71,1947.9499999999994
6,2026-08-11,73-5,73,C,leaf,8.0,,width_cm,8.5,,cm,71,1947.9499999999994
6,2026-08-11,73-5,73,C,leaf,9.0,,length_cm,71.0,,cm,71,1947.9499999999994
6,2026-08-11,73-5,73,C,leaf,9.0,,width_cm,8.5,,cm,71,1947.9499999999994
6,2026-08-11,73-5,73,C,leaf,10.0,,length_cm,70.0,,cm,71,1947.9499999999994
6,2026-08-11,73-5,73,C,leaf,10.0,,width_cm,9.0,,cm,71,1947.9499999999994
6,2026-08-11,73-5,73,C,leaf,11.0,,length_cm,66.5,,cm,71,1947.9499999999994
6,2026-08-11,73-5,73,C,leaf,11.0,,width_cm,9.0,,cm,71,1947.9499999999994
6,2026-08-11,73-5,73,C,leaf,12.0,,length_cm,55.0,,cm,71,1947.9499999999994
6,2026-08-11,73-5,73,C,leaf,12.0,,width_cm,8.0,,cm,71,1947.9499999999994
6,2026-08-11,73-5,73,C,leaf,13.0,,length_cm,58.0,,cm,71,1947.9499999999994
6,2026-08-11,73-5,73,C,leaf,13.0,,width_cm,7.0,,cm,71,1947.9499999999994
6,2026-08-11,73-5,73,C,leaf,14.0,,length_cm,48.0,,cm,71,1947.9499999999994
6,2026-08-11,73-5,73,C,leaf,14.0,,width_cm,6.0,,cm,71,1947.9499999999994
6,2026-08-11,73-5,73,C,leaf,15.0,,length_cm,30.5,,cm,71,1947.9499999999994
6,2026-08-11,73-5,73,C,leaf,15.0,,width_cm,6.5,,cm,71,1947.9499999999994
6,2026-08-11,73-2,73,C,leaf,1.0,,length_cm,43.0,,cm,71,1947.9499999999994
6,2026-08-11,73-2,73,C,leaf,1.0,,width_cm,4.0,,cm,71,1947.9499999999994
6,2026-08-11,73-2,73,C,leaf,2.0,,length_cm,51.0,,cm,71,1947.9499999999994
6,2026-08-11,73-2,73,C,leaf,2.0,,width_cm,5.0,,cm,71,1947.9499999999994
6,2026-08-11,73-2,73,C,leaf,3.0,,length_cm,59.0,,cm,71,1947.9499999999994
6,2026-08-11,73-2,73,C,leaf,3.0,,width_cm,6.5,,cm,71,1947.9499999999994
6,2026-08-11,73-2,73,C,leaf,4.0,,length_cm,64.0,,cm,71,1947.9499999999994
6,2026-08-11,73-2,73,C,leaf,4.0,,width_cm,7.0,,cm,71,1947.9499999999994
6,2026-08-11,73-2,73,C,leaf,5.0,,length_cm,67.0,,cm,71,1947.9499999999994
6,2026-08-11,73-2,73,C,leaf,5.0,,width_cm,7.5,,cm,71,1947.9499999999994
6,2026-08-11,73-2,73,C,leaf,6.0,,length_cm,67.5,,cm,71,1947.9499999999994
6,2026-08-11,73-2,73,C,leaf,6.0,,width_cm,8.0,,cm,71,1947.9499999999994
6,2026-08-11,73-2,73,C,leaf,7.0,,length_cm,73.0,,cm,71,1947.9499999999994
6,2026-08-11,73-2,73,C,leaf,7.0,,width_cm,7.5,,cm,71,1947.9499999999994
6,2026-08-11,73-2,73,C,leaf,8.0,,length_cm,67.0,,cm,71,1947.9499999999994
6,2026-08-11,73-2,73,C,leaf,8.0,,width_cm,7.5,,cm,71,1947.9499999999994
6,2026-08-11,73-2,73,C,leaf,9.0,,length_cm,65.5,,cm,71,1947.9499999999994
6,2026-08-11,73-2,73,C,leaf,9.0,,width_cm,6.5,,cm,71,1947.9499999999994
6,2026-08-11,73-2,73,C,leaf,10.0,,length_cm,59.0,,cm,71,1947.9499999999994
6,2026-08-11,73-2,73,C,leaf,10.0,,width_cm,7.0,,cm,71,1947.9499999999994
6,2026-08-11,73-2,73,C,leaf,11.0,,length_cm,58.0,,cm,71,1947.9499999999994
6,2026-08-11,73-2,73,C,leaf,11.0,,width_cm,6.5,,cm,71,1947.9499999999994
6,2026-08-11,73-2,73,C,leaf,12.0,,length_cm,52.0,,cm,71,1947.9499999999994
6,2026-08-11,73-2,73,C,leaf,12.0,,width_cm,6.5,,cm,71,1947.9499999999994
6,2026-08-11,73-2,73,C,leaf,13.0,,length_cm,47.0,,cm,71,1947.9499999999994
6,2026-08-11,73-2,73,C,leaf,13.0,,width_cm,6.5,,cm,71,1947.9499999999994
6,2026-08-11,73-2,73,C,leaf,14.0,,length_cm,45.0,,cm,71,1947.9499999999994
6,2026-08-11,73-2,73,C,leaf,14.0,,width_cm,6.0,,cm,71,1947.9499999999994
6,2026-08-11,73-2,73,C,leaf,15.0,,length_cm,33.0,,cm,71,1947.9499999999994
6,2026-08-11,73-2,73,C,leaf,15.0,,width_cm,5.0,,cm,71,1947.9499999999994
6,2026-08-11,73-2,73,C,leaf,16.0,,length_cm,32.0,,cm,71,1947.9499999999994
6,2026-08-11,73-2,73,C,leaf,16.0,,width_cm,5.0,,cm,71,1947.9499999999994
6,2026-08-11,73-1,73,C,leaf,1.0,,length_cm,40.0,,cm,71,1947.9499999999994
6,2026-08-11,73-1,73,C,leaf,1.0,,width_cm,5.0,,cm,71,1947.9499999999994
6,2026-08-11,73-1,73,C,leaf,2.0,,length_cm,35.0,,cm,71,1947.9499999999994
6,2026-08-11,73-1,73,C,leaf,2.0,,width_cm,5.5,,cm,71,1947.9499999999994
6,2026-08-11,73-1,73,C,leaf,3.0,,length_cm,56.0,,cm,71,1947.9499999999994
6,2026-08-11,73-1,73,C,leaf,3.0,,width_cm,6.5,,cm,71,1947.9499999999994
6,2026-08-11,73-1,73,C,leaf,4.0,,length_cm,53.0,,cm,71,1947.9499999999994
6,2026-08-11,73-1,73,C,leaf,4.0,,width_cm,7.0,,cm,71,1947.9499999999994
6,2026-08-11,73-1,73,C,leaf,5.0,,length_cm,66.0,,cm,71,1947.9499999999994
6,2026-08-11,73-1,73,C,leaf,5.0,,width_cm,8.0,,cm,71,1947.9499999999994
6,2026-08-11,73-1,73,C,leaf,6.0,,length_cm,68.0,,cm,71,1947.9499999999994
6,2026-08-11,73-1,73,C,leaf,6.0,,width_cm,9.0,,cm,71,1947.9499999999994
6,2026-08-11,73-1,73,C,leaf,7.0,,length_cm,68.0,,cm,71,1947.9499999999994
6,2026-08-11,73-1,73,C,leaf,7.0,,width_cm,8.5,,cm,71,1947.9499999999994
6,2026-08-11,73-1,73,C,leaf,8.0,,length_cm,74.0,,cm,71,1947.9499999999994
6,2026-08-11,73-1,73,C,leaf,8.0,,width_cm,8.5,,cm,71,1947.9499999999994
6,2026-08-11,73-1,73,C,leaf,9.0,,length_cm,70.5,,cm,71,1947.9499999999994
6,2026-08-11,73-1,73,C,leaf,9.0,,width_cm,8.5,,cm,71,1947.9499999999994
6,2026-08-11,73-1,73,C,leaf,10.0,,length_cm,72.0,,cm,71,1947.9499999999994
6,2026-08-11,73-1,73,C,leaf,10.0,,width_cm,8.5,,cm,71,1947.9499999999994
6,2026-08-11,73-1,73,C,leaf,11.0,,length_cm,60.0,,cm,71,1947.9499999999994
6,2026-08-11,73-1,73,C,leaf,11.0,,width_cm,9.0,,cm,71,1947.9499999999994
6,2026-08-11,74-5,74,B,leaf,1.0,,length_cm,45.0,,cm,71,1947.9499999999994
6,2026-08-11,74-5,74,B,leaf,1.0,,width_cm,5.0,,cm,71,1947.9499999999994
6,2026-08-11,74-5,74,B,leaf,2.0,,length_cm,50.0,,cm,71,1947.9499999999994
6,2026-08-11,74-5,74,B,leaf,2.0,,width_cm,6.0,,cm,71,1947.9499999999994
6,2026-08-11,74-5,74,B,leaf,3.0,,length_cm,54.0,,cm,71,1947.9499999999994
6,2026-08-11,74-5,74,B,leaf,3.0,,width_cm,7.0,,cm,71,1947.9499999999994
6,2026-08-11,74-5,74,B,leaf,4.0,,length_cm,51.0,,cm,71,1947.9499999999994
6,2026-08-11,74-5,74,B,leaf,4.0,,width_cm,8.0,,cm,71,1947.9499999999994
6,2026-08-11,74-5,74,B,leaf,5.0,,length_cm,50.0,,cm,71,1947.9499999999994
6,2026-08-11,74-5,74,B,leaf,5.0,,width_cm,8.0,,cm,71,1947.9499999999994
6,2026-08-11,74-5,74,B,leaf,6.0,,length_cm,54.0,,cm,71,1947.9499999999994
6,2026-08-11,74-5,74,B,leaf,6.0,,width_cm,7.0,,cm,71,1947.9499999999994
6,2026-08-11,74-5,74,B,leaf,7.0,,length_cm,62.0,,cm,71,1947.9499999999994
6,2026-08-11,74-5,74,B,leaf,7.0,,width_cm,7.0,,cm,71,1947.9499999999994
6,2026-08-11,74-5,74,B,leaf,8.0,,length_cm,62.0,,cm,71,1947.9499999999994
6,2026-08-11,74-5,74,B,leaf,8.0,,width_cm,7.5,,cm,71,1947.9499999999994
6,2026-08-11,74-5,74,B,leaf,9.0,,length_cm,61.0,,cm,71,1947.9499999999994
6,2026-08-11,74-5,74,B,leaf,9.0,,width_cm,7.5,,cm,71,1947.9499999999994
6,2026-08-11,74-5,74,B,leaf,10.0,,length_cm,60.0,,cm,71,1947.9499999999994
6,2026-08-11,74-5,74,B,leaf,10.0,,width_cm,7.5,,cm,71,1947.9499999999994
6,2026-08-11,74-5,74,B,leaf,11.0,,length_cm,55.0,,cm,71,1947.9499999999994
6,2026-08-11,74-5,74,B,leaf,11.0,,width_cm,7.0,,cm,71,1947.9499999999994
6,2026-08-11,74-5,74,B,leaf,12.0,,length_cm,54.0,,cm,71,1947.9499999999994
6,2026-08-11,74-5,74,B,leaf,12.0,,width_cm,7.0,,cm,71,1947.9499999999994
6,2026-08-11,74-5,74,B,leaf,13.0,,length_cm,58.0,,cm,71,1947.9499999999994
6,2026-08-11,74-5,74,B,leaf,13.0,,width_cm,6.5,,cm,71,1947.9499999999994
6,2026-08-11,74-5,74,B,leaf,14.0,,length_cm,49.0,,cm,71,1947.9499999999994
6,2026-08-11,74-5,74,B,leaf,14.0,,width_cm,6.0,,cm,71,1947.9499999999994
6,2026-08-11,74-5,74,B,leaf,15.0,,length_cm,42.0,,cm,71,1947.9499999999994
6,2026-08-11,74-5,74,B,leaf,15.0,,width_cm,3.5,,cm,71,1947.9499999999994
6,2026-08-11,74-4,74,B,leaf,1.0,,length_cm,52.0,,cm,71,1947.9499999999994
6,2026-08-11,74-4,74,B,leaf,1.0,,width_cm,7.0,,cm,71,1947.9499999999994
6,2026-08-11,74-4,74,B,leaf,2.0,,length_cm,57.0,,cm,71,1947.9499999999994
6,2026-08-11,74-4,74,B,leaf,2.0,,width_cm,8.0,,cm,71,1947.9499999999994
6,2026-08-11,74-4,74,B,leaf,3.0,,length_cm,56.0,,cm,71,1947.9499999999994
6,2026-08-11,74-4,74,B,leaf,3.0,,width_cm,9.0,,cm,71,1947.9499999999994
6,2026-08-11,74-4,74,B,leaf,4.0,,length_cm,61.5,,cm,71,1947.9499999999994
6,2026-08-11,74-4,74,B,leaf,4.0,,width_cm,9.5,,cm,71,1947.9499999999994
6,2026-08-11,74-4,74,B,leaf,5.0,,length_cm,68.0,,cm,71,1947.9499999999994
6,2026-08-11,74-4,74,B,leaf,5.0,,width_cm,9.5,,cm,71,1947.9499999999994
6,2026-08-11,74-4,74,B,leaf,6.0,,length_cm,69.0,,cm,71,1947.9499999999994
6,2026-08-11,74-4,74,B,leaf,6.0,,width_cm,8.5,,cm,71,1947.9499999999994
6,2026-08-11,74-4,74,B,leaf,7.0,,length_cm,74.0,,cm,71,1947.9499999999994
6,2026-08-11,74-4,74,B,leaf,7.0,,width_cm,8.0,,cm,71,1947.9499999999994
6,2026-08-11,74-4,74,B,leaf,8.0,,length_cm,66.0,,cm,71,1947.9499999999994
6,2026-08-11,74-4,74,B,leaf,8.0,,width_cm,8.0,,cm,71,1947.9499999999994
6,2026-08-11,74-4,74,B,leaf,9.0,,length_cm,67.0,,cm,71,1947.9499999999994
6,2026-08-11,74-4,74,B,leaf,9.0,,width_cm,9.0,,cm,71,1947.9499999999994
6,2026-08-11,74-4,74,B,leaf,10.0,,length_cm,64.5,,cm,71,1947.9499999999994
6,2026-08-11,74-4,74,B,leaf,10.0,,width_cm,8.0,,cm,71,1947.9499999999994
6,2026-08-11,74-4,74,B,leaf,11.0,,length_cm,59.0,,cm,71,1947.9499999999994
6,2026-08-11,74-4,74,B,leaf,11.0,,width_cm,7.0,,cm,71,1947.9499999999994
6,2026-08-11,74-4,74,B,leaf,12.0,,length_cm,54.0,,cm,71,1947.9499999999994
6,2026-08-11,74-4,74,B,leaf,12.0,,width_cm,6.5,,cm,71,1947.9499999999994
6,2026-08-11,74-4,74,B,leaf,13.0,,length_cm,52.0,,cm,71,1947.9499999999994
6,2026-08-11,74-4,74,B,leaf,13.0,,width_cm,5.5,,cm,71,1947.9499999999994
6,2026-08-11,74-4,74,B,leaf,14.0,,length_cm,47.0,,cm,71,1947.9499999999994
6,2026-08-11,74-4,74,B,leaf,14.0,,width_cm,5.0,,cm,71,1947.9499999999994
6,2026-08-11,74-4,74,B,leaf,15.0,,length_cm,36.0,,cm,71,1947.9499999999994
6,2026-08-11,74-4,74,B,leaf,15.0,,width_cm,4.0,,cm,71,1947.9499999999994
6,2026-08-11,74-3,74,B,leaf,1.0,,length_cm,47.0,,cm,71,1947.9499999999994
6,2026-08-11,74-3,74,B,leaf,1.0,,width_cm,5.5,,cm,71,1947.9499999999994
6,2026-08-11,74-3,74,B,leaf,2.0,,length_cm,52.0,,cm,71,1947.9499999999994
6,2026-08-11,74-3,74,B,leaf,2.0,,width_cm,6.5,,cm,71,1947.9499999999994
6,2026-08-11,74-3,74,B,leaf,3.0,,length_cm,52.0,,cm,71,1947.9499999999994
6,2026-08-11,74-3,74,B,leaf,3.0,,width_cm,6.0,,cm,71,1947.9499999999994
6,2026-08-11,74-3,74,B,leaf,4.0,,length_cm,58.0,,cm,71,1947.9499999999994
6,2026-08-11,74-3,74,B,leaf,4.0,,width_cm,6.5,,cm,71,1947.9499999999994
6,2026-08-11,74-3,74,B,leaf,5.0,,length_cm,60.0,,cm,71,1947.9499999999994
6,2026-08-11,74-3,74,B,leaf,5.0,,width_cm,5.5,,cm,71,1947.9499999999994
6,2026-08-11,74-3,74,B,leaf,6.0,,length_cm,58.0,,cm,71,1947.9499999999994
6,2026-08-11,74-3,74,B,leaf,6.0,,width_cm,6.5,,cm,71,1947.9499999999994
6,2026-08-11,74-3,74,B,leaf,7.0,,length_cm,55.0,,cm,71,1947.9499999999994
6,2026-08-11,74-3,74,B,leaf,7.0,,width_cm,5.5,,cm,71,1947.9499999999994
6,2026-08-11,74-3,74,B,leaf,8.0,,length_cm,43.0,,cm,71,1947.9499999999994
6,2026-08-11,74-3,74,B,leaf,8.0,,width_cm,4.5,,cm,71,1947.9499999999994
6,2026-08-11,74-3,74,B,leaf,9.0,,length_cm,49.0,,cm,71,1947.9499999999994
6,2026-08-11,74-3,74,B,leaf,9.0,,width_cm,5.0,,cm,71,1947.9499999999994
6,2026-08-11,74-3,74,B,leaf,10.0,,length_cm,36.0,,cm,71,1947.9499999999994
6,2026-08-11,74-2,74,B,leaf,1.0,,length_cm,44.0,,cm,71,1947.9499999999994
6,2026-08-11,74-2,74,B,leaf,1.0,,width_cm,4.0,,cm,71,1947.9499999999994
6,2026-08-11,74-2,74,B,leaf,2.0,,length_cm,57.0,,cm,71,1947.9499999999994
6,2026-08-11,74-2,74,B,leaf,2.0,,width_cm,7.5,,cm,71,1947.9499999999994
6,2026-08-11,74-2,74,B,leaf,3.0,,length_cm,64.0,,cm,71,1947.9499999999994
6,2026-08-11,74-2,74,B,leaf,3.0,,width_cm,7.0,,cm,71,1947.9499999999994
6,2026-08-11,74-2,74,B,leaf,4.0,,length_cm,59.0,,cm,71,1947.9499999999994
6,2026-08-11,74-2,74,B,leaf,4.0,,width_cm,8.5,,cm,71,1947.9499999999994
6,2026-08-11,74-2,74,B,leaf,5.0,,length_cm,58.5,,cm,71,1947.9499999999994
6,2026-08-11,74-2,74,B,leaf,5.0,,width_cm,8.0,,cm,71,1947.9499999999994
6,2026-08-11,74-2,74,B,leaf,6.0,,length_cm,72.0,,cm,71,1947.9499999999994
6,2026-08-11,74-2,74,B,leaf,6.0,,width_cm,8.0,,cm,71,1947.9499999999994
6,2026-08-11,74-2,74,B,leaf,7.0,,length_cm,74.0,,cm,71,1947.9499999999994
6,2026-08-11,74-2,74,B,leaf,7.0,,width_cm,8.0,,cm,71,1947.9499999999994
6,2026-08-11,74-2,74,B,leaf,8.0,,length_cm,75.0,,cm,71,1947.9499999999994
6,2026-08-11,74-2,74,B,leaf,8.0,,width_cm,8.0,,cm,71,1947.9499999999994
6,2026-08-11,74-2,74,B,leaf,9.0,,length_cm,65.0,,cm,71,1947.9499999999994
6,2026-08-11,74-2,74,B,leaf,9.0,,width_cm,7.5,,cm,71,1947.9499999999994
6,2026-08-11,74-2,74,B,leaf,10.0,,length_cm,62.0,,cm,71,1947.9499999999994
6,2026-08-11,74-2,74,B,leaf,10.0,,width_cm,6.5,,cm,71,1947.9499999999994
6,2026-08-11,74-2,74,B,leaf,11.0,,length_cm,53.0,,cm,71,1947.9499999999994
6,2026-08-11,74-2,74,B,leaf,11.0,,width_cm,6.0,,cm,71,1947.9499999999994
6,2026-08-11,74-2,74,B,leaf,12.0,,length_cm,49.0,,cm,71,1947.9499999999994
6,2026-08-11,74-2,74,B,leaf,12.0,,width_cm,6.0,,cm,71,1947.9499999999994
6,2026-08-11,74-2,74,B,leaf,13.0,,length_cm,37.0,,cm,71,1947.9499999999994
6,2026-08-11,74-2,74,B,leaf,13.0,,width_cm,5.0,,cm,71,1947.9499999999994
6,2026-08-11,74-1,74,B,leaf,1.0,,length_cm,57.0,,cm,71,1947.9499999999994
6,2026-08-11,74-1,74,B,leaf,1.0,,width_cm,6.0,,cm,71,1947.9499999999994
6,2026-08-11,74-1,74,B,leaf,2.0,,length_cm,60.0,,cm,71,1947.9499999999994
6,2026-08-11,74-1,74,B,leaf,2.0,,width_cm,8.0,,cm,71,1947.9499999999994
6,2026-08-11,74-1,74,B,leaf,3.0,,length_cm,65.0,,cm,71,1947.9499999999994
6,2026-08-11,74-1,74,B,leaf,3.0,,width_cm,8.0,,cm,71,1947.9499999999994
6,2026-08-11,74-1,74,B,leaf,4.0,,length_cm,61.0,,cm,71,1947.9499999999994
6,2026-08-11,74-1,74,B,leaf,4.0,,width_cm,8.5,,cm,71,1947.9499999999994
6,2026-08-11,74-1,74,B,leaf,5.0,,length_cm,66.0,,cm,71,1947.9499999999994
6,2026-08-11,74-1,74,B,leaf,5.0,,width_cm,7.0,,cm,71,1947.9499999999994
6,2026-08-11,74-1,74,B,leaf,6.0,,length_cm,72.5,,cm,71,1947.9499999999994
6,2026-08-11,74-1,74,B,leaf,6.0,,width_cm,8.0,,cm,71,1947.9499999999994
6,2026-08-11,74-1,74,B,leaf,7.0,,length_cm,67.0,,cm,71,1947.9499999999994
6,2026-08-11,74-1,74,B,leaf,7.0,,width_cm,7.5,,cm,71,1947.9499999999994
6,2026-08-11,74-1,74,B,leaf,8.0,,length_cm,66.0,,cm,71,1947.9499999999994
6,2026-08-11,74-1,74,B,leaf,8.0,,width_cm,8.0,,cm,71,1947.9499999999994
6,2026-08-11,74-1,74,B,leaf,9.0,,length_cm,61.0,,cm,71,1947.9499999999994
6,2026-08-11,74-1,74,B,leaf,9.0,,width_cm,7.0,,cm,71,1947.9499999999994
6,2026-08-11,74-1,74,B,leaf,10.0,,length_cm,54.0,,cm,71,1947.9499999999994
6,2026-08-11,74-1,74,B,leaf,10.0,,width_cm,6.5,,cm,71,1947.9499999999994
6,2026-08-11,74-1,74,B,leaf,11.0,,length_cm,53.0,,cm,71,1947.9499999999994
6,2026-08-11,74-1,74,B,leaf,11.0,,width_cm,6.0,,cm,71,1947.9499999999994
6,2026-08-11,74-1,74,B,leaf,12.0,,length_cm,53.0,,cm,71,1947.9499999999994
6,2026-08-11,74-1,74,B,leaf,12.0,,width_cm,5.0,,cm,71,1947.9499999999994
6,2026-08-11,74-1,74,B,leaf,13.0,,length_cm,38.0,,cm,71,1947.9499999999994
6,2026-08-11,75-1,75,A,leaf,1.0,,length_cm,44.0,,cm,71,1947.9499999999994
6,2026-08-11,75-1,75,A,leaf,2.0,,length_cm,60.0,,cm,71,1947.9499999999994
6,2026-08-11,75-1,75,A,leaf,2.0,,width_cm,4.5,,cm,71,1947.9499999999994
6,2026-08-11,75-1,75,A,leaf,3.0,,length_cm,72.5,,cm,71,1947.9499999999994
6,2026-08-11,75-1,75,A,leaf,3.0,,width_cm,5.5,,cm,71,1947.9499999999994
6,2026-08-11,75-1,75,A,leaf,4.0,,length_cm,86.0,,cm,71,1947.9499999999994
6,2026-08-11,75-1,75,A,leaf,4.0,,width_cm,6.5,,cm,71,1947.9499999999994
6,2026-08-11,75-1,75,A,leaf,5.0,,length_cm,92.0,,cm,71,1947.9499999999994
6,2026-08-11,75-1,75,A,leaf,5.0,,width_cm,6.5,,cm,71,1947.9499999999994
6,2026-08-11,75-1,75,A,leaf,6.0,,length_cm,97.0,,cm,71,1947.9499999999994
6,2026-08-11,75-1,75,A,leaf,6.0,,width_cm,7.0,,cm,71,1947.9499999999994
6,2026-08-11,75-1,75,A,leaf,7.0,,length_cm,97.5,,cm,71,1947.9499999999994
6,2026-08-11,75-1,75,A,leaf,7.0,,width_cm,7.5,,cm,71,1947.9499999999994
6,2026-08-11,75-1,75,A,leaf,8.0,,length_cm,95.5,,cm,71,1947.9499999999994
6,2026-08-11,75-1,75,A,leaf,8.0,,width_cm,10.0,,cm,71,1947.9499999999994
6,2026-08-11,75-1,75,A,leaf,9.0,,length_cm,95.5,,cm,71,1947.9499999999994
6,2026-08-11,75-1,75,A,leaf,9.0,,width_cm,8.5,,cm,71,1947.9499999999994
6,2026-08-11,75-1,75,A,leaf,10.0,,length_cm,92.0,,cm,71,1947.9499999999994
6,2026-08-11,75-1,75,A,leaf,10.0,,width_cm,9.0,,cm,71,1947.9499999999994
6,2026-08-11,75-1,75,A,leaf,11.0,,length_cm,97.0,,cm,71,1947.9499999999994
6,2026-08-11,75-1,75,A,leaf,11.0,,width_cm,9.0,,cm,71,1947.9499999999994
6,2026-08-11,75-1,75,A,leaf,12.0,,length_cm,65.5,,cm,71,1947.9499999999994
6,2026-08-11,75-1,75,A,leaf,12.0,,width_cm,8.5,,cm,71,1947.9499999999994
6,2026-08-11,75-1,75,A,leaf,13.0,,length_cm,35.0,,cm,71,1947.9499999999994
6,2026-08-11,75-2,75,A,leaf,1.0,,length_cm,70.0,,cm,71,1947.9499999999994
6,2026-08-11,75-2,75,A,leaf,2.0,,length_cm,80.0,,cm,71,1947.9499999999994
6,2026-08-11,75-2,75,A,leaf,2.0,,width_cm,8.0,,cm,71,1947.9499999999994
6,2026-08-11,75-2,75,A,leaf,3.0,,length_cm,90.0,,cm,71,1947.9499999999994
6,2026-08-11,75-2,75,A,leaf,3.0,,width_cm,7.5,,cm,71,1947.9499999999994
6,2026-08-11,75-2,75,A,leaf,4.0,,length_cm,95.5,,cm,71,1947.9499999999994
6,2026-08-11,75-2,75,A,leaf,4.0,,width_cm,9.0,,cm,71,1947.9499999999994
6,2026-08-11,75-2,75,A,leaf,5.0,,length_cm,105.0,,cm,71,1947.9499999999994
6,2026-08-11,75-2,75,A,leaf,5.0,,width_cm,8.0,,cm,71,1947.9499999999994
6,2026-08-11,75-2,75,A,leaf,6.0,,length_cm,101.0,,cm,71,1947.9499999999994
6,2026-08-11,75-2,75,A,leaf,6.0,,width_cm,7.5,,cm,71,1947.9499999999994
6,2026-08-11,75-2,75,A,leaf,7.0,,length_cm,102.0,,cm,71,1947.9499999999994
6,2026-08-11,75-2,75,A,leaf,7.0,,width_cm,9.0,,cm,71,1947.9499999999994
6,2026-08-11,75-2,75,A,leaf,8.0,,length_cm,93.5,,cm,71,1947.9499999999994
6,2026-08-11,75-2,75,A,leaf,8.0,,width_cm,10.0,,cm,71,1947.9499999999994
6,2026-08-11,75-2,75,A,leaf,9.0,,length_cm,90.5,,cm,71,1947.9499999999994
6,2026-08-11,75-2,75,A,leaf,9.0,,width_cm,10.0,,cm,71,1947.9499999999994
6,2026-08-11,75-2,75,A,leaf,10.0,,length_cm,88.5,,cm,71,1947.9499999999994
6,2026-08-11,75-2,75,A,leaf,10.0,,width_cm,10.0,,cm,71,1947.9499999999994
6,2026-08-11,75-2,75,A,leaf,11.0,,length_cm,78.5,,cm,71,1947.9499999999994
6,2026-08-11,75-2,75,A,leaf,11.0,,width_cm,9.5,,cm,71,1947.9499999999994
6,2026-08-11,75-2,75,A,leaf,12.0,,length_cm,57.5,,cm,71,1947.9499999999994
6,2026-08-11,75-2,75,A,leaf,12.0,,width_cm,8.5,,cm,71,1947.9499999999994
6,2026-08-11,75-2,75,A,leaf,13.0,,length_cm,33.0,,cm,71,1947.9499999999994
6,2026-08-11,75-3,75,A,leaf,1.0,,length_cm,74.0,,cm,71,1947.9499999999994
6,2026-08-11,75-3,75,A,leaf,1.0,,width_cm,7.5,,cm,71,1947.9499999999994
6,2026-08-11,75-3,75,A,leaf,2.0,,length_cm,87.0,,cm,71,1947.9499999999994
6,2026-08-11,75-3,75,A,leaf,2.0,,width_cm,8.0,,cm,71,1947.9499999999994
6,2026-08-11,75-3,75,A,leaf,3.0,,length_cm,95.0,,cm,71,1947.9499999999994
6,2026-08-11,75-3,75,A,leaf,3.0,,width_cm,8.5,,cm,71,1947.9499999999994
6,2026-08-11,75-3,75,A,leaf,4.0,,length_cm,104.0,,cm,71,1947.9499999999994
6,2026-08-11,75-3,75,A,leaf,4.0,,width_cm,9.0,,cm,71,1947.9499999999994
6,2026-08-11,75-3,75,A,leaf,5.0,,length_cm,112.0,,cm,71,1947.9499999999994
6,2026-08-11,75-3,75,A,leaf,5.0,,width_cm,7.5,,cm,71,1947.9499999999994
6,2026-08-11,75-3,75,A,leaf,6.0,,length_cm,110.0,,cm,71,1947.9499999999994
6,2026-08-11,75-3,75,A,leaf,6.0,,width_cm,9.0,,cm,71,1947.9499999999994
6,2026-08-11,75-3,75,A,leaf,7.0,,length_cm,102.0,,cm,71,1947.9499999999994
6,2026-08-11,75-3,75,A,leaf,7.0,,width_cm,9.0,,cm,71,1947.9499999999994
6,2026-08-11,75-3,75,A,leaf,8.0,,length_cm,94.0,,cm,71,1947.9499999999994
6,2026-08-11,75-3,75,A,leaf,8.0,,width_cm,9.0,,cm,71,1947.9499999999994
6,2026-08-11,75-3,75,A,leaf,9.0,,length_cm,87.0,,cm,71,1947.9499999999994
6,2026-08-11,75-3,75,A,leaf,9.0,,width_cm,9.5,,cm,71,1947.9499999999994
6,2026-08-11,75-3,75,A,leaf,10.0,,length_cm,91.5,,cm,71,1947.9499999999994
6,2026-08-11,75-3,75,A,leaf,10.0,,width_cm,9.0,,cm,71,1947.9499999999994
6,2026-08-11,75-3,75,A,leaf,11.0,,length_cm,70.0,,cm,71,1947.9499999999994
6,2026-08-11,75-3,75,A,leaf,11.0,,width_cm,9.0,,cm,71,1947.9499999999994
6,2026-08-11,75-3,75,A,leaf,12.0,,length_cm,46.0,,cm,71,1947.9499999999994
6,2026-08-11,75-3,75,A,leaf,12.0,,width_cm,6.5,,cm,71,1947.9499999999994
6,2026-08-11,75-3,75,A,leaf,13.0,,length_cm,26.0,,cm,71,1947.9499999999994
6,2026-08-11,75-4,75,A,leaf,1.0,,length_cm,65.5,,cm,71,1947.9499999999994
6,2026-08-11,75-4,75,A,leaf,1.0,,width_cm,8.0,,cm,71,1947.9499999999994
6,2026-08-11,75-4,75,A,leaf,2.0,,length_cm,74.0,,cm,71,1947.9499999999994
6,2026-08-11,75-4,75,A,leaf,2.0,,width_cm,8.0,,cm,71,1947.9499999999994
6,2026-08-11,75-4,75,A,leaf,3.0,,length_cm,79.0,,cm,71,1947.9499999999994
6,2026-08-11,75-4,75,A,leaf,3.0,,width_cm,8.0,,cm,71,1947.9499999999994
6,2026-08-11,75-4,75,A,leaf,4.0,,length_cm,86.0,,cm,71,1947.9499999999994
6,2026-08-11,75-4,75,A,leaf,4.0,,width_cm,9.0,,cm,71,1947.9499999999994
6,2026-08-11,75-4,75,A,leaf,5.0,,length_cm,87.0,,cm,71,1947.9499999999994
6,2026-08-11,75-4,75,A,leaf,5.0,,width_cm,7.0,,cm,71,1947.9499999999994
6,2026-08-11,75-4,75,A,leaf,6.0,,length_cm,87.0,,cm,71,1947.9499999999994
6,2026-08-11,75-4,75,A,leaf,7.0,,length_cm,46.0,,cm,71,1947.9499999999994
6,2026-08-11,75-4,75,A,leaf,7.0,,width_cm,7.0,,cm,71,1947.9499999999994
6,2026-08-11,75-4,75,A,leaf,8.0,,length_cm,77.0,,cm,71,1947.9499999999994
6,2026-08-11,75-4,75,A,leaf,8.0,,width_cm,6.5,,cm,71,1947.9499999999994
6,2026-08-11,75-4,75,A,leaf,9.0,,length_cm,87.0,,cm,71,1947.9499999999994
6,2026-08-11,75-4,75,A,leaf,9.0,,width_cm,8.5,,cm,71,1947.9499999999994
6,2026-08-11,75-4,75,A,leaf,10.0,,length_cm,82.0,,cm,71,1947.9499999999994
6,2026-08-11,75-4,75,A,leaf,10.0,,width_cm,9.0,,cm,71,1947.9499999999994
6,2026-08-11,75-4,75,A,leaf,11.0,,length_cm,78.0,,cm,71,1947.9499999999994
6,2026-08-11,75-4,75,A,leaf,11.0,,width_cm,8.5,,cm,71,1947.9499999999994
6,2026-08-11,75-4,75,A,leaf,12.0,,length_cm,43.0,,cm,71,1947.9499999999994
6,2026-08-11,75-4,75,A,leaf,12.0,,width_cm,7.0,,cm,71,1947.9499999999994
6,2026-08-11,75-4,75,A,leaf,13.0,,length_cm,47.0,,cm,71,1947.9499999999994
6,2026-08-11,75-4,75,A,leaf,13.0,,width_cm,8.0,,cm,71,1947.9499999999994
6,2026-08-11,75-4,75,A,leaf,14.0,,length_cm,32.0,,cm,71,1947.9499999999994
6,2026-08-11,75-5,75,A,leaf,1.0,,length_cm,88.5,,cm,71,1947.9499999999994
6,2026-08-11,75-5,75,A,leaf,1.0,,width_cm,8.0,,cm,71,1947.9499999999994
6,2026-08-11,75-5,75,A,leaf,2.0,,length_cm,97.0,,cm,71,1947.9499999999994
6,2026-08-11,75-5,75,A,leaf,2.0,,width_cm,8.0,,cm,71,1947.9499999999994
6,2026-08-11,75-5,75,A,leaf,3.0,,length_cm,102.0,,cm,71,1947.9499999999994
6,2026-08-11,75-5,75,A,leaf,3.0,,width_cm,9.0,,cm,71,1947.9499999999994
6,2026-08-11,75-5,75,A,leaf,4.0,,length_cm,106.0,,cm,71,1947.9499999999994
6,2026-08-11,75-5,75,A,leaf,4.0,,width_cm,8.5,,cm,71,1947.9499999999994
6,2026-08-11,75-5,75,A,leaf,5.0,,length_cm,107.0,,cm,71,1947.9499999999994
6,2026-08-11,75-5,75,A,leaf,5.0,,width_cm,8.5,,cm,71,1947.9499999999994
6,2026-08-11,75-5,75,A,leaf,6.0,,length_cm,107.5,,cm,71,1947.9499999999994
6,2026-08-11,75-5,75,A,leaf,6.0,,width_cm,8.5,,cm,71,1947.9499999999994
6,2026-08-11,75-5,75,A,leaf,7.0,,length_cm,102.0,,cm,71,1947.9499999999994
6,2026-08-11,75-5,75,A,leaf,7.0,,width_cm,8.5,,cm,71,1947.9499999999994
6,2026-08-11,75-5,75,A,leaf,8.0,,length_cm,94.5,,cm,71,1947.9499999999994
6,2026-08-11,75-5,75,A,leaf,8.0,,width_cm,8.5,,cm,71,1947.9499999999994
6,2026-08-11,75-5,75,A,leaf,9.0,,length_cm,95.0,,cm,71,1947.9499999999994
6,2026-08-11,75-5,75,A,leaf,9.0,,width_cm,8.0,,cm,71,1947.9499999999994
6,2026-08-11,75-5,75,A,leaf,10.0,,length_cm,90.0,,cm,71,1947.9499999999994
6,2026-08-11,75-5,75,A,leaf,10.0,,width_cm,8.5,,cm,71,1947.9499999999994
6,2026-08-11,75-5,75,A,leaf,11.0,,length_cm,73.0,,cm,71,1947.9499999999994
6,2026-08-11,75-5,75,A,leaf,11.0,,width_cm,9.0,,cm,71,1947.9499999999994
6,2026-08-11,75-5,75,A,leaf,12.0,,length_cm,52.0,,cm,71,1947.9499999999994
6,2026-08-11,75-5,75,A,leaf,12.0,,width_cm,7.0,,cm,71,1947.9499999999994
6,2026-08-11,75-5,75,A,leaf,13.0,,length_cm,27.0,,cm,71,1947.9499999999994
6,2026-08-11,75-1,75,A,leaf,1.0,,leafX,7.0,,cm,71,1947.9499999999994
6,2026-08-11,75-1,75,A,leaf,1.0,,leafY,-15.0,,cm,71,1947.9499999999994
6,2026-08-11,75-1,75,A,leaf,1.0,,leafZ,-139.0,,cm,71,1947.9499999999994
6,2026-08-11,75-1,75,A,leaf,1.0,,angle_from_vertical,75.0,,deg,71,1947.9499999999994
6,2026-08-11,75-1,75,A,leaf,2.0,,leafX,-9.0,,cm,71,1947.9499999999994
6,2026-08-11,75-1,75,A,leaf,2.0,,leafY,-11.0,,cm,71,1947.9499999999994
6,2026-08-11,75-1,75,A,leaf,2.0,,leafZ,74.0,,cm,71,1947.9499999999994
6,2026-08-11,75-1,75,A,leaf,2.0,,angle_from_vertical,79.0,,deg,71,1947.9499999999994
6,2026-08-11,75-1,75,A,leaf,3.0,,leafX,13.0,,cm,71,1947.9499999999994
6,2026-08-11,75-1,75,A,leaf,3.0,,leafY,-48.0,,cm,71,1947.9499999999994
6,2026-08-11,75-1,75,A,leaf,3.0,,leafZ,130.0,,cm,71,1947.9499999999994
6,2026-08-11,75-1,75,A,leaf,3.0,,angle_from_vertical,42.0,,deg,71,1947.9499999999994
6,2026-08-11,75-1,75,A,leaf,4.0,,leafX,-5.0,,cm,71,1947.9499999999994
6,2026-08-11,75-1,75,A,leaf,4.0,,leafY,-44.0,,cm,71,1947.9499999999994
6,2026-08-11,75-1,75,A,leaf,4.0,,leafZ,30.0,,cm,71,1947.9499999999994
6,2026-08-11,75-1,75,A,leaf,4.0,,angle_from_vertical,46.0,,deg,71,1947.9499999999994
6,2026-08-11,75-1,75,A,leaf,5.0,,leafX,4.0,,cm,71,1947.9499999999994
6,2026-08-11,75-1,75,A,leaf,5.0,,leafY,-53.0,,cm,71,1947.9499999999994
6,2026-08-11,75-1,75,A,leaf,5.0,,leafZ,127.0,,cm,71,1947.9499999999994
6,2026-08-11,75-1,75,A,leaf,5.0,,angle_from_vertical,37.0,,deg,71,1947.9499999999994
6,2026-08-11,75-1,75,A,leaf,6.0,,leafX,-15.0,,cm,71,1947.9499999999994
6,2026-08-11,75-1,75,A,leaf,6.0,,leafY,-56.0,,cm,71,1947.9499999999994
6,2026-08-11,75-1,75,A,leaf,6.0,,leafZ,67.0,,cm,71,1947.9499999999994
6,2026-08-11,75-1,75,A,leaf,6.0,,angle_from_vertical,34.0,,deg,71,1947.9499999999994
6,2026-08-11,75-1,75,A,leaf,7.0,,leafX,2.0,,cm,71,1947.9499999999994
6,2026-08-11,75-1,75,A,leaf,7.0,,leafY,-49.0,,cm,71,1947.9499999999994
6,2026-08-11,75-1,75,A,leaf,7.0,,leafZ,-130.0,,cm,71,1947.9499999999994
6,2026-08-11,75-1,75,A,leaf,7.0,,angle_from_vertical,41.0,,deg,71,1947.9499999999994
6,2026-08-11,75-1,75,A,leaf,8.0,,leafX,-25.0,,cm,71,1947.9499999999994
6,2026-08-11,75-1,75,A,leaf,8.0,,leafY,-63.0,,cm,71,1947.9499999999994
6,2026-08-11,75-1,75,A,leaf,8.0,,leafZ,85.0,,cm,71,1947.9499999999994
6,2026-08-11,75-1,75,A,leaf,8.0,,angle_from_vertical,27.0,,deg,71,1947.9499999999994
6,2026-08-11,75-1,75,A,leaf,9.0,,leafX,43.0,,cm,71,1947.9499999999994
6,2026-08-11,75-1,75,A,leaf,9.0,,leafY,-76.0,,cm,71,1947.9499999999994
6,2026-08-11,75-1,75,A,leaf,9.0,,leafZ,72.0,,cm,71,1947.9499999999994
6,2026-08-11,75-1,75,A,leaf,9.0,,angle_from_vertical,14.0,,deg,71,1947.9499999999994
6,2026-08-11,75-1,75,A,leaf,10.0,,leafX,-25.0,,cm,71,1947.9499999999994
6,2026-08-11,75-1,75,A,leaf,10.0,,leafY,-78.0,,cm,71,1947.9499999999994
6,2026-08-11,75-1,75,A,leaf,10.0,,leafZ,98.0,,cm,71,1947.9499999999994
6,2026-08-11,75-1,75,A,leaf,10.0,,angle_from_vertical,12.0,,deg,71,1947.9499999999994
6,2026-08-11,75-1,75,A,leaf,11.0,,leafX,20.0,,cm,71,1947.9499999999994
6,2026-08-11,75-1,75,A,leaf,11.0,,leafY,-79.0,,cm,71,1947.9499999999994
6,2026-08-11,75-1,75,A,leaf,11.0,,leafZ,139.0,,cm,71,1947.9499999999994
6,2026-08-11,75-1,75,A,leaf,11.0,,angle_from_vertical,11.0,,deg,71,1947.9499999999994
6,2026-08-11,75-1,75,A,leaf,12.0,,leafX,-42.0,,cm,71,1947.9499999999994
6,2026-08-11,75-1,75,A,leaf,12.0,,leafY,-77.0,,cm,71,1947.9499999999994
6,2026-08-11,75-1,75,A,leaf,12.0,,leafZ,110.0,,cm,71,1947.9499999999994
6,2026-08-11,75-1,75,A,leaf,12.0,,angle_from_vertical,13.0,,deg,71,1947.9499999999994
6,2026-08-11,75-2,75,A,leaf,1.0,,leafX,-1.0,,cm,71,1947.9499999999994
6,2026-08-11,75-2,75,A,leaf,1.0,,leafY,26.0,,cm,71,1947.9499999999994
6,2026-08-11,75-2,75,A,leaf,1.0,,leafZ,157.0,,cm,71,1947.9499999999994
6,2026-08-11,75-2,75,A,leaf,1.0,,angle_from_vertical,64.0,,deg,71,1947.9499999999994
6,2026-08-11,75-2,75,A,leaf,2.0,,leafX,-1.0,,cm,71,1947.9499999999994
6,2026-08-11,75-2,75,A,leaf,2.0,,leafY,7.0,,cm,71,1947.9499999999994
6,2026-08-11,75-2,75,A,leaf,2.0,,leafZ,23.0,,cm,71,1947.9499999999994
6,2026-08-11,75-2,75,A,leaf,2.0,,angle_from_vertical,83.0,,deg,71,1947.9499999999994
6,2026-08-11,75-2,75,A,leaf,3.0,,leafX,16.0,,cm,71,1947.9499999999994
6,2026-08-11,75-2,75,A,leaf,3.0,,leafY,43.0,,cm,71,1947.9499999999994
6,2026-08-11,75-2,75,A,leaf,3.0,,leafZ,-157.0,,cm,71,1947.9499999999994
6,2026-08-11,75-2,75,A,leaf,3.0,,angle_from_vertical,47.0,,deg,71,1947.9499999999994
6,2026-08-11,75-2,75,A,leaf,4.0,,leafX,-1.0,,cm,71,1947.9499999999994
6,2026-08-11,75-2,75,A,leaf,4.0,,leafY,-61.0,,cm,71,1947.9499999999994
6,2026-08-11,75-2,75,A,leaf,4.0,,leafZ,58.0,,cm,71,1947.9499999999994
6,2026-08-11,75-2,75,A,leaf,4.0,,angle_from_vertical,29.0,,deg,71,1947.9499999999994
6,2026-08-11,75-2,75,A,leaf,5.0,,leafX,9.0,,cm,71,1947.9499999999994
6,2026-08-11,75-2,75,A,leaf,5.0,,leafY,-22.0,,cm,71,1947.9499999999994
6,2026-08-11,75-2,75,A,leaf,5.0,,leafZ,-68.0,,cm,71,1947.9499999999994
6,2026-08-11,75-2,75,A,leaf,5.0,,angle_from_vertical,68.0,,deg,71,1947.9499999999994
6,2026-08-11,75-2,75,A,leaf,6.0,,leafX,-11.0,,cm,71,1947.9499999999994
6,2026-08-11,75-2,75,A,leaf,6.0,,leafY,-56.0,,cm,71,1947.9499999999994
6,2026-08-11,75-2,75,A,leaf,6.0,,leafZ,146.0,,cm,71,1947.9499999999994
6,2026-08-11,75-2,75,A,leaf,6.0,,angle_from_vertical,34.0,,deg,71,1947.9499999999994
6,2026-08-11,75-2,75,A,leaf,7.0,,leafX,6.0,,cm,71,1947.9499999999994
6,2026-08-11,75-2,75,A,leaf,7.0,,leafY,-58.0,,cm,71,1947.9499999999994
6,2026-08-11,75-2,75,A,leaf,7.0,,leafZ,141.0,,cm,71,1947.9499999999994
6,2026-08-11,75-2,75,A,leaf,7.0,,angle_from_vertical,32.0,,deg,71,1947.9499999999994
6,2026-08-11,75-2,75,A,leaf,8.0,,leafX,1.0,,cm,71,1947.9499999999994
6,2026-08-11,75-2,75,A,leaf,8.0,,leafY,-52.0,,cm,71,1947.9499999999994
6,2026-08-11,75-2,75,A,leaf,8.0,,leafZ,0.0,,cm,71,1947.9499999999994
6,2026-08-11,75-2,75,A,leaf,8.0,,angle_from_vertical,38.0,,deg,71,1947.9499999999994
6,2026-08-11,75-2,75,A,leaf,9.0,,leafX,9.0,,cm,71,1947.9499999999994
6,2026-08-11,75-2,75,A,leaf,9.0,,leafY,-71.0,,cm,71,1947.9499999999994
6,2026-08-11,75-2,75,A,leaf,9.0,,leafZ,116.0,,cm,71,1947.9499999999994
6,2026-08-11,75-2,75,A,leaf,9.0,,angle_from_vertical,19.0,,deg,71,1947.9499999999994
6,2026-08-11,75-2,75,A,leaf,10.0,,leafX,1.0,,cm,71,1947.9499999999994
6,2026-08-11,75-2,75,A,leaf,10.0,,leafY,-58.0,,cm,71,1947.9499999999994
6,2026-08-11,75-2,75,A,leaf,10.0,,leafZ,135.0,,cm,71,1947.9499999999994
6,2026-08-11,75-2,75,A,leaf,10.0,,angle_from_vertical,32.0,,deg,71,1947.9499999999994
6,2026-08-11,75-2,75,A,leaf,11.0,,leafX,-73.0,,cm,71,1947.9499999999994
6,2026-08-11,75-2,75,A,leaf,11.0,,leafY,-76.0,,cm,71,1947.9499999999994
6,2026-08-11,75-2,75,A,leaf,11.0,,leafZ,-167.0,,cm,71,1947.9499999999994
6,2026-08-11,75-2,75,A,leaf,11.0,,angle_from_vertical,14.0,,deg,71,1947.9499999999994
6,2026-08-11,75-2,75,A,leaf,12.0,,leafX,-12.0,,cm,71,1947.9499999999994
6,2026-08-11,75-2,75,A,leaf,12.0,,leafY,-73.0,,cm,71,1947.9499999999994
6,2026-08-11,75-2,75,A,leaf,12.0,,leafZ,-142.0,,cm,71,1947.9499999999994
6,2026-08-11,75-2,75,A,leaf,12.0,,angle_from_vertical,17.0,,deg,71,1947.9499999999994
6,2026-08-11,75-2,75,A,leaf,13.0,,leafX,-67.0,,cm,71,1947.9499999999994
6,2026-08-11,75-2,75,A,leaf,13.0,,leafY,-83.0,,cm,71,1947.9499999999994
6,2026-08-11,75-2,75,A,leaf,13.0,,leafZ,-173.0,,cm,71,1947.9499999999994
6,2026-08-11,75-2,75,A,leaf,13.0,,angle_from_vertical,7.0,,deg,71,1947.9499999999994
6,2026-08-11,75-3,75,A,leaf,1.0,,leafX,0.0,,cm,71,1947.9499999999994
6,2026-08-11,75-3,75,A,leaf,1.0,,leafY,37.0,,cm,71,1947.9499999999994
6,2026-08-11,75-3,75,A,leaf,1.0,,leafZ,-70.0,,cm,71,1947.9499999999994
6,2026-08-11,75-3,75,A,leaf,1.0,,angle_from_vertical,53.0,,deg,71,1947.9499999999994
6,2026-08-11,75-3,75,A,leaf,2.0,,leafX,1.0,,cm,71,1947.9499999999994
6,2026-08-11,75-3,75,A,leaf,2.0,,leafY,21.0,,cm,71,1947.9499999999994
6,2026-08-11,75-3,75,A,leaf,2.0,,leafZ,118.0,,cm,71,1947.9499999999994
6,2026-08-11,75-3,75,A,leaf,2.0,,angle_from_vertical,69.0,,deg,71,1947.9499999999994
6,2026-08-11,75-3,75,A,leaf,3.0,,leafX,2.0,,cm,71,1947.9499999999994
6,2026-08-11,75-3,75,A,leaf,3.0,,leafY,35.0,,cm,71,1947.9499999999994
6,2026-08-11,75-3,75,A,leaf,3.0,,leafZ,-54.0,,cm,71,1947.9499999999994
6,2026-08-11,75-3,75,A,leaf,3.0,,angle_from_vertical,55.0,,deg,71,1947.9499999999994
6,2026-08-11,75-3,75,A,leaf,4.0,,leafX,-9.0,,cm,71,1947.9499999999994
6,2026-08-11,75-3,75,A,leaf,4.0,,leafY,-59.0,,cm,71,1947.9499999999994
6,2026-08-11,75-3,75,A,leaf,4.0,,leafZ,147.0,,cm,71,1947.9499999999994
6,2026-08-11,75-3,75,A,leaf,4.0,,angle_from_vertical,31.0,,deg,71,1947.9499999999994
6,2026-08-11,75-3,75,A,leaf,5.0,,leafX,-2.0,,cm,71,1947.9499999999994
6,2026-08-11,75-3,75,A,leaf,5.0,,leafY,-21.0,,cm,71,1947.9499999999994
6,2026-08-11,75-3,75,A,leaf,5.0,,leafZ,52.0,,cm,71,1947.9499999999994
6,2026-08-11,75-3,75,A,leaf,5.0,,angle_from_vertical,69.0,,deg,71,1947.9499999999994
6,2026-08-11,75-3,75,A,leaf,6.0,,leafX,-16.0,,cm,71,1947.9499999999994
6,2026-08-11,75-3,75,A,leaf,6.0,,leafY,-58.0,,cm,71,1947.9499999999994
6,2026-08-11,75-3,75,A,leaf,6.0,,leafZ,81.0,,cm,71,1947.9499999999994
6,2026-08-11,75-3,75,A,leaf,6.0,,angle_from_vertical,32.0,,deg,71,1947.9499999999994
6,2026-08-11,75-3,75,A,leaf,7.0,,leafX,5.0,,cm,71,1947.9499999999994
6,2026-08-11,75-3,75,A,leaf,7.0,,leafY,-47.0,,cm,71,1947.9499999999994
6,2026-08-11,75-3,75,A,leaf,7.0,,leafZ,-170.0,,cm,71,1947.9499999999994
6,2026-08-11,75-3,75,A,leaf,7.0,,angle_from_vertical,43.0,,deg,71,1947.9499999999994
6,2026-08-11,75-3,75,A,leaf,8.0,,leafX,-9.0,,cm,71,1947.9499999999994
6,2026-08-11,75-3,75,A,leaf,8.0,,leafY,-42.0,,cm,71,1947.9499999999994
6,2026-08-11,75-3,75,A,leaf,8.0,,leafZ,45.0,,cm,71,1947.9499999999994
6,2026-08-11,75-3,75,A,leaf,8.0,,angle_from_vertical,48.0,,deg,71,1947.9499999999994
6,2026-08-11,75-3,75,A,leaf,9.0,,leafX,10.0,,cm,71,1947.9499999999994
6,2026-08-11,75-3,75,A,leaf,9.0,,leafY,-48.0,,cm,71,1947.9499999999994
6,2026-08-11,75-3,75,A,leaf,9.0,,leafZ,161.0,,cm,71,1947.9499999999994
6,2026-08-11,75-3,75,A,leaf,9.0,,angle_from_vertical,42.0,,deg,71,1947.9499999999994
6,2026-08-11,75-3,75,A,leaf,10.0,,leafX,-15.0,,cm,71,1947.9499999999994
6,2026-08-11,75-3,75,A,leaf,10.0,,leafY,-64.0,,cm,71,1947.9499999999994
6,2026-08-11,75-3,75,A,leaf,10.0,,leafZ,74.0,,cm,71,1947.9499999999994
6,2026-08-11,75-3,75,A,leaf,10.0,,angle_from_vertical,26.0,,deg,71,1947.9499999999994
6,2026-08-11,75-3,75,A,leaf,11.0,,leafX,14.0,,cm,71,1947.9499999999994
6,2026-08-11,75-3,75,A,leaf,11.0,,leafY,-71.0,,cm,71,1947.9499999999994
6,2026-08-11,75-3,75,A,leaf,11.0,,leafZ,104.0,,cm,71,1947.9499999999994
6,2026-08-11,75-3,75,A,leaf,11.0,,angle_from_vertical,19.0,,deg,71,1947.9499999999994
6,2026-08-11,75-3,75,A,leaf,12.0,,leafX,-12.0,,cm,71,1947.9499999999994
6,2026-08-11,75-3,75,A,leaf,12.0,,leafY,-62.0,,cm,71,1947.9499999999994
6,2026-08-11,75-3,75,A,leaf,12.0,,leafZ,67.0,,cm,71,1947.9499999999994
6,2026-08-11,75-3,75,A,leaf,12.0,,angle_from_vertical,28.0,,deg,71,1947.9499999999994
6,2026-08-11,75-4,75,A,leaf,1.0,,leafX,7.0,,cm,71,1947.9499999999994
6,2026-08-11,75-4,75,A,leaf,1.0,,leafY,-27.0,,cm,71,1947.9499999999994
6,2026-08-11,75-4,75,A,leaf,1.0,,leafZ,-14.0,,cm,71,1947.9499999999994
6,2026-08-11,75-4,75,A,leaf,1.0,,angle_from_vertical,63.0,,deg,71,1947.9499999999994
6,2026-08-11,75-4,75,A,leaf,2.0,,leafX,-28.0,,cm,71,1947.9499999999994
6,2026-08-11,75-4,75,A,leaf,2.0,,leafY,36.0,,cm,71,1947.9499999999994
6,2026-08-11,75-4,75,A,leaf,2.0,,leafZ,-150.0,,cm,71,1947.9499999999994
6,2026-08-11,75-4,75,A,leaf,2.0,,angle_from_vertical,54.0,,deg,71,1947.9499999999994
6,2026-08-11,75-4,75,A,leaf,3.0,,leafX,10.0,,cm,71,1947.9499999999994
6,2026-08-11,75-4,75,A,leaf,3.0,,leafY,9.0,,cm,71,1947.9499999999994
6,2026-08-11,75-4,75,A,leaf,3.0,,leafZ,-24.0,,cm,71,1947.9499999999994
6,2026-08-11,75-4,75,A,leaf,3.0,,angle_from_vertical,81.0,,deg,71,1947.9499999999994
6,2026-08-11,75-4,75,A,leaf,4.0,,leafX,-6.0,,cm,71,1947.9499999999994
6,2026-08-11,75-4,75,A,leaf,4.0,,leafY,27.0,,cm,71,1947.9499999999994
6,2026-08-11,75-4,75,A,leaf,4.0,,leafZ,-164.0,,cm,71,1947.9499999999994
6,2026-08-11,75-4,75,A,leaf,4.0,,angle_from_vertical,63.0,,deg,71,1947.9499999999994
6,2026-08-11,75-4,75,A,leaf,5.0,,leafX,0.0,,cm,71,1947.9499999999994
6,2026-08-11,75-4,75,A,leaf,5.0,,leafY,-6.0,,cm,71,1947.9499999999994
6,2026-08-11,75-4,75,A,leaf,5.0,,leafZ,-113.0,,cm,71,1947.9499999999994
6,2026-08-11,75-4,75,A,leaf,5.0,,angle_from_vertical,84.0,,deg,71,1947.9499999999994
6,2026-08-11,75-4,75,A,leaf,6.0,,leafX,2.0,,cm,71,1947.9499999999994
6,2026-08-11,75-4,75,A,leaf,6.0,,leafY,-50.0,,cm,71,1947.9499999999994
6,2026-08-11,75-4,75,A,leaf,6.0,,leafZ,66.0,,cm,71,1947.9499999999994
6,2026-08-11,75-4,75,A,leaf,6.0,,angle_from_vertical,40.0,,deg,71,1947.9499999999994
6,2026-08-11,75-4,75,A,leaf,7.0,,leafX,23.0,,cm,71,1947.9499999999994
6,2026-08-11,75-4,75,A,leaf,7.0,,leafY,-44.0,,cm,71,1947.9499999999994
6,2026-08-11,75-4,75,A,leaf,7.0,,leafZ,-14.0,,cm,71,1947.9499999999994
6,2026-08-11,75-4,75,A,leaf,7.0,,angle_from_vertical,46.0,,deg,71,1947.9499999999994
6,2026-08-11,75-4,75,A,leaf,8.0,,leafX,-3.0,,cm,71,1947.9499999999994
6,2026-08-11,75-4,75,A,leaf,8.0,,leafY,-55.0,,cm,71,1947.9499999999994
6,2026-08-11,75-4,75,A,leaf,8.0,,leafZ,-166.0,,cm,71,1947.9499999999994
6,2026-08-11,75-4,75,A,leaf,8.0,,angle_from_vertical,35.0,,deg,71,1947.9499999999994
6,2026-08-11,75-4,75,A,leaf,9.0,,leafX,-9.0,,cm,71,1947.9499999999994
6,2026-08-11,75-4,75,A,leaf,9.0,,leafY,-52.0,,cm,71,1947.9499999999994
6,2026-08-11,75-4,75,A,leaf,9.0,,leafZ,58.0,,cm,71,1947.9499999999994
6,2026-08-11,75-4,75,A,leaf,9.0,,angle_from_vertical,38.0,,deg,71,1947.9499999999994
6,2026-08-11,75-4,75,A,leaf,10.0,,leafX,-9.0,,cm,71,1947.9499999999994
6,2026-08-11,75-4,75,A,leaf,10.0,,leafY,-46.0,,cm,71,1947.9499999999994
6,2026-08-11,75-4,75,A,leaf,10.0,,leafZ,91.0,,cm,71,1947.9499999999994
6,2026-08-11,75-4,75,A,leaf,10.0,,angle_from_vertical,44.0,,deg,71,1947.9499999999994
6,2026-08-11,75-4,75,A,leaf,11.0,,leafX,0.0,,cm,71,1947.9499999999994
6,2026-08-11,75-4,75,A,leaf,11.0,,leafY,-50.0,,cm,71,1947.9499999999994
6,2026-08-11,75-4,75,A,leaf,11.0,,leafZ,31.0,,cm,71,1947.9499999999994
6,2026-08-11,75-4,75,A,leaf,11.0,,angle_from_vertical,40.0,,deg,71,1947.9499999999994
6,2026-08-11,75-4,75,A,leaf,12.0,,leafX,-35.0,,cm,71,1947.9499999999994
6,2026-08-11,75-4,75,A,leaf,12.0,,leafY,-68.0,,cm,71,1947.9499999999994
6,2026-08-11,75-4,75,A,leaf,12.0,,leafZ,-142.0,,cm,71,1947.9499999999994
6,2026-08-11,75-4,75,A,leaf,12.0,,angle_from_vertical,22.0,,deg,71,1947.9499999999994
6,2026-08-11,75-4,75,A,leaf,13.0,,leafX,0.0,,cm,71,1947.9499999999994
6,2026-08-11,75-4,75,A,leaf,13.0,,leafY,-75.0,,cm,71,1947.9499999999994
6,2026-08-11,75-4,75,A,leaf,13.0,,leafZ,63.0,,cm,71,1947.9499999999994
6,2026-08-11,75-4,75,A,leaf,13.0,,angle_from_vertical,15.0,,deg,71,1947.9499999999994
6,2026-08-11,75-4,75,A,leaf,14.0,,leafX,-3.0,,cm,71,1947.9499999999994
6,2026-08-11,75-4,75,A,leaf,14.0,,leafY,-80.0,,cm,71,1947.9499999999994
6,2026-08-11,75-4,75,A,leaf,14.0,,leafZ,104.0,,cm,71,1947.9499999999994
6,2026-08-11,75-4,75,A,leaf,14.0,,angle_from_vertical,10.0,,deg,71,1947.9499999999994
6,2026-08-11,75-5,75,A,leaf,1.0,,leafX,-11.0,,cm,71,1947.9499999999994
6,2026-08-11,75-5,75,A,leaf,1.0,,leafY,49.0,,cm,71,1947.9499999999994
6,2026-08-11,75-5,75,A,leaf,1.0,,leafZ,-146.0,,cm,71,1947.9499999999994
6,2026-08-11,75-5,75,A,leaf,1.0,,angle_from_vertical,41.0,,deg,71,1947.9499999999994
6,2026-08-11,75-5,75,A,leaf,2.0,,leafX,5.0,,cm,71,1947.9499999999994
6,2026-08-11,75-5,75,A,leaf,2.0,,leafY,15.0,,cm,71,1947.9499999999994
6,2026-08-11,75-5,75,A,leaf,2.0,,leafZ,37.0,,cm,71,1947.9499999999994
6,2026-08-11,75-5,75,A,leaf,2.0,,angle_from_vertical,75.0,,deg,71,1947.9499999999994
6,2026-08-11,75-5,75,A,leaf,3.0,,leafX,-11.0,,cm,71,1947.9499999999994
6,2026-08-11,75-5,75,A,leaf,3.0,,leafY,-7.0,,cm,71,1947.9499999999994
6,2026-08-11,75-5,75,A,leaf,3.0,,leafZ,-146.0,,cm,71,1947.9499999999994
6,2026-08-11,75-5,75,A,leaf,3.0,,angle_from_vertical,83.0,,deg,71,1947.9499999999994
6,2026-08-11,75-5,75,A,leaf,4.0,,leafX,-3.0,,cm,71,1947.9499999999994
6,2026-08-11,75-5,75,A,leaf,4.0,,leafY,17.0,,cm,71,1947.9499999999994
6,2026-08-11,75-5,75,A,leaf,4.0,,leafZ,16.0,,cm,71,1947.9499999999994
6,2026-08-11,75-5,75,A,leaf,4.0,,angle_from_vertical,73.0,,deg,71,1947.9499999999994
6,2026-08-11,75-5,75,A,leaf,5.0,,leafX,-14.0,,cm,71,1947.9499999999994
6,2026-08-11,75-5,75,A,leaf,5.0,,leafY,-56.0,,cm,71,1947.9499999999994
6,2026-08-11,75-5,75,A,leaf,5.0,,leafZ,156.0,,cm,71,1947.9499999999994
6,2026-08-11,75-5,75,A,leaf,5.0,,angle_from_vertical,34.0,,deg,71,1947.9499999999994
6,2026-08-11,75-5,75,A,leaf,6.0,,leafX,0.0,,cm,71,1947.9499999999994
6,2026-08-11,75-5,75,A,leaf,6.0,,leafY,24.0,,cm,71,1947.9499999999994
6,2026-08-11,75-5,75,A,leaf,6.0,,leafZ,-24.0,,cm,71,1947.9499999999994
6,2026-08-11,75-5,75,A,leaf,6.0,,angle_from_vertical,66.0,,deg,71,1947.9499999999994
6,2026-08-11,75-5,75,A,leaf,7.0,,leafX,0.0,,cm,71,1947.9499999999994
6,2026-08-11,75-5,75,A,leaf,7.0,,leafY,-44.0,,cm,71,1947.9499999999994
6,2026-08-11,75-5,75,A,leaf,7.0,,leafZ,157.0,,cm,71,1947.9499999999994
6,2026-08-11,75-5,75,A,leaf,7.0,,angle_from_vertical,46.0,,deg,71,1947.9499999999994
6,2026-08-11,75-5,75,A,leaf,8.0,,leafX,-7.0,,cm,71,1947.9499999999994
6,2026-08-11,75-5,75,A,leaf,8.0,,leafY,-48.0,,cm,71,1947.9499999999994
6,2026-08-11,75-5,75,A,leaf,8.0,,leafZ,-24.0,,cm,71,1947.9499999999994
6,2026-08-11,75-5,75,A,leaf,8.0,,angle_from_vertical,42.0,,deg,71,1947.9499999999994
6,2026-08-11,75-5,75,A,leaf,9.0,,leafX,-16.0,,cm,71,1947.9499999999994
6,2026-08-11,75-5,75,A,leaf,9.0,,leafY,-51.0,,cm,71,1947.9499999999994
6,2026-08-11,75-5,75,A,leaf,9.0,,leafZ,167.0,,cm,71,1947.9499999999994
6,2026-08-11,75-5,75,A,leaf,9.0,,angle_from_vertical,39.0,,deg,71,1947.9499999999994
6,2026-08-11,75-5,75,A,leaf,10.0,,leafX,-5.0,,cm,71,1947.9499999999994
6,2026-08-11,75-5,75,A,leaf,10.0,,leafY,-52.0,,cm,71,1947.9499999999994
6,2026-08-11,75-5,75,A,leaf,10.0,,leafZ,-31.0,,cm,71,1947.9499999999994
6,2026-08-11,75-5,75,A,leaf,10.0,,angle_from_vertical,38.0,,deg,71,1947.9499999999994
6,2026-08-11,75-5,75,A,leaf,11.0,,leafX,-15.0,,cm,71,1947.9499999999994
6,2026-08-11,75-5,75,A,leaf,11.0,,leafY,-62.0,,cm,71,1947.9499999999994
6,2026-08-11,75-5,75,A,leaf,11.0,,leafZ,156.0,,cm,71,1947.9499999999994
6,2026-08-11,75-5,75,A,leaf,11.0,,angle_from_vertical,28.0,,deg,71,1947.9499999999994
6,2026-08-11,75-5,75,A,leaf,12.0,,leafX,7.0,,cm,71,1947.9499999999994
6,2026-08-11,75-5,75,A,leaf,12.0,,leafY,-70.0,,cm,71,1947.9499999999994
6,2026-08-11,75-5,75,A,leaf,12.0,,leafZ,117.0,,cm,71,1947.9499999999994
6,2026-08-11,75-5,75,A,leaf,12.0,,angle_from_vertical,20.0,,deg,71,1947.9499999999994
6,2026-08-11,75-5,75,A,leaf,13.0,,leafX,-6.0,,cm,71,1947.9499999999994
6,2026-08-11,75-5,75,A,leaf,13.0,,leafY,-77.0,,cm,71,1947.9499999999994
6,2026-08-11,75-5,75,A,leaf,13.0,,leafZ,115.0,,cm,71,1947.9499999999994
6,2026-08-11,75-5,75,A,leaf,13.0,,angle_from_vertical,13.0,,deg,71,1947.9499999999994
6,2026-08-11,75-5,75,A,leaf,14.0,,leafX,-121.0,,cm,71,1947.9499999999994
6,2026-08-11,75-5,75,A,leaf,14.0,,leafY,-84.0,,cm,71,1947.9499999999994
6,2026-08-11,75-5,75,A,leaf,14.0,,leafZ,-135.0,,cm,71,1947.9499999999994
6,2026-08-11,75-5,75,A,leaf,14.0,,angle_from_vertical,6.0,,deg,71,1947.9499999999994
6,2026-08-11,74-1,74,B,leaf,1.0,,leafX,0.0,,cm,71,1947.9499999999994
6,2026-08-11,74-1,74,B,leaf,1.0,,leafY,-16.0,,cm,71,1947.9499999999994
6,2026-08-11,74-1,74,B,leaf,1.0,,leafZ,-56.0,,cm,71,1947.9499999999994
6,2026-08-11,74-1,74,B,leaf,1.0,,angle_from_vertical,74.0,,deg,71,1947.9499999999994
6,2026-08-11,74-1,74,B,leaf,2.0,,leafX,0.0,,cm,71,1947.9499999999994
6,2026-08-11,74-1,74,B,leaf,2.0,,leafY,2.0,,cm,71,1947.9499999999994
6,2026-08-11,74-1,74,B,leaf,2.0,,leafZ,110.0,,cm,71,1947.9499999999994
6,2026-08-11,74-1,74,B,leaf,2.0,,angle_from_vertical,88.0,,deg,71,1947.9499999999994
6,2026-08-11,74-1,74,B,leaf,3.0,,leafX,0.0,,cm,71,1947.9499999999994
6,2026-08-11,74-1,74,B,leaf,3.0,,leafY,-27.0,,cm,71,1947.9499999999994
6,2026-08-11,74-1,74,B,leaf,3.0,,leafZ,-40.0,,cm,71,1947.9499999999994
6,2026-08-11,74-1,74,B,leaf,3.0,,angle_from_vertical,63.0,,deg,71,1947.9499999999994
6,2026-08-11,74-1,74,B,leaf,4.0,,leafX,-3.0,,cm,71,1947.9499999999994
6,2026-08-11,74-1,74,B,leaf,4.0,,leafY,-34.0,,cm,71,1947.9499999999994
6,2026-08-11,74-1,74,B,leaf,4.0,,leafZ,110.0,,cm,71,1947.9499999999994
6,2026-08-11,74-1,74,B,leaf,4.0,,angle_from_vertical,56.0,,deg,71,1947.9499999999994
6,2026-08-11,74-1,74,B,leaf,5.0,,leafX,0.0,,cm,71,1947.9499999999994
6,2026-08-11,74-1,74,B,leaf,5.0,,leafY,-44.0,,cm,71,1947.9499999999994
6,2026-08-11,74-1,74,B,leaf,5.0,,leafZ,161.0,,cm,71,1947.9499999999994
6,2026-08-11,74-1,74,B,leaf,5.0,,angle_from_vertical,46.0,,deg,71,1947.9499999999994
6,2026-08-11,74-1,74,B,leaf,6.0,,leafX,0.0,,cm,71,1947.9499999999994
6,2026-08-11,74-1,74,B,leaf,6.0,,leafY,-30.0,,cm,71,1947.9499999999994
6,2026-08-11,74-1,74,B,leaf,6.0,,leafZ,67.0,,cm,71,1947.9499999999994
6,2026-08-11,74-1,74,B,leaf,6.0,,angle_from_vertical,60.0,,deg,71,1947.9499999999994
6,2026-08-11,74-1,74,B,leaf,7.0,,leafX,13.0,,cm,71,1947.9499999999994
6,2026-08-11,74-1,74,B,leaf,7.0,,leafY,-39.0,,cm,71,1947.9499999999994
6,2026-08-11,74-1,74,B,leaf,7.0,,leafZ,-168.0,,cm,71,1947.9499999999994
6,2026-08-11,74-1,74,B,leaf,7.0,,angle_from_vertical,51.0,,deg,71,1947.9499999999994
6,2026-08-11,74-1,74,B,leaf,8.0,,leafX,3.0,,cm,71,1947.9499999999994
6,2026-08-11,74-1,74,B,leaf,8.0,,leafY,-44.0,,cm,71,1947.9499999999994
6,2026-08-11,74-1,74,B,leaf,8.0,,leafZ,179.0,,cm,71,1947.9499999999994
6,2026-08-11,74-1,74,B,leaf,8.0,,angle_from_vertical,46.0,,deg,71,1947.9499999999994
6,2026-08-11,74-1,74,B,leaf,9.0,,leafX,6.0,,cm,71,1947.9499999999994
6,2026-08-11,74-1,74,B,leaf,9.0,,leafY,-51.0,,cm,71,1947.9499999999994
6,2026-08-11,74-1,74,B,leaf,9.0,,leafZ,150.0,,cm,71,1947.9499999999994
6,2026-08-11,74-1,74,B,leaf,9.0,,angle_from_vertical,39.0,,deg,71,1947.9499999999994
6,2026-08-11,74-1,74,B,leaf,10.0,,leafX,-6.0,,cm,71,1947.9499999999994
6,2026-08-11,74-1,74,B,leaf,10.0,,leafY,-40.0,,cm,71,1947.9499999999994
6,2026-08-11,74-1,74,B,leaf,10.0,,leafZ,81.0,,cm,71,1947.9499999999994
6,2026-08-11,74-1,74,B,leaf,10.0,,angle_from_vertical,50.0,,deg,71,1947.9499999999994
6,2026-08-11,74-1,74,B,leaf,11.0,,leafX,4.0,,cm,71,1947.9499999999994
6,2026-08-11,74-1,74,B,leaf,11.0,,leafY,-49.0,,cm,71,1947.9499999999994
6,2026-08-11,74-1,74,B,leaf,11.0,,leafZ,-154.0,,cm,71,1947.9499999999994
6,2026-08-11,74-1,74,B,leaf,11.0,,angle_from_vertical,41.0,,deg,71,1947.9499999999994
6,2026-08-11,74-1,74,B,leaf,12.0,,leafX,-1.0,,cm,71,1947.9499999999994
6,2026-08-11,74-1,74,B,leaf,12.0,,leafY,-32.0,,cm,71,1947.9499999999994
6,2026-08-11,74-1,74,B,leaf,12.0,,leafZ,-42.0,,cm,71,1947.9499999999994
6,2026-08-11,74-1,74,B,leaf,12.0,,angle_from_vertical,58.0,,deg,71,1947.9499999999994
6,2026-08-11,74-1,74,B,leaf,13.0,,leafX,47.0,,cm,71,1947.9499999999994
6,2026-08-11,74-1,74,B,leaf,13.0,,leafY,-48.0,,cm,71,1947.9499999999994
6,2026-08-11,74-1,74,B,leaf,13.0,,leafZ,27.0,,cm,71,1947.9499999999994
6,2026-08-11,74-1,74,B,leaf,13.0,,angle_from_vertical,42.0,,deg,71,1947.9499999999994
6,2026-08-11,74-2,74,B,leaf,1.0,,leafX,-8.0,,cm,71,1947.9499999999994
6,2026-08-11,74-2,74,B,leaf,1.0,,leafY,-27.0,,cm,71,1947.9499999999994
6,2026-08-11,74-2,74,B,leaf,1.0,,leafZ,-96.0,,cm,71,1947.9499999999994
6,2026-08-11,74-2,74,B,leaf,1.0,,angle_from_vertical,63.0,,deg,71,1947.9499999999994
6,2026-08-11,74-2,74,B,leaf,2.0,,leafX,-4.0,,cm,71,1947.9499999999994
6,2026-08-11,74-2,74,B,leaf,2.0,,leafY,-22.0,,cm,71,1947.9499999999994
6,2026-08-11,74-2,74,B,leaf,2.0,,leafZ,84.0,,cm,71,1947.9499999999994
6,2026-08-11,74-2,74,B,leaf,2.0,,angle_from_vertical,68.0,,deg,71,1947.9499999999994
6,2026-08-11,74-2,74,B,leaf,3.0,,leafX,-2.0,,cm,71,1947.9499999999994
6,2026-08-11,74-2,74,B,leaf,3.0,,leafY,-33.0,,cm,71,1947.9499999999994
6,2026-08-11,74-2,74,B,leaf,3.0,,leafZ,-106.0,,cm,71,1947.9499999999994
6,2026-08-11,74-2,74,B,leaf,3.0,,angle_from_vertical,57.0,,deg,71,1947.9499999999994
6,2026-08-11,74-2,74,B,leaf,4.0,,leafX,1.0,,cm,71,1947.9499999999994
6,2026-08-11,74-2,74,B,leaf,4.0,,leafY,-17.0,,cm,71,1947.9499999999994
6,2026-08-11,74-2,74,B,leaf,4.0,,leafZ,59.0,,cm,71,1947.9499999999994
6,2026-08-11,74-2,74,B,leaf,4.0,,angle_from_vertical,73.0,,deg,71,1947.9499999999994
6,2026-08-11,74-2,74,B,leaf,5.0,,leafX,6.0,,cm,71,1947.9499999999994
6,2026-08-11,74-2,74,B,leaf,5.0,,leafY,-55.0,,cm,71,1947.9499999999994
6,2026-08-11,74-2,74,B,leaf,5.0,,leafZ,45.0,,cm,71,1947.9499999999994
6,2026-08-11,74-2,74,B,leaf,5.0,,angle_from_vertical,35.0,,deg,71,1947.9499999999994
6,2026-08-11,74-2,74,B,leaf,6.0,,leafX,-7.0,,cm,71,1947.9499999999994
6,2026-08-11,74-2,74,B,leaf,6.0,,leafY,-53.0,,cm,71,1947.9499999999994
6,2026-08-11,74-2,74,B,leaf,6.0,,leafZ,35.0,,cm,71,1947.9499999999994
6,2026-08-11,74-2,74,B,leaf,6.0,,angle_from_vertical,37.0,,deg,71,1947.9499999999994
6,2026-08-11,74-2,74,B,leaf,7.0,,leafX,0.0,,cm,71,1947.9499999999994
6,2026-08-11,74-2,74,B,leaf,7.0,,leafY,-46.0,,cm,71,1947.9499999999994
6,2026-08-11,74-2,74,B,leaf,7.0,,leafZ,12.0,,cm,71,1947.9499999999994
6,2026-08-11,74-2,74,B,leaf,7.0,,angle_from_vertical,44.0,,deg,71,1947.9499999999994
6,2026-08-11,74-2,74,B,leaf,8.0,,leafX,-1.0,,cm,71,1947.9499999999994
6,2026-08-11,74-2,74,B,leaf,8.0,,leafY,-50.0,,cm,71,1947.9499999999994
6,2026-08-11,74-2,74,B,leaf,8.0,,leafZ,55.0,,cm,71,1947.9499999999994
6,2026-08-11,74-2,74,B,leaf,8.0,,angle_from_vertical,40.0,,deg,71,1947.9499999999994
6,2026-08-11,74-2,74,B,leaf,9.0,,leafX,6.0,,cm,71,1947.9499999999994
6,2026-08-11,74-2,74,B,leaf,9.0,,leafY,-49.0,,cm,71,1947.9499999999994
6,2026-08-11,74-2,74,B,leaf,9.0,,leafZ,20.0,,cm,71,1947.9499999999994
6,2026-08-11,74-2,74,B,leaf,9.0,,angle_from_vertical,41.0,,deg,71,1947.9499999999994
6,2026-08-11,74-2,74,B,leaf,10.0,,leafX,0.0,,cm,71,1947.9499999999994
6,2026-08-11,74-2,74,B,leaf,10.0,,leafY,-43.0,,cm,71,1947.9499999999994
6,2026-08-11,74-2,74,B,leaf,10.0,,leafZ,-179.0,,cm,71,1947.9499999999994
6,2026-08-11,74-2,74,B,leaf,10.0,,angle_from_vertical,47.0,,deg,71,1947.9499999999994
6,2026-08-11,74-2,74,B,leaf,11.0,,leafX,7.0,,cm,71,1947.9499999999994
6,2026-08-11,74-2,74,B,leaf,11.0,,leafY,-51.0,,cm,71,1947.9499999999994
6,2026-08-11,74-2,74,B,leaf,11.0,,leafZ,28.0,,cm,71,1947.9499999999994
6,2026-08-11,74-2,74,B,leaf,11.0,,angle_from_vertical,39.0,,deg,71,1947.9499999999994
6,2026-08-11,74-2,74,B,leaf,12.0,,leafX,0.0,,cm,71,1947.9499999999994
6,2026-08-11,74-2,74,B,leaf,12.0,,leafY,-52.0,,cm,71,1947.9499999999994
6,2026-08-11,74-2,74,B,leaf,12.0,,leafZ,103.0,,cm,71,1947.9499999999994
6,2026-08-11,74-2,74,B,leaf,12.0,,angle_from_vertical,38.0,,deg,71,1947.9499999999994
6,2026-08-11,74-2,74,B,leaf,13.0,,leafX,30.0,,cm,71,1947.9499999999994
6,2026-08-11,74-2,74,B,leaf,13.0,,leafY,-64.0,,cm,71,1947.9499999999994
6,2026-08-11,74-2,74,B,leaf,13.0,,leafZ,78.0,,cm,71,1947.9499999999994
6,2026-08-11,74-2,74,B,leaf,13.0,,angle_from_vertical,26.0,,deg,71,1947.9499999999994
6,2026-08-11,74-3,74,B,leaf,1.0,,leafX,-4.0,,cm,71,1947.9499999999994
6,2026-08-11,74-3,74,B,leaf,1.0,,leafY,-37.0,,cm,71,1947.9499999999994
6,2026-08-11,74-3,74,B,leaf,1.0,,leafZ,55.0,,cm,71,1947.9499999999994
6,2026-08-11,74-3,74,B,leaf,1.0,,angle_from_vertical,53.0,,deg,71,1947.9499999999994
6,2026-08-11,74-3,74,B,leaf,2.0,,leafX,-9.0,,cm,71,1947.9499999999994
6,2026-08-11,74-3,74,B,leaf,2.0,,leafY,-13.0,,cm,71,1947.9499999999994
6,2026-08-11,74-3,74,B,leaf,2.0,,leafZ,-121.0,,cm,71,1947.9499999999994
6,2026-08-11,74-3,74,B,leaf,2.0,,angle_from_vertical,77.0,,deg,71,1947.9499999999994
6,2026-08-11,74-3,74,B,leaf,3.0,,leafX,0.0,,cm,71,1947.9499999999994
6,2026-08-11,74-3,74,B,leaf,3.0,,leafY,-28.0,,cm,71,1947.9499999999994
6,2026-08-11,74-3,74,B,leaf,3.0,,leafZ,45.0,,cm,71,1947.9499999999994
6,2026-08-11,74-3,74,B,leaf,3.0,,angle_from_vertical,62.0,,deg,71,1947.9499999999994
6,2026-08-11,74-3,74,B,leaf,4.0,,leafX,-11.0,,cm,71,1947.9499999999994
6,2026-08-11,74-3,74,B,leaf,4.0,,leafY,-40.0,,cm,71,1947.9499999999994
6,2026-08-11,74-3,74,B,leaf,4.0,,leafZ,176.0,,cm,71,1947.9499999999994
6,2026-08-11,74-3,74,B,leaf,4.0,,angle_from_vertical,50.0,,deg,71,1947.9499999999994
6,2026-08-11,74-3,74,B,leaf,5.0,,leafX,0.0,,cm,71,1947.9499999999994
6,2026-08-11,74-3,74,B,leaf,5.0,,leafY,-33.0,,cm,71,1947.9499999999994
6,2026-08-11,74-3,74,B,leaf,5.0,,leafZ,-87.0,,cm,71,1947.9499999999994
6,2026-08-11,74-3,74,B,leaf,5.0,,angle_from_vertical,57.0,,deg,71,1947.9499999999994
6,2026-08-11,74-3,74,B,leaf,6.0,,leafX,0.0,,cm,71,1947.9499999999994
6,2026-08-11,74-3,74,B,leaf,6.0,,leafY,-44.0,,cm,71,1947.9499999999994
6,2026-08-11,74-3,74,B,leaf,6.0,,leafZ,-177.0,,cm,71,1947.9499999999994
6,2026-08-11,74-3,74,B,leaf,6.0,,angle_from_vertical,46.0,,deg,71,1947.9499999999994
6,2026-08-11,74-3,74,B,leaf,7.0,,leafX,-8.0,,cm,71,1947.9499999999994
6,2026-08-11,74-3,74,B,leaf,7.0,,leafY,-54.0,,cm,71,1947.9499999999994
6,2026-08-11,74-3,74,B,leaf,7.0,,leafZ,129.0,,cm,71,1947.9499999999994
6,2026-08-11,74-3,74,B,leaf,7.0,,angle_from_vertical,36.0,,deg,71,1947.9499999999994
6,2026-08-11,74-3,74,B,leaf,8.0,,leafX,4.0,,cm,71,1947.9499999999994
6,2026-08-11,74-3,74,B,leaf,8.0,,leafY,-50.0,,cm,71,1947.9499999999994
6,2026-08-11,74-3,74,B,leaf,8.0,,leafZ,145.0,,cm,71,1947.9499999999994
6,2026-08-11,74-3,74,B,leaf,8.0,,angle_from_vertical,40.0,,deg,71,1947.9499999999994
6,2026-08-11,74-3,74,B,leaf,9.0,,leafX,-1.0,,cm,71,1947.9499999999994
6,2026-08-11,74-3,74,B,leaf,9.0,,leafY,-58.0,,cm,71,1947.9499999999994
6,2026-08-11,74-3,74,B,leaf,9.0,,leafZ,20.0,,cm,71,1947.9499999999994
6,2026-08-11,74-3,74,B,leaf,9.0,,angle_from_vertical,32.0,,deg,71,1947.9499999999994
6,2026-08-11,74-3,74,B,leaf,10.0,,leafX,-4.0,,cm,71,1947.9499999999994
6,2026-08-11,74-3,74,B,leaf,10.0,,leafY,-65.0,,cm,71,1947.9499999999994
6,2026-08-11,74-3,74,B,leaf,10.0,,leafZ,143.0,,cm,71,1947.9499999999994
6,2026-08-11,74-3,74,B,leaf,10.0,,angle_from_vertical,25.0,,deg,71,1947.9499999999994
6,2026-08-11,74-3,74,B,leaf,11.0,,leafX,-2.0,,cm,71,1947.9499999999994
6,2026-08-11,74-3,74,B,leaf,11.0,,leafY,-80.0,,cm,71,1947.9499999999994
6,2026-08-11,74-3,74,B,leaf,11.0,,leafZ,128.0,,cm,71,1947.9499999999994
6,2026-08-11,74-3,74,B,leaf,11.0,,angle_from_vertical,10.0,,deg,71,1947.9499999999994
6,2026-08-11,74-4,74,B,leaf,1.0,,leafX,-1.0,,cm,71,1947.9499999999994
6,2026-08-11,74-4,74,B,leaf,1.0,,leafY,7.0,,cm,71,1947.9499999999994
6,2026-08-11,74-4,74,B,leaf,1.0,,leafZ,-2.0,,cm,71,1947.9499999999994
6,2026-08-11,74-4,74,B,leaf,1.0,,angle_from_vertical,83.0,,deg,71,1947.9499999999994
6,2026-08-11,74-4,74,B,leaf,2.0,,leafX,-9.0,,cm,71,1947.9499999999994
6,2026-08-11,74-4,74,B,leaf,2.0,,leafY,-14.0,,cm,71,1947.9499999999994
6,2026-08-11,74-4,74,B,leaf,2.0,,leafZ,153.0,,cm,71,1947.9499999999994
6,2026-08-11,74-4,74,B,leaf,2.0,,angle_from_vertical,76.0,,deg,71,1947.9499999999994
6,2026-08-11,74-4,74,B,leaf,3.0,,leafX,6.0,,cm,71,1947.9499999999994
6,2026-08-11,74-4,74,B,leaf,3.0,,leafY,-13.0,,cm,71,1947.9499999999994
6,2026-08-11,74-4,74,B,leaf,3.0,,leafZ,-59.0,,cm,71,1947.9499999999994
6,2026-08-11,74-4,74,B,leaf,3.0,,angle_from_vertical,77.0,,deg,71,1947.9499999999994
6,2026-08-11,74-4,74,B,leaf,4.0,,leafX,-3.0,,cm,71,1947.9499999999994
6,2026-08-11,74-4,74,B,leaf,4.0,,leafY,-27.0,,cm,71,1947.9499999999994
6,2026-08-11,74-4,74,B,leaf,4.0,,leafZ,90.0,,cm,71,1947.9499999999994
6,2026-08-11,74-4,74,B,leaf,4.0,,angle_from_vertical,63.0,,deg,71,1947.9499999999994
6,2026-08-11,74-4,74,B,leaf,5.0,,leafX,0.0,,cm,71,1947.9499999999994
6,2026-08-11,74-4,74,B,leaf,5.0,,leafY,-42.0,,cm,71,1947.9499999999994
6,2026-08-11,74-4,74,B,leaf,5.0,,leafZ,173.0,,cm,71,1947.9499999999994
6,2026-08-11,74-4,74,B,leaf,5.0,,angle_from_vertical,48.0,,deg,71,1947.9499999999994
6,2026-08-11,74-4,74,B,leaf,6.0,,leafX,-5.0,,cm,71,1947.9499999999994
6,2026-08-11,74-4,74,B,leaf,6.0,,leafY,-39.0,,cm,71,1947.9499999999994
6,2026-08-11,74-4,74,B,leaf,6.0,,leafZ,142.0,,cm,71,1947.9499999999994
6,2026-08-11,74-4,74,B,leaf,6.0,,angle_from_vertical,51.0,,deg,71,1947.9499999999994
6,2026-08-11,74-4,74,B,leaf,7.0,,leafX,-9.0,,cm,71,1947.9499999999994
6,2026-08-11,74-4,74,B,leaf,7.0,,leafY,-45.0,,cm,71,1947.9499999999994
6,2026-08-11,74-4,74,B,leaf,7.0,,leafZ,-175.0,,cm,71,1947.9499999999994
6,2026-08-11,74-4,74,B,leaf,7.0,,angle_from_vertical,45.0,,deg,71,1947.9499999999994
6,2026-08-11,74-4,74,B,leaf,8.0,,leafX,-9.0,,cm,71,1947.9499999999994
6,2026-08-11,74-4,74,B,leaf,8.0,,leafY,-44.0,,cm,71,1947.9499999999994
6,2026-08-11,74-4,74,B,leaf,8.0,,leafZ,101.0,,cm,71,1947.9499999999994
6,2026-08-11,74-4,74,B,leaf,8.0,,angle_from_vertical,46.0,,deg,71,1947.9499999999994
6,2026-08-11,74-4,74,B,leaf,9.0,,leafX,-3.0,,cm,71,1947.9499999999994
6,2026-08-11,74-4,74,B,leaf,9.0,,leafY,-49.0,,cm,71,1947.9499999999994
6,2026-08-11,74-4,74,B,leaf,9.0,,leafZ,170.0,,cm,71,1947.9499999999994
6,2026-08-11,74-4,74,B,leaf,9.0,,angle_from_vertical,41.0,,deg,71,1947.9499999999994
6,2026-08-11,74-4,74,B,leaf,10.0,,leafX,-3.0,,cm,71,1947.9499999999994
6,2026-08-11,74-4,74,B,leaf,10.0,,leafY,-46.0,,cm,71,1947.9499999999994
6,2026-08-11,74-4,74,B,leaf,10.0,,leafZ,44.0,,cm,71,1947.9499999999994
6,2026-08-11,74-4,74,B,leaf,10.0,,angle_from_vertical,44.0,,deg,71,1947.9499999999994
6,2026-08-11,74-4,74,B,leaf,11.0,,leafX,-9.0,,cm,71,1947.9499999999994
6,2026-08-11,74-4,74,B,leaf,11.0,,leafY,-60.0,,cm,71,1947.9499999999994
6,2026-08-11,74-4,74,B,leaf,11.0,,leafZ,140.0,,cm,71,1947.9499999999994
6,2026-08-11,74-4,74,B,leaf,11.0,,angle_from_vertical,30.0,,deg,71,1947.9499999999994
6,2026-08-11,74-4,74,B,leaf,12.0,,leafX,2.0,,cm,71,1947.9499999999994
6,2026-08-11,74-4,74,B,leaf,12.0,,leafY,-40.0,,cm,71,1947.9499999999994
6,2026-08-11,74-4,74,B,leaf,12.0,,leafZ,144.0,,cm,71,1947.9499999999994
6,2026-08-11,74-4,74,B,leaf,12.0,,angle_from_vertical,50.0,,deg,71,1947.9499999999994
6,2026-08-11,74-4,74,B,leaf,13.0,,leafX,-6.0,,cm,71,1947.9499999999994
6,2026-08-11,74-4,74,B,leaf,13.0,,leafY,-54.0,,cm,71,1947.9499999999994
6,2026-08-11,74-4,74,B,leaf,13.0,,leafZ,158.0,,cm,71,1947.9499999999994
6,2026-08-11,74-4,74,B,leaf,13.0,,angle_from_vertical,36.0,,deg,71,1947.9499999999994
6,2026-08-11,74-4,74,B,leaf,14.0,,leafX,7.0,,cm,71,1947.9499999999994
6,2026-08-11,74-4,74,B,leaf,14.0,,leafY,-1.0,,cm,71,1947.9499999999994
6,2026-08-11,74-4,74,B,leaf,14.0,,leafZ,7.0,,cm,71,1947.9499999999994
6,2026-08-11,74-4,74,B,leaf,14.0,,angle_from_vertical,89.0,,deg,71,1947.9499999999994
6,2026-08-11,74-4,74,B,leaf,15.0,,leafX,-34.0,,cm,71,1947.9499999999994
6,2026-08-11,74-4,74,B,leaf,15.0,,leafY,-82.0,,cm,71,1947.9499999999994
6,2026-08-11,74-4,74,B,leaf,15.0,,leafZ,157.0,,cm,71,1947.9499999999994
6,2026-08-11,74-4,74,B,leaf,15.0,,angle_from_vertical,8.0,,deg,71,1947.9499999999994
6,2026-08-11,74-5,74,B,leaf,1.0,,leafX,2.0,,cm,71,1947.9499999999994
6,2026-08-11,74-5,74,B,leaf,1.0,,leafY,-7.0,,cm,71,1947.9499999999994
6,2026-08-11,74-5,74,B,leaf,1.0,,leafZ,84.0,,cm,71,1947.9499999999994
6,2026-08-11,74-5,74,B,leaf,1.0,,angle_from_vertical,83.0,,deg,71,1947.9499999999994
6,2026-08-11,74-5,74,B,leaf,2.0,,leafX,-5.0,,cm,71,1947.9499999999994
6,2026-08-11,74-5,74,B,leaf,2.0,,leafY,-5.0,,cm,71,1947.9499999999994
6,2026-08-11,74-5,74,B,leaf,2.0,,leafZ,151.0,,cm,71,1947.9499999999994
6,2026-08-11,74-5,74,B,leaf,2.0,,angle_from_vertical,85.0,,deg,71,1947.9499999999994
6,2026-08-11,74-5,74,B,leaf,3.0,,leafX,0.0,,cm,71,1947.9499999999994
6,2026-08-11,74-5,74,B,leaf,3.0,,leafY,-36.0,,cm,71,1947.9499999999994
6,2026-08-11,74-5,74,B,leaf,3.0,,leafZ,-40.0,,cm,71,1947.9499999999994
6,2026-08-11,74-5,74,B,leaf,3.0,,angle_from_vertical,54.0,,deg,71,1947.9499999999994
6,2026-08-11,74-5,74,B,leaf,4.0,,leafX,-1.0,,cm,71,1947.9499999999994
6,2026-08-11,74-5,74,B,leaf,4.0,,leafY,-25.0,,cm,71,1947.9499999999994
6,2026-08-11,74-5,74,B,leaf,4.0,,leafZ,-170.0,,cm,71,1947.9499999999994
6,2026-08-11,74-5,74,B,leaf,4.0,,angle_from_vertical,65.0,,deg,71,1947.9499999999994
6,2026-08-11,74-5,74,B,leaf,5.0,,leafX,3.0,,cm,71,1947.9499999999994
6,2026-08-11,74-5,74,B,leaf,5.0,,leafY,-40.0,,cm,71,1947.9499999999994
6,2026-08-11,74-5,74,B,leaf,5.0,,leafZ,-9.0,,cm,71,1947.9499999999994
6,2026-08-11,74-5,74,B,leaf,5.0,,angle_from_vertical,50.0,,deg,71,1947.9499999999994
6,2026-08-11,74-5,74,B,leaf,6.0,,leafX,4.0,,cm,71,1947.9499999999994
6,2026-08-11,74-5,74,B,leaf,6.0,,leafY,-34.0,,cm,71,1947.9499999999994
6,2026-08-11,74-5,74,B,leaf,6.0,,leafZ,-154.0,,cm,71,1947.9499999999994
6,2026-08-11,74-5,74,B,leaf,6.0,,angle_from_vertical,56.0,,deg,71,1947.9499999999994
6,2026-08-11,74-5,74,B,leaf,7.0,,leafX,8.0,,cm,71,1947.9499999999994
6,2026-08-11,74-5,74,B,leaf,7.0,,leafY,-37.0,,cm,71,1947.9499999999994
6,2026-08-11,74-5,74,B,leaf,7.0,,leafZ,32.0,,cm,71,1947.9499999999994
6,2026-08-11,74-5,74,B,leaf,7.0,,angle_from_vertical,53.0,,deg,71,1947.9499999999994
6,2026-08-11,74-5,74,B,leaf,8.0,,leafX,-1.0,,cm,71,1947.9499999999994
6,2026-08-11,74-5,74,B,leaf,8.0,,leafY,-41.0,,cm,71,1947.9499999999994
6,2026-08-11,74-5,74,B,leaf,8.0,,leafZ,-152.0,,cm,71,1947.9499999999994
6,2026-08-11,74-5,74,B,leaf,8.0,,angle_from_vertical,49.0,,deg,71,1947.9499999999994
6,2026-08-11,74-5,74,B,leaf,9.0,,leafX,11.0,,cm,71,1947.9499999999994
6,2026-08-11,74-5,74,B,leaf,9.0,,leafY,-37.0,,cm,71,1947.9499999999994
6,2026-08-11,74-5,74,B,leaf,9.0,,leafZ,-155.0,,cm,71,1947.9499999999994
6,2026-08-11,74-5,74,B,leaf,9.0,,angle_from_vertical,53.0,,deg,71,1947.9499999999994
6,2026-08-11,74-5,74,B,leaf,10.0,,leafX,0.0,,cm,71,1947.9499999999994
6,2026-08-11,74-5,74,B,leaf,10.0,,leafY,-35.0,,cm,71,1947.9499999999994
6,2026-08-11,74-5,74,B,leaf,10.0,,leafZ,21.0,,cm,71,1947.9499999999994
6,2026-08-11,74-5,74,B,leaf,10.0,,angle_from_vertical,55.0,,deg,71,1947.9499999999994
6,2026-08-11,74-5,74,B,leaf,11.0,,leafX,-6.0,,cm,71,1947.9499999999994
6,2026-08-11,74-5,74,B,leaf,11.0,,leafY,-36.0,,cm,71,1947.9499999999994
6,2026-08-11,74-5,74,B,leaf,11.0,,leafZ,4.0,,cm,71,1947.9499999999994
6,2026-08-11,74-5,74,B,leaf,11.0,,angle_from_vertical,54.0,,deg,71,1947.9499999999994
6,2026-08-11,74-5,74,B,leaf,12.0,,leafX,12.0,,cm,71,1947.9499999999994
6,2026-08-11,74-5,74,B,leaf,12.0,,leafY,-40.0,,cm,71,1947.9499999999994
6,2026-08-11,74-5,74,B,leaf,12.0,,leafZ,171.0,,cm,71,1947.9499999999994
6,2026-08-11,74-5,74,B,leaf,12.0,,angle_from_vertical,50.0,,deg,71,1947.9499999999994
6,2026-08-11,74-5,74,B,leaf,13.0,,leafX,11.0,,cm,71,1947.9499999999994
6,2026-08-11,74-5,74,B,leaf,13.0,,leafY,-53.0,,cm,71,1947.9499999999994
6,2026-08-11,74-5,74,B,leaf,13.0,,leafZ,-28.0,,cm,71,1947.9499999999994
6,2026-08-11,74-5,74,B,leaf,13.0,,angle_from_vertical,37.0,,deg,71,1947.9499999999994
6,2026-08-11,74-5,74,B,leaf,14.0,,leafX,10.0,,cm,71,1947.9499999999994
6,2026-08-11,74-5,74,B,leaf,14.0,,leafY,-71.0,,cm,71,1947.9499999999994
6,2026-08-11,74-5,74,B,leaf,14.0,,leafZ,108.0,,cm,71,1947.9499999999994
6,2026-08-11,74-5,74,B,leaf,14.0,,angle_from_vertical,19.0,,deg,71,1947.9499999999994
6,2026-08-11,74-5,74,B,leaf,15.0,,leafX,-23.0,,cm,71,1947.9499999999994
6,2026-08-11,74-5,74,B,leaf,15.0,,leafY,-74.0,,cm,71,1947.9499999999994
6,2026-08-11,74-5,74,B,leaf,15.0,,leafZ,91.0,,cm,71,1947.9499999999994
6,2026-08-11,74-5,74,B,leaf,15.0,,angle_from_vertical,16.0,,deg,71,1947.9499999999994
6,2026-08-11,73-1,73,C,leaf,1.0,,leafX,2.0,,cm,71,1947.9499999999994
6,2026-08-11,73-1,73,C,leaf,1.0,,leafY,-43.0,,cm,71,1947.9499999999994
6,2026-08-11,73-1,73,C,leaf,1.0,,leafZ,105.0,,cm,71,1947.9499999999994
6,2026-08-11,73-1,73,C,leaf,1.0,,angle_from_vertical,47.0,,deg,71,1947.9499999999994
6,2026-08-11,73-1,73,C,leaf,2.0,,leafX,2.0,,cm,71,1947.9499999999994
6,2026-08-11,73-1,73,C,leaf,2.0,,leafY,-35.0,,cm,71,1947.9499999999994
6,2026-08-11,73-1,73,C,leaf,2.0,,leafZ,-122.0,,cm,71,1947.9499999999994
6,2026-08-11,73-1,73,C,leaf,2.0,,angle_from_vertical,55.0,,deg,71,1947.9499999999994
6,2026-08-11,73-1,73,C,leaf,3.0,,leafX,-8.0,,cm,71,1947.9499999999994
6,2026-08-11,73-1,73,C,leaf,3.0,,leafY,-44.0,,cm,71,1947.9499999999994
6,2026-08-11,73-1,73,C,leaf,3.0,,leafZ,78.0,,cm,71,1947.9499999999994
6,2026-08-11,73-1,73,C,leaf,3.0,,angle_from_vertical,46.0,,deg,71,1947.9499999999994
6,2026-08-11,73-1,73,C,leaf,4.0,,leafX,3.0,,cm,71,1947.9499999999994
6,2026-08-11,73-1,73,C,leaf,4.0,,leafY,-47.0,,cm,71,1947.9499999999994
6,2026-08-11,73-1,73,C,leaf,4.0,,leafZ,161.0,,cm,71,1947.9499999999994
6,2026-08-11,73-1,73,C,leaf,4.0,,angle_from_vertical,43.0,,deg,71,1947.9499999999994
6,2026-08-11,73-1,73,C,leaf,5.0,,leafX,-5.0,,cm,71,1947.9499999999994
6,2026-08-11,73-1,73,C,leaf,5.0,,leafY,-32.0,,cm,71,1947.9499999999994
6,2026-08-11,73-1,73,C,leaf,5.0,,leafZ,140.0,,cm,71,1947.9499999999994
6,2026-08-11,73-1,73,C,leaf,5.0,,angle_from_vertical,58.0,,deg,71,1947.9499999999994
6,2026-08-11,73-1,73,C,leaf,6.0,,leafX,-2.0,,cm,71,1947.9499999999994
6,2026-08-11,73-1,73,C,leaf,6.0,,leafY,-35.0,,cm,71,1947.9499999999994
6,2026-08-11,73-1,73,C,leaf,6.0,,leafZ,122.0,,cm,71,1947.9499999999994
6,2026-08-11,73-1,73,C,leaf,6.0,,angle_from_vertical,55.0,,deg,71,1947.9499999999994
6,2026-08-11,73-1,73,C,leaf,7.0,,leafX,14.0,,cm,71,1947.9499999999994
6,2026-08-11,73-1,73,C,leaf,7.0,,leafY,-19.0,,cm,71,1947.9499999999994
6,2026-08-11,73-1,73,C,leaf,7.0,,leafZ,12.0,,cm,71,1947.9499999999994
6,2026-08-11,73-1,73,C,leaf,7.0,,angle_from_vertical,71.0,,deg,71,1947.9499999999994
6,2026-08-11,73-1,73,C,leaf,8.0,,leafX,-10.0,,cm,71,1947.9499999999994
6,2026-08-11,73-1,73,C,leaf,8.0,,leafY,-35.0,,cm,71,1947.9499999999994
6,2026-08-11,73-1,73,C,leaf,8.0,,leafZ,141.0,,cm,71,1947.9499999999994
6,2026-08-11,73-1,73,C,leaf,8.0,,angle_from_vertical,55.0,,deg,71,1947.9499999999994
6,2026-08-11,73-1,73,C,leaf,9.0,,leafX,3.0,,cm,71,1947.9499999999994
6,2026-08-11,73-1,73,C,leaf,9.0,,leafY,-40.0,,cm,71,1947.9499999999994
6,2026-08-11,73-1,73,C,leaf,9.0,,leafZ,-34.0,,cm,71,1947.9499999999994
6,2026-08-11,73-1,73,C,leaf,9.0,,angle_from_vertical,50.0,,deg,71,1947.9499999999994
6,2026-08-11,73-1,73,C,leaf,10.0,,leafX,-6.0,,cm,71,1947.9499999999994
6,2026-08-11,73-1,73,C,leaf,10.0,,leafY,-34.0,,cm,71,1947.9499999999994
6,2026-08-11,73-1,73,C,leaf,10.0,,leafZ,-161.0,,cm,71,1947.9499999999994
6,2026-08-11,73-1,73,C,leaf,10.0,,angle_from_vertical,56.0,,deg,71,1947.9499999999994
6,2026-08-11,73-1,73,C,leaf,11.0,,leafX,3.0,,cm,71,1947.9499999999994
6,2026-08-11,73-1,73,C,leaf,11.0,,leafY,-35.0,,cm,71,1947.9499999999994
6,2026-08-11,73-1,73,C,leaf,11.0,,leafZ,53.0,,cm,71,1947.9499999999994
6,2026-08-11,73-1,73,C,leaf,11.0,,angle_from_vertical,55.0,,deg,71,1947.9499999999994
6,2026-08-11,73-2,73,C,leaf,1.0,,leafX,-10.0,,cm,71,1947.9499999999994
6,2026-08-11,73-2,73,C,leaf,1.0,,leafY,-43.0,,cm,71,1947.9499999999994
6,2026-08-11,73-2,73,C,leaf,1.0,,leafZ,-19.0,,cm,71,1947.9499999999994
6,2026-08-11,73-2,73,C,leaf,1.0,,angle_from_vertical,47.0,,deg,71,1947.9499999999994
6,2026-08-11,73-2,73,C,leaf,2.0,,leafX,0.0,,cm,71,1947.9499999999994
6,2026-08-11,73-2,73,C,leaf,2.0,,leafY,-28.0,,cm,71,1947.9499999999994
6,2026-08-11,73-2,73,C,leaf,2.0,,leafZ,-172.0,,cm,71,1947.9499999999994
6,2026-08-11,73-2,73,C,leaf,2.0,,angle_from_vertical,62.0,,deg,71,1947.9499999999994
6,2026-08-11,73-2,73,C,leaf,3.0,,leafX,-2.0,,cm,71,1947.9499999999994
6,2026-08-11,73-2,73,C,leaf,3.0,,leafY,-4.0,,cm,71,1947.9499999999994
6,2026-08-11,73-2,73,C,leaf,3.0,,leafZ,-116.0,,cm,71,1947.9499999999994
6,2026-08-11,73-2,73,C,leaf,3.0,,angle_from_vertical,86.0,,deg,71,1947.9499999999994
6,2026-08-11,73-2,73,C,leaf,4.0,,leafX,2.0,,cm,71,1947.9499999999994
6,2026-08-11,73-2,73,C,leaf,4.0,,leafY,-26.0,,cm,71,1947.9499999999994
6,2026-08-11,73-2,73,C,leaf,4.0,,leafZ,94.0,,cm,71,1947.9499999999994
6,2026-08-11,73-2,73,C,leaf,4.0,,angle_from_vertical,64.0,,deg,71,1947.9499999999994
6,2026-08-11,73-2,73,C,leaf,5.0,,leafX,3.0,,cm,71,1947.9499999999994
6,2026-08-11,73-2,73,C,leaf,5.0,,leafY,-28.0,,cm,71,1947.9499999999994
6,2026-08-11,73-2,73,C,leaf,5.0,,leafZ,99.0,,cm,71,1947.9499999999994
6,2026-08-11,73-2,73,C,leaf,5.0,,angle_from_vertical,62.0,,deg,71,1947.9499999999994
6,2026-08-11,73-2,73,C,leaf,6.0,,leafX,-11.0,,cm,71,1947.9499999999994
6,2026-08-11,73-2,73,C,leaf,6.0,,leafY,-30.0,,cm,71,1947.9499999999994
6,2026-08-11,73-2,73,C,leaf,6.0,,leafZ,72.0,,cm,71,1947.9499999999994
6,2026-08-11,73-2,73,C,leaf,6.0,,angle_from_vertical,60.0,,deg,71,1947.9499999999994
6,2026-08-11,73-2,73,C,leaf,7.0,,leafX,0.0,,cm,71,1947.9499999999994
6,2026-08-11,73-2,73,C,leaf,7.0,,leafY,-55.0,,cm,71,1947.9499999999994
6,2026-08-11,73-2,73,C,leaf,7.0,,leafZ,-146.0,,cm,71,1947.9499999999994
6,2026-08-11,73-2,73,C,leaf,7.0,,angle_from_vertical,35.0,,deg,71,1947.9499999999994
6,2026-08-11,73-2,73,C,leaf,8.0,,leafX,-2.0,,cm,71,1947.9499999999994
6,2026-08-11,73-2,73,C,leaf,8.0,,leafY,-31.0,,cm,71,1947.9499999999994
6,2026-08-11,73-2,73,C,leaf,8.0,,leafZ,76.0,,cm,71,1947.9499999999994
6,2026-08-11,73-2,73,C,leaf,8.0,,angle_from_vertical,59.0,,deg,71,1947.9499999999994
6,2026-08-11,73-2,73,C,leaf,9.0,,leafX,-5.0,,cm,71,1947.9499999999994
6,2026-08-11,73-2,73,C,leaf,9.0,,leafY,-48.0,,cm,71,1947.9499999999994
6,2026-08-11,73-2,73,C,leaf,9.0,,leafZ,-124.0,,cm,71,1947.9499999999994
6,2026-08-11,73-2,73,C,leaf,9.0,,angle_from_vertical,42.0,,deg,71,1947.9499999999994
6,2026-08-11,73-2,73,C,leaf,10.0,,leafX,13.0,,cm,71,1947.9499999999994
6,2026-08-11,73-2,73,C,leaf,10.0,,leafY,-38.0,,cm,71,1947.9499999999994
6,2026-08-11,73-2,73,C,leaf,10.0,,leafZ,85.0,,cm,71,1947.9499999999994
6,2026-08-11,73-2,73,C,leaf,10.0,,angle_from_vertical,52.0,,deg,71,1947.9499999999994
6,2026-08-11,73-2,73,C,leaf,11.0,,leafX,12.0,,cm,71,1947.9499999999994
6,2026-08-11,73-2,73,C,leaf,11.0,,leafY,-32.0,,cm,71,1947.9499999999994
6,2026-08-11,73-2,73,C,leaf,11.0,,leafZ,104.0,,cm,71,1947.9499999999994
6,2026-08-11,73-2,73,C,leaf,11.0,,angle_from_vertical,58.0,,deg,71,1947.9499999999994
6,2026-08-11,73-2,73,C,leaf,12.0,,leafX,-2.0,,cm,71,1947.9499999999994
6,2026-08-11,73-2,73,C,leaf,12.0,,leafY,-16.0,,cm,71,1947.9499999999994
6,2026-08-11,73-2,73,C,leaf,12.0,,leafZ,-2.0,,cm,71,1947.9499999999994
6,2026-08-11,73-2,73,C,leaf,12.0,,angle_from_vertical,74.0,,deg,71,1947.9499999999994
6,2026-08-11,73-2,73,C,leaf,13.0,,leafX,9.0,,cm,71,1947.9499999999994
6,2026-08-11,73-2,73,C,leaf,13.0,,leafY,-26.0,,cm,71,1947.9499999999994
6,2026-08-11,73-2,73,C,leaf,13.0,,leafZ,130.0,,cm,71,1947.9499999999994
6,2026-08-11,73-2,73,C,leaf,13.0,,angle_from_vertical,64.0,,deg,71,1947.9499999999994
6,2026-08-11,73-2,73,C,leaf,14.0,,leafX,0.0,,cm,71,1947.9499999999994
6,2026-08-11,73-2,73,C,leaf,14.0,,leafY,-9.0,,cm,71,1947.9499999999994
6,2026-08-11,73-2,73,C,leaf,14.0,,leafZ,-69.0,,cm,71,1947.9499999999994
6,2026-08-11,73-2,73,C,leaf,14.0,,angle_from_vertical,81.0,,deg,71,1947.9499999999994
6,2026-08-11,73-2,73,C,leaf,15.0,,leafX,5.0,diff_reference,cm,71,1947.9499999999994
6,2026-08-11,73-2,73,C,leaf,15.0,,leafY,-10.0,diff_reference,cm,71,1947.9499999999994
6,2026-08-11,73-2,73,C,leaf,15.0,,leafZ,-15.0,diff_reference,cm,71,1947.9499999999994
6,2026-08-11,73-2,73,C,leaf,15.0,,angle_from_vertical,80.0,diff_reference,deg,71,1947.9499999999994
6,2026-08-11,73-2,73,C,leaf,16.0,,leafX,27.0,diff_reference,cm,71,1947.9499999999994
6,2026-08-11,73-2,73,C,leaf,16.0,,leafY,4.0,diff_reference,cm,71,1947.9499999999994
6,2026-08-11,73-2,73,C,leaf,16.0,,leafZ,-128.0,diff_reference,cm,71,1947.9499999999994
6,2026-08-11,73-2,73,C,leaf,16.0,,angle_from_vertical,86.0,diff_reference,deg,71,1947.9499999999994
6,2026-08-11,73-3,73,C,leaf,1.0,,leafX,-3.0,,cm,71,1947.9499999999994
6,2026-08-11,73-3,73,C,leaf,1.0,,leafY,0.0,,cm,71,1947.9499999999994
6,2026-08-11,73-3,73,C,leaf,1.0,,leafZ,58.0,,cm,71,1947.9499999999994
6,2026-08-11,73-3,73,C,leaf,1.0,,angle_from_vertical,90.0,,deg,71,1947.9499999999994
6,2026-08-11,73-3,73,C,leaf,2.0,,leafX,-7.0,,cm,71,1947.9499999999994
6,2026-08-11,73-3,73,C,leaf,2.0,,leafY,-22.0,,cm,71,1947.9499999999994
6,2026-08-11,73-3,73,C,leaf,2.0,,leafZ,-94.0,,cm,71,1947.9499999999994
6,2026-08-11,73-3,73,C,leaf,2.0,,angle_from_vertical,68.0,,deg,71,1947.9499999999994
6,2026-08-11,73-3,73,C,leaf,3.0,,leafX,4.0,,cm,71,1947.9499999999994
6,2026-08-11,73-3,73,C,leaf,3.0,,leafY,-28.0,,cm,71,1947.9499999999994
6,2026-08-11,73-3,73,C,leaf,3.0,,leafZ,83.0,,cm,71,1947.9499999999994
6,2026-08-11,73-3,73,C,leaf,3.0,,angle_from_vertical,62.0,,deg,71,1947.9499999999994
6,2026-08-11,73-3,73,C,leaf,4.0,,leafX,-5.0,,cm,71,1947.9499999999994
6,2026-08-11,73-3,73,C,leaf,4.0,,leafY,-32.0,,cm,71,1947.9499999999994
6,2026-08-11,73-3,73,C,leaf,4.0,,leafZ,114.0,,cm,71,1947.9499999999994
6,2026-08-11,73-3,73,C,leaf,4.0,,angle_from_vertical,58.0,,deg,71,1947.9499999999994
6,2026-08-11,73-3,73,C,leaf,5.0,,leafX,2.0,,cm,71,1947.9499999999994
6,2026-08-11,73-3,73,C,leaf,5.0,,leafY,-30.0,,cm,71,1947.9499999999994
6,2026-08-11,73-3,73,C,leaf,5.0,,leafZ,-104.0,,cm,71,1947.9499999999994
6,2026-08-11,73-3,73,C,leaf,5.0,,angle_from_vertical,60.0,,deg,71,1947.9499999999994
6,2026-08-11,73-3,73,C,leaf,6.0,,leafX,3.0,,cm,71,1947.9499999999994
6,2026-08-11,73-3,73,C,leaf,6.0,,leafY,-31.0,,cm,71,1947.9499999999994
6,2026-08-11,73-3,73,C,leaf,6.0,,leafZ,67.0,,cm,71,1947.9499999999994
6,2026-08-11,73-3,73,C,leaf,6.0,,angle_from_vertical,59.0,,deg,71,1947.9499999999994
6,2026-08-11,73-3,73,C,leaf,7.0,,leafX,-5.0,,cm,71,1947.9499999999994
6,2026-08-11,73-3,73,C,leaf,7.0,,leafY,-29.0,,cm,71,1947.9499999999994
6,2026-08-11,73-3,73,C,leaf,7.0,,leafZ,164.0,,cm,71,1947.9499999999994
6,2026-08-11,73-3,73,C,leaf,7.0,,angle_from_vertical,61.0,,deg,71,1947.9499999999994
6,2026-08-11,73-3,73,C,leaf,8.0,,leafX,0.0,,cm,71,1947.9499999999994
6,2026-08-11,73-3,73,C,leaf,8.0,,leafY,-28.0,,cm,71,1947.9499999999994
6,2026-08-11,73-3,73,C,leaf,8.0,,leafZ,-101.0,,cm,71,1947.9499999999994
6,2026-08-11,73-3,73,C,leaf,8.0,,angle_from_vertical,62.0,,deg,71,1947.9499999999994
6,2026-08-11,73-3,73,C,leaf,9.0,,leafX,2.0,,cm,71,1947.9499999999994
6,2026-08-11,73-3,73,C,leaf,9.0,,leafY,-40.0,,cm,71,1947.9499999999994
6,2026-08-11,73-3,73,C,leaf,9.0,,leafZ,115.0,,cm,71,1947.9499999999994
6,2026-08-11,73-3,73,C,leaf,9.0,,angle_from_vertical,50.0,,deg,71,1947.9499999999994
6,2026-08-11,73-3,73,C,leaf,10.0,,leafX,5.0,,cm,71,1947.9499999999994
6,2026-08-11,73-3,73,C,leaf,10.0,,leafY,-36.0,,cm,71,1947.9499999999994
6,2026-08-11,73-3,73,C,leaf,10.0,,leafZ,-137.0,,cm,71,1947.9499999999994
6,2026-08-11,73-3,73,C,leaf,10.0,,angle_from_vertical,54.0,,deg,71,1947.9499999999994
6,2026-08-11,73-3,73,C,leaf,11.0,,leafX,-2.0,,cm,71,1947.9499999999994
6,2026-08-11,73-3,73,C,leaf,11.0,,leafY,-34.0,,cm,71,1947.9499999999994
6,2026-08-11,73-3,73,C,leaf,11.0,,leafZ,116.0,,cm,71,1947.9499999999994
6,2026-08-11,73-3,73,C,leaf,11.0,,angle_from_vertical,56.0,,deg,71,1947.9499999999994
6,2026-08-11,73-3,73,C,leaf,12.0,,leafX,0.0,,cm,71,1947.9499999999994
6,2026-08-11,73-3,73,C,leaf,12.0,,leafY,-43.0,,cm,71,1947.9499999999994
6,2026-08-11,73-3,73,C,leaf,12.0,,leafZ,173.0,,cm,71,1947.9499999999994
6,2026-08-11,73-3,73,C,leaf,12.0,,angle_from_vertical,47.0,,deg,71,1947.9499999999994
6,2026-08-11,73-4,73,C,leaf,1.0,,leafX,-2.0,,cm,71,1947.9499999999994
6,2026-08-11,73-4,73,C,leaf,1.0,,leafY,-23.0,,cm,71,1947.9499999999994
6,2026-08-11,73-4,73,C,leaf,1.0,,leafZ,-45.0,,cm,71,1947.9499999999994
6,2026-08-11,73-4,73,C,leaf,1.0,,angle_from_vertical,67.0,,deg,71,1947.9499999999994
6,2026-08-11,73-4,73,C,leaf,2.0,,leafX,-1.0,,cm,71,1947.9499999999994
6,2026-08-11,73-4,73,C,leaf,2.0,,leafY,-45.0,,cm,71,1947.9499999999994
6,2026-08-11,73-4,73,C,leaf,2.0,,leafZ,71.0,,cm,71,1947.9499999999994
6,2026-08-11,73-4,73,C,leaf,2.0,,angle_from_vertical,45.0,,deg,71,1947.9499999999994
6,2026-08-11,73-4,73,C,leaf,3.0,,leafX,-10.0,,cm,71,1947.9499999999994
6,2026-08-11,73-4,73,C,leaf,3.0,,leafY,-27.0,,cm,71,1947.9499999999994
6,2026-08-11,73-4,73,C,leaf,3.0,,leafZ,-150.0,,cm,71,1947.9499999999994
6,2026-08-11,73-4,73,C,leaf,3.0,,angle_from_vertical,63.0,,deg,71,1947.9499999999994
6,2026-08-11,73-4,73,C,leaf,4.0,,leafX,3.0,,cm,71,1947.9499999999994
6,2026-08-11,73-4,73,C,leaf,4.0,,leafY,-26.0,,cm,71,1947.9499999999994
6,2026-08-11,73-4,73,C,leaf,4.0,,leafZ,8.0,,cm,71,1947.9499999999994
6,2026-08-11,73-4,73,C,leaf,4.0,,angle_from_vertical,64.0,,deg,71,1947.9499999999994
6,2026-08-11,73-4,73,C,leaf,5.0,,leafX,-23.0,,cm,71,1947.9499999999994
6,2026-08-11,73-4,73,C,leaf,5.0,,leafY,-30.0,,cm,71,1947.9499999999994
6,2026-08-11,73-4,73,C,leaf,5.0,,leafZ,157.0,,cm,71,1947.9499999999994
6,2026-08-11,73-4,73,C,leaf,5.0,,angle_from_vertical,60.0,,deg,71,1947.9499999999994
6,2026-08-11,73-4,73,C,leaf,6.0,,leafX,8.0,,cm,71,1947.9499999999994
6,2026-08-11,73-4,73,C,leaf,6.0,,leafY,-34.0,,cm,71,1947.9499999999994
6,2026-08-11,73-4,73,C,leaf,6.0,,leafZ,150.0,,cm,71,1947.9499999999994
6,2026-08-11,73-4,73,C,leaf,6.0,,angle_from_vertical,56.0,,deg,71,1947.9499999999994
6,2026-08-11,73-4,73,C,leaf,7.0,,leafX,-5.0,,cm,71,1947.9499999999994
6,2026-08-11,73-4,73,C,leaf,7.0,,leafY,-39.0,,cm,71,1947.9499999999994
6,2026-08-11,73-4,73,C,leaf,7.0,,leafZ,-97.0,,cm,71,1947.9499999999994
6,2026-08-11,73-4,73,C,leaf,7.0,,angle_from_vertical,51.0,,deg,71,1947.9499999999994
6,2026-08-11,73-4,73,C,leaf,8.0,,leafX,6.0,,cm,71,1947.9499999999994
6,2026-08-11,73-4,73,C,leaf,8.0,,leafY,-33.0,,cm,71,1947.9499999999994
6,2026-08-11,73-4,73,C,leaf,8.0,,leafZ,122.0,,cm,71,1947.9499999999994
6,2026-08-11,73-4,73,C,leaf,8.0,,angle_from_vertical,57.0,,deg,71,1947.9499999999994
6,2026-08-11,73-4,73,C,leaf,9.0,,leafX,-9.0,,cm,71,1947.9499999999994
6,2026-08-11,73-4,73,C,leaf,9.0,,leafY,-40.0,,cm,71,1947.9499999999994
6,2026-08-11,73-4,73,C,leaf,9.0,,leafZ,165.0,,cm,71,1947.9499999999994
6,2026-08-11,73-4,73,C,leaf,9.0,,angle_from_vertical,50.0,,deg,71,1947.9499999999994
6,2026-08-11,73-4,73,C,leaf,10.0,,leafX,10.0,,cm,71,1947.9499999999994
6,2026-08-11,73-4,73,C,leaf,10.0,,leafY,-36.0,,cm,71,1947.9499999999994
6,2026-08-11,73-4,73,C,leaf,10.0,,leafZ,-5.0,,cm,71,1947.9499999999994
6,2026-08-11,73-4,73,C,leaf,10.0,,angle_from_vertical,54.0,,deg,71,1947.9499999999994
6,2026-08-11,73-4,73,C,leaf,11.0,,leafX,-18.0,,cm,71,1947.9499999999994
6,2026-08-11,73-4,73,C,leaf,11.0,,leafY,-27.0,,cm,71,1947.9499999999994
6,2026-08-11,73-4,73,C,leaf,11.0,,leafZ,168.0,,cm,71,1947.9499999999994
6,2026-08-11,73-4,73,C,leaf,11.0,,angle_from_vertical,63.0,,deg,71,1947.9499999999994
6,2026-08-11,73-4,73,C,leaf,12.0,,leafX,13.0,,cm,71,1947.9499999999994
6,2026-08-11,73-4,73,C,leaf,12.0,,leafY,-27.0,,cm,71,1947.9499999999994
6,2026-08-11,73-4,73,C,leaf,12.0,,leafZ,3.0,,cm,71,1947.9499999999994
6,2026-08-11,73-4,73,C,leaf,12.0,,angle_from_vertical,63.0,,deg,71,1947.9499999999994
6,2026-08-11,73-4,73,C,leaf,13.0,,leafX,-7.0,,cm,71,1947.9499999999994
6,2026-08-11,73-4,73,C,leaf,13.0,,leafY,-20.0,,cm,71,1947.9499999999994
6,2026-08-11,73-4,73,C,leaf,13.0,,leafZ,-28.0,,cm,71,1947.9499999999994
6,2026-08-11,73-4,73,C,leaf,13.0,,angle_from_vertical,70.0,,deg,71,1947.9499999999994
6,2026-08-11,73-4,73,C,leaf,14.0,,leafX,3.0,,cm,71,1947.9499999999994
6,2026-08-11,73-4,73,C,leaf,14.0,,leafY,21.0,,cm,71,1947.9499999999994
6,2026-08-11,73-4,73,C,leaf,14.0,,leafZ,15.0,,cm,71,1947.9499999999994
6,2026-08-11,73-4,73,C,leaf,14.0,,angle_from_vertical,69.0,,deg,71,1947.9499999999994
6,2026-08-11,73-4,73,C,leaf,15.0,,leafX,17.0,,cm,71,1947.9499999999994
6,2026-08-11,73-4,73,C,leaf,15.0,,leafY,-36.0,,cm,71,1947.9499999999994
6,2026-08-11,73-4,73,C,leaf,15.0,,leafZ,176.0,,cm,71,1947.9499999999994
6,2026-08-11,73-4,73,C,leaf,15.0,,angle_from_vertical,54.0,,deg,71,1947.9499999999994
6,2026-08-11,73-4,73,C,leaf,16.0,,leafX,-12.0,,cm,71,1947.9499999999994
6,2026-08-11,73-4,73,C,leaf,16.0,,leafY,-20.0,,cm,71,1947.9499999999994
6,2026-08-11,73-4,73,C,leaf,16.0,,leafZ,85.0,,cm,71,1947.9499999999994
6,2026-08-11,73-4,73,C,leaf,16.0,,angle_from_vertical,70.0,,deg,71,1947.9499999999994
6,2026-08-11,73-4,73,C,leaf,17.0,,leafX,4.0,,cm,71,1947.9499999999994
6,2026-08-11,73-4,73,C,leaf,17.0,,leafY,-11.0,,cm,71,1947.9499999999994
6,2026-08-11,73-4,73,C,leaf,17.0,,leafZ,135.0,,cm,71,1947.9499999999994
6,2026-08-11,73-4,73,C,leaf,17.0,,angle_from_vertical,79.0,,deg,71,1947.9499999999994
6,2026-08-11,73-5,73,C,leaf,1.0,,leafX,-5.0,,cm,71,1947.9499999999994
6,2026-08-11,73-5,73,C,leaf,1.0,,leafY,-35.0,,cm,71,1947.9499999999994
6,2026-08-11,73-5,73,C,leaf,1.0,,leafZ,-157.0,,cm,71,1947.9499999999994
6,2026-08-11,73-5,73,C,leaf,1.0,,angle_from_vertical,55.0,,deg,71,1947.9499999999994
6,2026-08-11,73-5,73,C,leaf,2.0,,leafX,2.0,,cm,71,1947.9499999999994
6,2026-08-11,73-5,73,C,leaf,2.0,,leafY,-34.0,,cm,71,1947.9499999999994
6,2026-08-11,73-5,73,C,leaf,2.0,,leafZ,11.0,,cm,71,1947.9499999999994
6,2026-08-11,73-5,73,C,leaf,2.0,,angle_from_vertical,56.0,,deg,71,1947.9499999999994
6,2026-08-11,73-5,73,C,leaf,3.0,,leafX,1.0,,cm,71,1947.9499999999994
6,2026-08-11,73-5,73,C,leaf,3.0,,leafY,-29.0,,cm,71,1947.9499999999994
6,2026-08-11,73-5,73,C,leaf,3.0,,leafZ,145.0,,cm,71,1947.9499999999994
6,2026-08-11,73-5,73,C,leaf,3.0,,angle_from_vertical,61.0,,deg,71,1947.9499999999994
6,2026-08-11,73-5,73,C,leaf,4.0,,leafX,2.0,,cm,71,1947.9499999999994
6,2026-08-11,73-5,73,C,leaf,4.0,,leafY,-22.0,,cm,71,1947.9499999999994
6,2026-08-11,73-5,73,C,leaf,4.0,,leafZ,6.0,,cm,71,1947.9499999999994
6,2026-08-11,73-5,73,C,leaf,4.0,,angle_from_vertical,68.0,,deg,71,1947.9499999999994
6,2026-08-11,73-5,73,C,leaf,5.0,,leafX,-6.0,,cm,71,1947.9499999999994
6,2026-08-11,73-5,73,C,leaf,5.0,,leafY,-30.0,,cm,71,1947.9499999999994
6,2026-08-11,73-5,73,C,leaf,5.0,,leafZ,141.0,,cm,71,1947.9499999999994
6,2026-08-11,73-5,73,C,leaf,5.0,,angle_from_vertical,60.0,,deg,71,1947.9499999999994
6,2026-08-11,73-5,73,C,leaf,6.0,,leafX,7.0,,cm,71,1947.9499999999994
6,2026-08-11,73-5,73,C,leaf,6.0,,leafY,-36.0,,cm,71,1947.9499999999994
6,2026-08-11,73-5,73,C,leaf,6.0,,leafZ,-29.0,,cm,71,1947.9499999999994
6,2026-08-11,73-5,73,C,leaf,6.0,,angle_from_vertical,54.0,,deg,71,1947.9499999999994
6,2026-08-11,73-5,73,C,leaf,7.0,,leafX,-5.0,,cm,71,1947.9499999999994
6,2026-08-11,73-5,73,C,leaf,7.0,,leafY,-33.0,,cm,71,1947.9499999999994
6,2026-08-11,73-5,73,C,leaf,7.0,,leafZ,140.0,,cm,71,1947.9499999999994
6,2026-08-11,73-5,73,C,leaf,7.0,,angle_from_vertical,57.0,,deg,71,1947.9499999999994
6,2026-08-11,73-5,73,C,leaf,8.0,,leafX,2.0,,cm,71,1947.9499999999994
6,2026-08-11,73-5,73,C,leaf,8.0,,leafY,-30.0,,cm,71,1947.9499999999994
6,2026-08-11,73-5,73,C,leaf,8.0,,leafZ,-5.0,,cm,71,1947.9499999999994
6,2026-08-11,73-5,73,C,leaf,8.0,,angle_from_vertical,60.0,,deg,71,1947.9499999999994
6,2026-08-11,73-5,73,C,leaf,9.0,,leafX,-2.0,,cm,71,1947.9499999999994
6,2026-08-11,73-5,73,C,leaf,9.0,,leafY,-37.0,,cm,71,1947.9499999999994
6,2026-08-11,73-5,73,C,leaf,9.0,,leafZ,-143.0,,cm,71,1947.9499999999994
6,2026-08-11,73-5,73,C,leaf,9.0,,angle_from_vertical,53.0,,deg,71,1947.9499999999994
6,2026-08-11,73-5,73,C,leaf,10.0,,leafX,12.0,,cm,71,1947.9499999999994
6,2026-08-11,73-5,73,C,leaf,10.0,,leafY,-34.0,,cm,71,1947.9499999999994
6,2026-08-11,73-5,73,C,leaf,10.0,,leafZ,-3.0,,cm,71,1947.9499999999994
6,2026-08-11,73-5,73,C,leaf,10.0,,angle_from_vertical,56.0,,deg,71,1947.9499999999994
6,2026-08-11,73-5,73,C,leaf,11.0,,leafX,-7.0,,cm,71,1947.9499999999994
6,2026-08-11,73-5,73,C,leaf,11.0,,leafY,-36.0,,cm,71,1947.9499999999994
6,2026-08-11,73-5,73,C,leaf,11.0,,leafZ,-125.0,,cm,71,1947.9499999999994
6,2026-08-11,73-5,73,C,leaf,11.0,,angle_from_vertical,54.0,,deg,71,1947.9499999999994
6,2026-08-11,73-5,73,C,leaf,12.0,,leafX,18.0,,cm,71,1947.9499999999994
6,2026-08-11,73-5,73,C,leaf,12.0,,leafY,-2.0,,cm,71,1947.9499999999994
6,2026-08-11,73-5,73,C,leaf,12.0,,leafZ,80.0,,cm,71,1947.9499999999994
6,2026-08-11,73-5,73,C,leaf,12.0,,angle_from_vertical,88.0,,deg,71,1947.9499999999994
6,2026-08-11,73-5,73,C,leaf,13.0,,leafX,-2.0,,cm,71,1947.9499999999994
6,2026-08-11,73-5,73,C,leaf,13.0,,leafY,-5.0,,cm,71,1947.9499999999994
6,2026-08-11,73-5,73,C,leaf,13.0,,leafZ,160.0,,cm,71,1947.9499999999994
6,2026-08-11,73-5,73,C,leaf,13.0,,angle_from_vertical,85.0,,deg,71,1947.9499999999994
6,2026-08-11,73-5,73,C,leaf,14.0,,leafX,-11.0,,cm,71,1947.9499999999994
6,2026-08-11,73-5,73,C,leaf,14.0,,leafY,-16.0,,cm,71,1947.9499999999994
6,2026-08-11,73-5,73,C,leaf,14.0,,leafZ,-89.0,,cm,71,1947.9499999999994
6,2026-08-11,73-5,73,C,leaf,14.0,,angle_from_vertical,74.0,,deg,71,1947.9499999999994
6,2026-08-11,73-5,73,C,leaf,15.0,,leafX,-10.0,,cm,71,1947.9499999999994
6,2026-08-11,73-5,73,C,leaf,15.0,,leafY,-2.0,,cm,71,1947.9499999999994
6,2026-08-11,73-5,73,C,leaf,15.0,,leafZ,-96.0,,cm,71,1947.9499999999994
6,2026-08-11,73-5,73,C,leaf,15.0,,angle_from_vertical,88.0,,deg,71,1947.9499999999994
6,2026-08-11,73-5,73,C,leaf,16.0,,leafX,2.0,,cm,71,1947.9499999999994
6,2026-08-11,73-5,73,C,leaf,16.0,,leafY,-10.0,,cm,71,1947.9499999999994
6,2026-08-11,73-5,73,C,leaf,16.0,,leafZ,-77.0,,cm,71,1947.9499999999994
6,2026-08-11,73-5,73,C,leaf,16.0,,angle_from_vertical,80.0,,deg,71,1947.9499999999994
6,2026-08-11,75-1,75,A,plant,,,tiller_number,2,,count,71,1947.9499999999994
6,2026-08-11,75-2,75,A,plant,,,tiller_number,3,,count,71,1947.9499999999994
6,2026-08-11,75-3,75,A,plant,,,tiller_number,4,,count,71,1947.9499999999994
6,2026-08-11,75-4,75,A,plant,,,tiller_number,2,,count,71,1947.9499999999994
6,2026-08-11,75-5,75,A,plant,,,tiller_number,3,,count,71,1947.9499999999994
6,2026-08-11,74-1,74,B,plant,,,tiller_number,3,,count,71,1947.9499999999994
6,2026-08-11,74-2,74,B,plant,,,tiller_number,2,,count,71,1947.9499999999994
6,2026-08-11,74-3,74,B,plant,,,tiller_number,0,,count,71,1947.9499999999994
6,2026-08-11,74-4,74,B,plant,,,tiller_number,4,,count,71,1947.9499999999994
6,2026-08-11,74-5,74,B,plant,,,tiller_number,2,,count,71,1947.9499999999994
6,2026-08-11,73-1,73,C,plant,,,tiller_number,1,,count,71,1947.9499999999994
6,2026-08-11,73-2,73,C,plant,,,tiller_number,0,,count,71,1947.9499999999994
6,2026-08-11,73-3,73,C,plant,,,tiller_number,2,,count,71,1947.9499999999994
6,2026-08-11,73-4,73,C,plant,,,tiller_number,2,,count,71,1947.9499999999994
6,2026-08-11,73-5,73,C,plant,,,tiller_number,4,,count,71,1947.9499999999994
6,2026-08-11,75-1,75,A,tiller,,1.0,num_leaves,7.0,,count,71,1947.9499999999994
6,2026-08-11,75-1,75,A,tiller,,1.0,tiller_y_angle,-60.0,,deg,71,1947.9499999999994
6,2026-08-11,75-1,75,A,tiller,,2.0,num_leaves,1.0,,count,71,1947.9499999999994
6,2026-08-11,75-1,75,A,tiller,,2.0,tiller_y_angle,-77.0,,deg,71,1947.9499999999994
6,2026-08-11,75-2,75,A,tiller,,2.0,num_leaves,11.0,,count,71,1947.9499999999994
6,2026-08-11,75-2,75,A,tiller,,2.0,tiller_y_angle,-80.0,,deg,71,1947.9499999999994
6,2026-08-11,75-2,75,A,tiller,,3.0,num_leaves,10.0,,count,71,1947.9499999999994
6,2026-08-11,75-2,75,A,tiller,,3.0,tiller_y_angle,-85.0,,deg,71,1947.9499999999994
6,2026-08-11,75-3,75,A,tiller,,2.0,num_leaves,5.0,,count,71,1947.9499999999994
6,2026-08-11,75-3,75,A,tiller,,2.0,tiller_y_angle,-75.0,,deg,71,1947.9499999999994
6,2026-08-11,75-3,75,A,tiller,,3.0,num_leaves,12.0,,count,71,1947.9499999999994
6,2026-08-11,75-3,75,A,tiller,,3.0,tiller_y_angle,-74.0,,deg,71,1947.9499999999994
6,2026-08-11,75-3,75,A,tiller,,4.0,num_leaves,11.0,,count,71,1947.9499999999994
6,2026-08-11,75-3,75,A,tiller,,4.0,tiller_y_angle,-86.0,,deg,71,1947.9499999999994
6,2026-08-11,75-4,75,A,tiller,,1.0,num_leaves,13.0,,count,71,1947.9499999999994
6,2026-08-11,75-4,75,A,tiller,,1.0,tiller_y_angle,-79.0,,deg,71,1947.9499999999994
6,2026-08-11,75-4,75,A,tiller,,2.0,num_leaves,4.0,,count,71,1947.9499999999994
6,2026-08-11,75-4,75,A,tiller,,2.0,tiller_y_angle,-80.0,,deg,71,1947.9499999999994
6,2026-08-11,75-5,75,A,tiller,,1.0,num_leaves,16.0,,count,71,1947.9499999999994
6,2026-08-11,75-5,75,A,tiller,,1.0,tiller_y_angle,-73.0,,deg,71,1947.9499999999994
6,2026-08-11,75-5,75,A,tiller,,2.0,num_leaves,13.0,,count,71,1947.9499999999994
6,2026-08-11,75-5,75,A,tiller,,2.0,tiller_y_angle,-78.0,,deg,71,1947.9499999999994
6,2026-08-11,75-5,75,A,tiller,,3.0,num_leaves,15.0,,count,71,1947.9499999999994
6,2026-08-11,75-5,75,A,tiller,,3.0,tiller_y_angle,-81.0,,deg,71,1947.9499999999994
6,2026-08-11,74-1,74,B,tiller,,1.0,num_leaves,2.0,,count,71,1947.9499999999994
6,2026-08-11,74-1,74,B,tiller,,1.0,tiller_y_angle,-50.0,,deg,71,1947.9499999999994
6,2026-08-11,74-1,74,B,tiller,,2.0,num_leaves,12.0,,count,71,1947.9499999999994
6,2026-08-11,74-1,74,B,tiller,,2.0,tiller_y_angle,-86.0,,deg,71,1947.9499999999994
6,2026-08-11,74-1,74,B,tiller,,3.0,num_leaves,5.0,,count,71,1947.9499999999994
6,2026-08-11,74-1,74,B,tiller,,3.0,tiller_y_angle,-83.0,,deg,71,1947.9499999999994
6,2026-08-11,74-2,74,B,tiller,,1.0,num_leaves,13.0,,count,71,1947.9499999999994
6,2026-08-11,74-2,74,B,tiller,,1.0,tiller_y_angle,-85.0,,deg,71,1947.9499999999994
6,2026-08-11,74-2,74,B,tiller,,2.0,num_leaves,12.0,,count,71,1947.9499999999994
6,2026-08-11,74-2,74,B,tiller,,2.0,tiller_y_angle,-87.0,,deg,71,1947.9499999999994
6,2026-08-11,74-4,74,B,tiller,,1.0,num_leaves,11.0,,count,71,1947.9499999999994
6,2026-08-11,74-4,74,B,tiller,,1.0,tiller_y_angle,-85.0,,deg,71,1947.9499999999994
6,2026-08-11,74-4,74,B,tiller,,2.0,num_leaves,11.0,,count,71,1947.9499999999994
6,2026-08-11,74-4,74,B,tiller,,2.0,tiller_y_angle,-86.0,,deg,71,1947.9499999999994
6,2026-08-11,74-4,74,B,tiller,,3.0,num_leaves,4.0,,count,71,1947.9499999999994
6,2026-08-11,74-4,74,B,tiller,,3.0,tiller_y_angle,-83.0,,deg,71,1947.9499999999994
6,2026-08-11,74-4,74,B,tiller,,4.0,num_leaves,12.0,,count,71,1947.9499999999994
6,2026-08-11,74-4,74,B,tiller,,4.0,tiller_y_angle,-86.0,,deg,71,1947.9499999999994
6,2026-08-11,74-5,74,B,tiller,,1.0,num_leaves,6.0,,count,71,1947.9499999999994
6,2026-08-11,74-5,74,B,tiller,,1.0,tiller_y_angle,-76.0,,deg,71,1947.9499999999994
6,2026-08-11,73-1,73,C,tiller,,1.0,num_leaves,14.0,,count,71,1947.9499999999994
6,2026-08-11,73-1,73,C,tiller,,1.0,tiller_y_angle,-73.0,,deg,71,1947.9499999999994
6,2026-08-11,73-3,73,C,tiller,,1.0,num_leaves,14.0,,count,71,1947.9499999999994
6,2026-08-11,73-3,73,C,tiller,,1.0,tiller_y_angle,-77.0,,deg,71,1947.9499999999994
6,2026-08-11,73-3,73,C,tiller,,2.0,num_leaves,14.0,,count,71,1947.9499999999994
6,2026-08-11,73-3,73,C,tiller,,2.0,tiller_y_angle,-80.0,,deg,71,1947.9499999999994
6,2026-08-11,73-4,73,C,tiller,,1.0,num_leaves,3.0,,count,71,1947.9499999999994
6,2026-08-11,73-4,73,C,tiller,,1.0,tiller_y_angle,-73.0,,deg,71,1947.9499999999994
6,2026-08-11,73-4,73,C,tiller,,2.0,num_leaves,8.0,,count,71,1947.9499999999994
6,2026-08-11,73-4,73,C,tiller,,2.0,tiller_y_angle,-65.0,,deg,71,1947.9499999999994
6,2026-08-11,73-5,73,C,tiller,,1.0,num_leaves,14.0,,count,71,1947.9499999999994
6,2026-08-11,73-5,73,C,tiller,,1.0,tiller_y_angle,-72.0,,deg,71,1947.9499999999994
6,2026-08-11,73-5,73,C,tiller,,2.0,num_leaves,4.0,,count,71,1947.9499999999994
6,2026-08-11,73-5,73,C,tiller,,2.0,tiller_y_angle,-75.0,,deg,71,1947.9499999999994
6,2026-08-11,73-5,73,C,tiller,,3.0,num_leaves,15.0,,count,71,1947.9499999999994
6,2026-08-11,73-5,73,C,tiller,,3.0,tiller_y_angle,-72.0,,deg,71,1947.9499999999994
6,2026-08-11,73-5,73,C,tiller,,4.0,num_leaves,16.0,,count,71,1947.9499999999994
6,2026-08-11,73-5,73,C,tiller,,4.0,tiller_y_angle,-78.0,,deg,71,1947.9499999999994
6,2026-08-11,75-1,75,A,plant,,,height_cm,152,,cm,71,1947.9499999999994
6,2026-08-11,75-1,75,A,plant,,,panicle_emerged,False,,,71,1947.9499999999994
6,2026-08-11,75-2,75,A,plant,,,height_cm,155,,cm,71,1947.9499999999994
6,2026-08-11,75-2,75,A,plant,,,panicle_emerged,False,,,71,1947.9499999999994
6,2026-08-11,75-3,75,A,plant,,,height_cm,130,,cm,71,1947.9499999999994
6,2026-08-11,75-3,75,A,plant,,,panicle_emerged,False,,,71,1947.9499999999994
6,2026-08-11,75-4,75,A,plant,,,height_cm,134,,cm,71,1947.9499999999994
6,2026-08-11,75-4,75,A,plant,,,panicle_emerged,False,,,71,1947.9499999999994
6,2026-08-11,75-5,75,A,plant,,,height_cm,130,,cm,71,1947.9499999999994
6,2026-08-11,75-5,75,A,plant,,,panicle_emerged,False,,,71,1947.9499999999994
6,2026-08-11,74-1,74,B,plant,,,height_cm,230,,cm,71,1947.9499999999994
6,2026-08-11,74-1,74,B,plant,,,panicle_emerged,False,,,71,1947.9499999999994
6,2026-08-11,74-2,74,B,plant,,,height_cm,217,,cm,71,1947.9499999999994
6,2026-08-11,74-2,74,B,plant,,,panicle_emerged,False,,,71,1947.9499999999994
6,2026-08-11,74-3,74,B,plant,,,height_cm,213,,cm,71,1947.9499999999994
6,2026-08-11,74-3,74,B,plant,,,panicle_emerged,False,,,71,1947.9499999999994
6,2026-08-11,74-4,74,B,plant,,,height_cm,220,,cm,71,1947.9499999999994
6,2026-08-11,74-4,74,B,plant,,,panicle_emerged,False,,,71,1947.9499999999994
6,2026-08-11,74-5,74,B,plant,,,height_cm,215,,cm,71,1947.9499999999994
6,2026-08-11,74-5,74,B,plant,,,panicle_emerged,False,,,71,1947.9499999999994
6,2026-08-11,73-1,73,C,plant,,,height_cm,229,,cm,71,1947.9499999999994
6,2026-08-11,73-1,73,C,plant,,,panicle_emerged,True,,,71,1947.9499999999994
6,2026-08-11,73-1,73,C,plant,,,panicle_len_cm,21.0,,cm,71,1947.9499999999994
6,2026-08-11,73-1,73,C,plant,,,panicle_wid_cm,8.0,,cm,71,1947.9499999999994
6,2026-08-11,73-2,73,C,plant,,,height_cm,231,,cm,71,1947.9499999999994
6,2026-08-11,73-2,73,C,plant,,,panicle_emerged,True,,,71,1947.9499999999994
6,2026-08-11,73-2,73,C,plant,,,panicle_len_cm,18.0,,cm,71,1947.9499999999994
6,2026-08-11,73-2,73,C,plant,,,panicle_wid_cm,4.0,,cm,71,1947.9499999999994
6,2026-08-11,73-3,73,C,plant,,,height_cm,228,,cm,71,1947.9499999999994
6,2026-08-11,73-3,73,C,plant,,,panicle_emerged,True,,,71,1947.9499999999994
6,2026-08-11,73-3,73,C,plant,,,panicle_len_cm,21.5,,cm,71,1947.9499999999994
6,2026-08-11,73-3,73,C,plant,,,panicle_wid_cm,8.0,,cm,71,1947.9499999999994
6,2026-08-11,73-4,73,C,plant,,,height_cm,215,,cm,71,1947.9499999999994
6,2026-08-11,73-4,73,C,plant,,,panicle_emerged,True,,,71,1947.9499999999994
6,2026-08-11,73-4,73,C,plant,,,panicle_len_cm,19.0,,cm,71,1947.9499999999994
6,2026-08-11,73-4,73,C,plant,,,panicle_wid_cm,7.0,,cm,71,1947.9499999999994
6,2026-08-11,73-5,73,C,plant,,,height_cm,207,,cm,71,1947.9499999999994
6,2026-08-11,73-5,73,C,plant,,,panicle_emerged,True,,,71,1947.9499999999994
6,2026-08-11,73-5,73,C,plant,,,panicle_len_cm,21.0,,cm,71,1947.9499999999994
6,2026-08-11,73-5,73,C,plant,,,panicle_wid_cm,7.0,,cm,71,1947.9499999999994
7,2026-08-18,73-5,73,C,internode,1.0,,seg_length_cm,19.0,,cm,78,2133.5999999999995
7,2026-08-18,73-5,73,C,internode,1.0,,dia_sheath_mm,20.0,,mm,78,2133.5999999999995
7,2026-08-18,73-5,73,C,internode,1.0,,dia_perp_mm,18.0,,mm,78,2133.5999999999995
7,2026-08-18,73-5,73,C,internode,2.0,,seg_length_cm,8.0,,cm,78,2133.5999999999995
7,2026-08-18,73-5,73,C,internode,2.0,,dia_sheath_mm,22.0,,mm,78,2133.5999999999995
7,2026-08-18,73-5,73,C,internode,2.0,,dia_perp_mm,20.0,,mm,78,2133.5999999999995
7,2026-08-18,73-5,73,C,internode,3.0,,seg_length_cm,12.5,,cm,78,2133.5999999999995
7,2026-08-18,73-5,73,C,internode,3.0,,dia_sheath_mm,18.0,,mm,78,2133.5999999999995
7,2026-08-18,73-5,73,C,internode,3.0,,dia_perp_mm,23.0,,mm,78,2133.5999999999995
7,2026-08-18,73-5,73,C,internode,4.0,,seg_length_cm,15.0,,cm,78,2133.5999999999995
7,2026-08-18,73-5,73,C,internode,4.0,,dia_sheath_mm,18.0,,mm,78,2133.5999999999995
7,2026-08-18,73-5,73,C,internode,4.0,,dia_perp_mm,17.0,,mm,78,2133.5999999999995
7,2026-08-18,73-5,73,C,internode,5.0,,seg_length_cm,17.0,,cm,78,2133.5999999999995
7,2026-08-18,73-5,73,C,internode,5.0,,dia_sheath_mm,18.0,,mm,78,2133.5999999999995
7,2026-08-18,73-5,73,C,internode,5.0,,dia_perp_mm,16.0,,mm,78,2133.5999999999995
7,2026-08-18,73-5,73,C,internode,6.0,,seg_length_cm,15.5,,cm,78,2133.5999999999995
7,2026-08-18,73-5,73,C,internode,6.0,,dia_sheath_mm,19.0,,mm,78,2133.5999999999995
7,2026-08-18,73-5,73,C,internode,6.0,,dia_perp_mm,17.0,,mm,78,2133.5999999999995
7,2026-08-18,73-5,73,C,internode,7.0,,seg_length_cm,14.5,,cm,78,2133.5999999999995
7,2026-08-18,73-5,73,C,internode,7.0,,dia_sheath_mm,21.0,,mm,78,2133.5999999999995
7,2026-08-18,73-5,73,C,internode,7.0,,dia_perp_mm,19.0,,mm,78,2133.5999999999995
7,2026-08-18,73-5,73,C,internode,8.0,,seg_length_cm,11.0,,cm,78,2133.5999999999995
7,2026-08-18,73-5,73,C,internode,8.0,,dia_sheath_mm,21.0,,mm,78,2133.5999999999995
7,2026-08-18,73-5,73,C,internode,8.0,,dia_perp_mm,20.0,,mm,78,2133.5999999999995
7,2026-08-18,73-5,73,C,internode,9.0,,seg_length_cm,11.5,,cm,78,2133.5999999999995
7,2026-08-18,73-5,73,C,internode,9.0,,dia_sheath_mm,19.0,,mm,78,2133.5999999999995
7,2026-08-18,73-5,73,C,internode,9.0,,dia_perp_mm,17.0,,mm,78,2133.5999999999995
7,2026-08-18,73-5,73,C,internode,10.0,,seg_length_cm,12.0,,cm,78,2133.5999999999995
7,2026-08-18,73-5,73,C,internode,10.0,,dia_sheath_mm,21.0,,mm,78,2133.5999999999995
7,2026-08-18,73-5,73,C,internode,10.0,,dia_perp_mm,16.0,,mm,78,2133.5999999999995
7,2026-08-18,73-5,73,C,internode,11.0,,seg_length_cm,9.5,,cm,78,2133.5999999999995
7,2026-08-18,73-5,73,C,internode,11.0,,dia_sheath_mm,9.5,,mm,78,2133.5999999999995
7,2026-08-18,73-5,73,C,internode,11.0,,dia_perp_mm,17.0,,mm,78,2133.5999999999995
7,2026-08-18,73-5,73,C,internode,12.0,,seg_length_cm,11.5,,cm,78,2133.5999999999995
7,2026-08-18,73-5,73,C,internode,12.0,,dia_sheath_mm,11.5,,mm,78,2133.5999999999995
7,2026-08-18,73-5,73,C,internode,12.0,,dia_perp_mm,17.0,,mm,78,2133.5999999999995
7,2026-08-18,73-5,73,C,internode,13.0,,seg_length_cm,11.0,,cm,78,2133.5999999999995
7,2026-08-18,73-5,73,C,internode,13.0,,dia_sheath_mm,11.0,,mm,78,2133.5999999999995
7,2026-08-18,73-5,73,C,internode,13.0,,dia_perp_mm,17.0,,mm,78,2133.5999999999995
7,2026-08-18,73-5,73,C,internode,14.0,,seg_length_cm,13.0,,cm,78,2133.5999999999995
7,2026-08-18,73-5,73,C,internode,14.0,,dia_sheath_mm,13.0,,mm,78,2133.5999999999995
7,2026-08-18,73-5,73,C,internode,14.0,,dia_perp_mm,16.0,,mm,78,2133.5999999999995
7,2026-08-18,73-5,73,C,internode,15.0,,seg_length_cm,22.0,,cm,78,2133.5999999999995
7,2026-08-18,73-5,73,C,internode,15.0,,dia_sheath_mm,22.0,,mm,78,2133.5999999999995
7,2026-08-18,73-5,73,C,internode,15.0,,dia_perp_mm,14.0,,mm,78,2133.5999999999995
7,2026-08-18,73-4,73,C,internode,1.0,,seg_length_cm,17.0,,cm,78,2133.5999999999995
7,2026-08-18,73-4,73,C,internode,1.0,,dia_sheath_mm,21.0,,mm,78,2133.5999999999995
7,2026-08-18,73-4,73,C,internode,1.0,,dia_perp_mm,18.0,,mm,78,2133.5999999999995
7,2026-08-18,73-4,73,C,internode,2.0,,seg_length_cm,6.0,,cm,78,2133.5999999999995
7,2026-08-18,73-4,73,C,internode,2.0,,dia_sheath_mm,20.0,,mm,78,2133.5999999999995
7,2026-08-18,73-4,73,C,internode,2.0,,dia_perp_mm,20.0,,mm,78,2133.5999999999995
7,2026-08-18,73-4,73,C,internode,3.0,,seg_length_cm,10.0,,cm,78,2133.5999999999995
7,2026-08-18,73-4,73,C,internode,3.0,,dia_sheath_mm,18.0,,mm,78,2133.5999999999995
7,2026-08-18,73-4,73,C,internode,3.0,,dia_perp_mm,17.0,,mm,78,2133.5999999999995
7,2026-08-18,73-4,73,C,internode,4.0,,seg_length_cm,15.0,,cm,78,2133.5999999999995
7,2026-08-18,73-4,73,C,internode,4.0,,dia_sheath_mm,18.0,,mm,78,2133.5999999999995
7,2026-08-18,73-4,73,C,internode,4.0,,dia_perp_mm,18.0,,mm,78,2133.5999999999995
7,2026-08-18,73-4,73,C,internode,5.0,,seg_length_cm,18.0,,cm,78,2133.5999999999995
7,2026-08-18,73-4,73,C,internode,5.0,,dia_sheath_mm,18.0,,mm,78,2133.5999999999995
7,2026-08-18,73-4,73,C,internode,5.0,,dia_perp_mm,17.0,,mm,78,2133.5999999999995
7,2026-08-18,73-4,73,C,internode,6.0,,seg_length_cm,16.0,,cm,78,2133.5999999999995
7,2026-08-18,73-4,73,C,internode,6.0,,dia_sheath_mm,17.0,,mm,78,2133.5999999999995
7,2026-08-18,73-4,73,C,internode,6.0,,dia_perp_mm,17.0,,mm,78,2133.5999999999995
7,2026-08-18,73-4,73,C,internode,7.0,,seg_length_cm,17.0,,cm,78,2133.5999999999995
7,2026-08-18,73-4,73,C,internode,7.0,,dia_sheath_mm,17.0,,mm,78,2133.5999999999995
7,2026-08-18,73-4,73,C,internode,7.0,,dia_perp_mm,20.0,,mm,78,2133.5999999999995
7,2026-08-18,73-4,73,C,internode,8.0,,seg_length_cm,10.0,,cm,78,2133.5999999999995
7,2026-08-18,73-4,73,C,internode,8.0,,dia_sheath_mm,20.0,,mm,78,2133.5999999999995
7,2026-08-18,73-4,73,C,internode,8.0,,dia_perp_mm,20.0,,mm,78,2133.5999999999995
7,2026-08-18,73-4,73,C,internode,9.0,,seg_length_cm,12.0,,cm,78,2133.5999999999995
7,2026-08-18,73-4,73,C,internode,9.0,,dia_sheath_mm,19.0,,mm,78,2133.5999999999995
7,2026-08-18,73-4,73,C,internode,9.0,,dia_perp_mm,18.0,,mm,78,2133.5999999999995
7,2026-08-18,73-4,73,C,internode,10.0,,seg_length_cm,7.5,,cm,78,2133.5999999999995
7,2026-08-18,73-4,73,C,internode,10.0,,dia_sheath_mm,20.0,,mm,78,2133.5999999999995
7,2026-08-18,73-4,73,C,internode,10.0,,dia_perp_mm,18.0,,mm,78,2133.5999999999995
7,2026-08-18,73-4,73,C,internode,11.0,,seg_length_cm,9.0,,cm,78,2133.5999999999995
7,2026-08-18,73-4,73,C,internode,11.0,,dia_sheath_mm,20.0,,mm,78,2133.5999999999995
7,2026-08-18,73-4,73,C,internode,11.0,,dia_perp_mm,17.0,,mm,78,2133.5999999999995
7,2026-08-18,73-4,73,C,internode,12.0,,seg_length_cm,10.0,,cm,78,2133.5999999999995
7,2026-08-18,73-4,73,C,internode,12.0,,dia_sheath_mm,21.0,,mm,78,2133.5999999999995
7,2026-08-18,73-4,73,C,internode,12.0,,dia_perp_mm,15.0,,mm,78,2133.5999999999995
7,2026-08-18,73-4,73,C,internode,13.0,,seg_length_cm,12.0,,cm,78,2133.5999999999995
7,2026-08-18,73-4,73,C,internode,13.0,,dia_sheath_mm,21.0,,mm,78,2133.5999999999995
7,2026-08-18,73-4,73,C,internode,13.0,,dia_perp_mm,15.0,,mm,78,2133.5999999999995
7,2026-08-18,73-4,73,C,internode,14.0,,seg_length_cm,12.0,,cm,78,2133.5999999999995
7,2026-08-18,73-4,73,C,internode,14.0,,dia_sheath_mm,18.0,,mm,78,2133.5999999999995
7,2026-08-18,73-4,73,C,internode,14.0,,dia_perp_mm,15.0,,mm,78,2133.5999999999995
7,2026-08-18,73-4,73,C,internode,15.0,,seg_length_cm,24.0,,cm,78,2133.5999999999995
7,2026-08-18,73-4,73,C,internode,15.0,,dia_sheath_mm,11.0,,mm,78,2133.5999999999995
7,2026-08-18,73-4,73,C,internode,15.0,,dia_perp_mm,11.0,,mm,78,2133.5999999999995
7,2026-08-18,73-3,73,C,internode,1.0,,seg_length_cm,14.0,,cm,78,2133.5999999999995
7,2026-08-18,73-3,73,C,internode,1.0,,dia_sheath_mm,24.0,,mm,78,2133.5999999999995
7,2026-08-18,73-3,73,C,internode,1.0,,dia_perp_mm,20.0,,mm,78,2133.5999999999995
7,2026-08-18,73-3,73,C,internode,2.0,,seg_length_cm,4.0,,cm,78,2133.5999999999995
7,2026-08-18,73-3,73,C,internode,2.0,,dia_sheath_mm,22.0,,mm,78,2133.5999999999995
7,2026-08-18,73-3,73,C,internode,2.0,,dia_perp_mm,20.0,,mm,78,2133.5999999999995
7,2026-08-18,73-3,73,C,internode,3.0,,seg_length_cm,6.0,,cm,78,2133.5999999999995
7,2026-08-18,73-3,73,C,internode,3.0,,dia_sheath_mm,21.0,,mm,78,2133.5999999999995
7,2026-08-18,73-3,73,C,internode,3.0,,dia_perp_mm,19.0,,mm,78,2133.5999999999995
7,2026-08-18,73-3,73,C,internode,4.0,,seg_length_cm,9.0,,cm,78,2133.5999999999995
7,2026-08-18,73-3,73,C,internode,4.0,,dia_sheath_mm,21.0,,mm,78,2133.5999999999995
7,2026-08-18,73-3,73,C,internode,4.0,,dia_perp_mm,18.0,,mm,78,2133.5999999999995
7,2026-08-18,73-3,73,C,internode,5.0,,seg_length_cm,14.0,,cm,78,2133.5999999999995
7,2026-08-18,73-3,73,C,internode,5.0,,dia_sheath_mm,17.0,,mm,78,2133.5999999999995
7,2026-08-18,73-3,73,C,internode,5.0,,dia_perp_mm,16.0,,mm,78,2133.5999999999995
7,2026-08-18,73-3,73,C,internode,6.0,,seg_length_cm,17.0,,cm,78,2133.5999999999995
7,2026-08-18,73-3,73,C,internode,6.0,,dia_sheath_mm,17.0,,mm,78,2133.5999999999995
7,2026-08-18,73-3,73,C,internode,6.0,,dia_perp_mm,17.0,,mm,78,2133.5999999999995
7,2026-08-18,73-3,73,C,internode,7.0,,seg_length_cm,19.0,,cm,78,2133.5999999999995
7,2026-08-18,73-3,73,C,internode,7.0,,dia_sheath_mm,16.0,,mm,78,2133.5999999999995
7,2026-08-18,73-3,73,C,internode,7.0,,dia_perp_mm,16.0,,mm,78,2133.5999999999995
7,2026-08-18,73-3,73,C,internode,8.0,,seg_length_cm,19.0,,cm,78,2133.5999999999995
7,2026-08-18,73-3,73,C,internode,8.0,,dia_sheath_mm,16.0,,mm,78,2133.5999999999995
7,2026-08-18,73-3,73,C,internode,8.0,,dia_perp_mm,16.0,,mm,78,2133.5999999999995
7,2026-08-18,73-3,73,C,internode,9.0,,seg_length_cm,15.0,,cm,78,2133.5999999999995
7,2026-08-18,73-3,73,C,internode,9.0,,dia_sheath_mm,16.0,,mm,78,2133.5999999999995
7,2026-08-18,73-3,73,C,internode,9.0,,dia_perp_mm,17.0,,mm,78,2133.5999999999995
7,2026-08-18,73-3,73,C,internode,10.0,,seg_length_cm,14.0,,cm,78,2133.5999999999995
7,2026-08-18,73-3,73,C,internode,10.0,,dia_sheath_mm,14.0,,mm,78,2133.5999999999995
7,2026-08-18,73-3,73,C,internode,10.0,,dia_perp_mm,13.0,,mm,78,2133.5999999999995
7,2026-08-18,73-3,73,C,internode,11.0,,seg_length_cm,25.0,,cm,78,2133.5999999999995
7,2026-08-18,73-3,73,C,internode,11.0,,dia_sheath_mm,11.0,,mm,78,2133.5999999999995
7,2026-08-18,73-3,73,C,internode,11.0,,dia_perp_mm,12.0,,mm,78,2133.5999999999995
7,2026-08-18,73-2,73,C,internode,1.0,,seg_length_cm,15.0,,cm,78,2133.5999999999995
7,2026-08-18,73-2,73,C,internode,1.0,,dia_sheath_mm,23.0,,mm,78,2133.5999999999995
7,2026-08-18,73-2,73,C,internode,1.0,,dia_perp_mm,19.0,,mm,78,2133.5999999999995
7,2026-08-18,73-2,73,C,internode,2.0,,seg_length_cm,5.0,,cm,78,2133.5999999999995
7,2026-08-18,73-2,73,C,internode,2.0,,dia_sheath_mm,21.0,,mm,78,2133.5999999999995
7,2026-08-18,73-2,73,C,internode,2.0,,dia_perp_mm,22.0,,mm,78,2133.5999999999995
7,2026-08-18,73-2,73,C,internode,3.0,,seg_length_cm,5.0,,cm,78,2133.5999999999995
7,2026-08-18,73-2,73,C,internode,3.0,,dia_sheath_mm,21.0,,mm,78,2133.5999999999995
7,2026-08-18,73-2,73,C,internode,3.0,,dia_perp_mm,19.0,,mm,78,2133.5999999999995
7,2026-08-18,73-2,73,C,internode,4.0,,seg_length_cm,9.0,,cm,78,2133.5999999999995
7,2026-08-18,73-2,73,C,internode,4.0,,dia_sheath_mm,20.0,,mm,78,2133.5999999999995
7,2026-08-18,73-2,73,C,internode,4.0,,dia_perp_mm,19.0,,mm,78,2133.5999999999995
7,2026-08-18,73-2,73,C,internode,5.0,,seg_length_cm,10.0,,cm,78,2133.5999999999995
7,2026-08-18,73-2,73,C,internode,5.0,,dia_sheath_mm,17.0,,mm,78,2133.5999999999995
7,2026-08-18,73-2,73,C,internode,5.0,,dia_perp_mm,17.0,,mm,78,2133.5999999999995
7,2026-08-18,73-2,73,C,internode,6.0,,seg_length_cm,16.0,,cm,78,2133.5999999999995
7,2026-08-18,73-2,73,C,internode,6.0,,dia_sheath_mm,18.0,,mm,78,2133.5999999999995
7,2026-08-18,73-2,73,C,internode,6.0,,dia_perp_mm,16.0,,mm,78,2133.5999999999995
7,2026-08-18,73-2,73,C,internode,7.0,,seg_length_cm,18.5,,cm,78,2133.5999999999995
7,2026-08-18,73-2,73,C,internode,7.0,,dia_sheath_mm,17.0,,mm,78,2133.5999999999995
7,2026-08-18,73-2,73,C,internode,7.0,,dia_perp_mm,17.0,,mm,78,2133.5999999999995
7,2026-08-18,73-2,73,C,internode,8.0,,seg_length_cm,18.0,,cm,78,2133.5999999999995
7,2026-08-18,73-2,73,C,internode,8.0,,dia_sheath_mm,18.0,,mm,78,2133.5999999999995
7,2026-08-18,73-2,73,C,internode,8.0,,dia_perp_mm,16.0,,mm,78,2133.5999999999995
7,2026-08-18,73-2,73,C,internode,9.0,,seg_length_cm,16.0,,cm,78,2133.5999999999995
7,2026-08-18,73-2,73,C,internode,9.0,,dia_sheath_mm,18.0,,mm,78,2133.5999999999995
7,2026-08-18,73-2,73,C,internode,9.0,,dia_perp_mm,16.0,,mm,78,2133.5999999999995
7,2026-08-18,73-2,73,C,internode,10.0,,seg_length_cm,15.0,,cm,78,2133.5999999999995
7,2026-08-18,73-2,73,C,internode,10.0,,dia_sheath_mm,13.0,,mm,78,2133.5999999999995
7,2026-08-18,73-2,73,C,internode,10.0,,dia_perp_mm,15.0,,mm,78,2133.5999999999995
7,2026-08-18,73-2,73,C,internode,11.0,,seg_length_cm,25.0,,cm,78,2133.5999999999995
7,2026-08-18,73-2,73,C,internode,11.0,,dia_sheath_mm,14.0,,mm,78,2133.5999999999995
7,2026-08-18,73-2,73,C,internode,11.0,,dia_perp_mm,12.0,,mm,78,2133.5999999999995
7,2026-08-18,73-1,73,C,internode,1.0,,seg_length_cm,18.0,,cm,78,2133.5999999999995
7,2026-08-18,73-1,73,C,internode,1.0,,dia_sheath_mm,19.0,,mm,78,2133.5999999999995
7,2026-08-18,73-1,73,C,internode,1.0,,dia_perp_mm,16.0,,mm,78,2133.5999999999995
7,2026-08-18,73-1,73,C,internode,2.0,,seg_length_cm,6.5,,cm,78,2133.5999999999995
7,2026-08-18,73-1,73,C,internode,2.0,,dia_sheath_mm,18.0,,mm,78,2133.5999999999995
7,2026-08-18,73-1,73,C,internode,2.0,,dia_perp_mm,17.0,,mm,78,2133.5999999999995
7,2026-08-18,73-1,73,C,internode,3.0,,seg_length_cm,7.0,,cm,78,2133.5999999999995
7,2026-08-18,73-1,73,C,internode,3.0,,dia_sheath_mm,19.0,,mm,78,2133.5999999999995
7,2026-08-18,73-1,73,C,internode,3.0,,dia_perp_mm,18.0,,mm,78,2133.5999999999995
7,2026-08-18,73-1,73,C,internode,4.0,,seg_length_cm,11.5,,cm,78,2133.5999999999995
7,2026-08-18,73-1,73,C,internode,4.0,,dia_sheath_mm,17.0,,mm,78,2133.5999999999995
7,2026-08-18,73-1,73,C,internode,4.0,,dia_perp_mm,16.0,,mm,78,2133.5999999999995
7,2026-08-18,73-1,73,C,internode,5.0,,seg_length_cm,12.0,,cm,78,2133.5999999999995
7,2026-08-18,73-1,73,C,internode,5.0,,dia_sheath_mm,16.0,,mm,78,2133.5999999999995
7,2026-08-18,73-1,73,C,internode,5.0,,dia_perp_mm,14.0,,mm,78,2133.5999999999995
7,2026-08-18,73-1,73,C,internode,6.0,,seg_length_cm,17.5,,cm,78,2133.5999999999995
7,2026-08-18,73-1,73,C,internode,6.0,,dia_sheath_mm,16.0,,mm,78,2133.5999999999995
7,2026-08-18,73-1,73,C,internode,6.0,,dia_perp_mm,16.0,,mm,78,2133.5999999999995
7,2026-08-18,73-1,73,C,internode,7.0,,seg_length_cm,18.0,,cm,78,2133.5999999999995
7,2026-08-18,73-1,73,C,internode,7.0,,dia_sheath_mm,16.0,,mm,78,2133.5999999999995
7,2026-08-18,73-1,73,C,internode,7.0,,dia_perp_mm,15.0,,mm,78,2133.5999999999995
7,2026-08-18,73-1,73,C,internode,8.0,,seg_length_cm,18.0,,cm,78,2133.5999999999995
7,2026-08-18,73-1,73,C,internode,8.0,,dia_sheath_mm,17.0,,mm,78,2133.5999999999995
7,2026-08-18,73-1,73,C,internode,8.0,,dia_perp_mm,16.0,,mm,78,2133.5999999999995
7,2026-08-18,73-1,73,C,internode,9.0,,seg_length_cm,16.0,,cm,78,2133.5999999999995
7,2026-08-18,73-1,73,C,internode,9.0,,dia_sheath_mm,17.0,,mm,78,2133.5999999999995
7,2026-08-18,73-1,73,C,internode,9.0,,dia_perp_mm,16.0,,mm,78,2133.5999999999995
7,2026-08-18,73-1,73,C,internode,10.0,,seg_length_cm,14.0,,cm,78,2133.5999999999995
7,2026-08-18,73-1,73,C,internode,10.0,,dia_sheath_mm,15.0,,mm,78,2133.5999999999995
7,2026-08-18,73-1,73,C,internode,10.0,,dia_perp_mm,14.0,,mm,78,2133.5999999999995
7,2026-08-18,73-1,73,C,internode,11.0,,seg_length_cm,24.0,,cm,78,2133.5999999999995
7,2026-08-18,73-1,73,C,internode,11.0,,dia_sheath_mm,11.0,,mm,78,2133.5999999999995
7,2026-08-18,73-1,73,C,internode,11.0,,dia_perp_mm,12.0,,mm,78,2133.5999999999995
7,2026-08-18,73-1,73,C,internode,12.0,,seg_length_cm,5.5,,cm,78,2133.5999999999995
7,2026-08-18,73-1,73,C,internode,12.0,,dia_sheath_mm,10.0,,mm,78,2133.5999999999995
7,2026-08-18,73-1,73,C,internode,12.0,,dia_perp_mm,11.0,,mm,78,2133.5999999999995
7,2026-08-18,74-5,74,B,internode,1.0,,seg_length_cm,42.0,,cm,78,2133.5999999999995
7,2026-08-18,74-5,74,B,internode,1.0,,dia_sheath_mm,25.0,,mm,78,2133.5999999999995
7,2026-08-18,74-5,74,B,internode,1.0,,dia_perp_mm,23.0,,mm,78,2133.5999999999995
7,2026-08-18,74-5,74,B,internode,2.0,,seg_length_cm,17.0,,cm,78,2133.5999999999995
7,2026-08-18,74-5,74,B,internode,2.0,,dia_sheath_mm,22.0,,mm,78,2133.5999999999995
7,2026-08-18,74-5,74,B,internode,2.0,,dia_perp_mm,21.0,,mm,78,2133.5999999999995
7,2026-08-18,74-5,74,B,internode,3.0,,seg_length_cm,20.0,,cm,78,2133.5999999999995
7,2026-08-18,74-5,74,B,internode,3.0,,dia_sheath_mm,22.0,,mm,78,2133.5999999999995
7,2026-08-18,74-5,74,B,internode,3.0,,dia_perp_mm,20.0,,mm,78,2133.5999999999995
7,2026-08-18,74-5,74,B,internode,4.0,,seg_length_cm,19.0,,cm,78,2133.5999999999995
7,2026-08-18,74-5,74,B,internode,4.0,,dia_sheath_mm,25.0,,mm,78,2133.5999999999995
7,2026-08-18,74-5,74,B,internode,4.0,,dia_perp_mm,23.0,,mm,78,2133.5999999999995
7,2026-08-18,74-5,74,B,internode,5.0,,seg_length_cm,12.0,,cm,78,2133.5999999999995
7,2026-08-18,74-5,74,B,internode,5.0,,dia_sheath_mm,23.0,,mm,78,2133.5999999999995
7,2026-08-18,74-5,74,B,internode,5.0,,dia_perp_mm,22.0,,mm,78,2133.5999999999995
7,2026-08-18,74-5,74,B,internode,6.0,,seg_length_cm,15.0,,cm,78,2133.5999999999995
7,2026-08-18,74-5,74,B,internode,6.0,,dia_sheath_mm,21.0,,mm,78,2133.5999999999995
7,2026-08-18,74-5,74,B,internode,6.0,,dia_perp_mm,19.0,,mm,78,2133.5999999999995
7,2026-08-18,74-5,74,B,internode,7.0,,seg_length_cm,12.0,,cm,78,2133.5999999999995
7,2026-08-18,74-5,74,B,internode,7.0,,dia_sheath_mm,21.0,,mm,78,2133.5999999999995
7,2026-08-18,74-5,74,B,internode,7.0,,dia_perp_mm,18.0,,mm,78,2133.5999999999995
7,2026-08-18,74-5,74,B,internode,8.0,,seg_length_cm,12.0,,cm,78,2133.5999999999995
7,2026-08-18,74-5,74,B,internode,8.0,,dia_sheath_mm,18.0,,mm,78,2133.5999999999995
7,2026-08-18,74-5,74,B,internode,8.0,,dia_perp_mm,17.0,,mm,78,2133.5999999999995
7,2026-08-18,74-5,74,B,internode,9.0,,seg_length_cm,10.0,,cm,78,2133.5999999999995
7,2026-08-18,74-5,74,B,internode,9.0,,dia_sheath_mm,17.0,,mm,78,2133.5999999999995
7,2026-08-18,74-5,74,B,internode,9.0,,dia_perp_mm,16.0,,mm,78,2133.5999999999995
7,2026-08-18,74-5,74,B,internode,10.0,,seg_length_cm,10.0,,cm,78,2133.5999999999995
7,2026-08-18,74-5,74,B,internode,10.0,,dia_sheath_mm,17.0,,mm,78,2133.5999999999995
7,2026-08-18,74-5,74,B,internode,10.0,,dia_perp_mm,16.0,,mm,78,2133.5999999999995
7,2026-08-18,74-5,74,B,internode,11.0,,seg_length_cm,11.0,,cm,78,2133.5999999999995
7,2026-08-18,74-5,74,B,internode,11.0,,dia_sheath_mm,15.0,,mm,78,2133.5999999999995
7,2026-08-18,74-5,74,B,internode,11.0,,dia_perp_mm,14.0,,mm,78,2133.5999999999995
7,2026-08-18,74-5,74,B,internode,12.0,,seg_length_cm,15.0,,cm,78,2133.5999999999995
7,2026-08-18,74-5,74,B,internode,12.0,,dia_sheath_mm,14.0,,mm,78,2133.5999999999995
7,2026-08-18,74-5,74,B,internode,12.0,,dia_perp_mm,13.0,,mm,78,2133.5999999999995
7,2026-08-18,74-5,74,B,internode,13.0,,seg_length_cm,14.0,,cm,78,2133.5999999999995
7,2026-08-18,74-5,74,B,internode,13.0,,dia_sheath_mm,12.0,,mm,78,2133.5999999999995
7,2026-08-18,74-5,74,B,internode,13.0,,dia_perp_mm,11.0,,mm,78,2133.5999999999995
7,2026-08-18,74-5,74,B,internode,14.0,,seg_length_cm,17.0,,cm,78,2133.5999999999995
7,2026-08-18,74-5,74,B,internode,14.0,,dia_sheath_mm,10.0,,mm,78,2133.5999999999995
7,2026-08-18,74-5,74,B,internode,14.0,,dia_perp_mm,7.0,,mm,78,2133.5999999999995
7,2026-08-18,74-4,74,B,internode,1.0,,seg_length_cm,30.0,,cm,78,2133.5999999999995
7,2026-08-18,74-4,74,B,internode,1.0,,dia_sheath_mm,26.0,,mm,78,2133.5999999999995
7,2026-08-18,74-4,74,B,internode,1.0,,dia_perp_mm,22.0,,mm,78,2133.5999999999995
7,2026-08-18,74-4,74,B,internode,2.0,,seg_length_cm,14.0,,cm,78,2133.5999999999995
7,2026-08-18,74-4,74,B,internode,2.0,,dia_sheath_mm,23.0,,mm,78,2133.5999999999995
7,2026-08-18,74-4,74,B,internode,2.0,,dia_perp_mm,22.0,,mm,78,2133.5999999999995
7,2026-08-18,74-4,74,B,internode,3.0,,seg_length_cm,17.5,,cm,78,2133.5999999999995
7,2026-08-18,74-4,74,B,internode,3.0,,dia_sheath_mm,23.0,,mm,78,2133.5999999999995
7,2026-08-18,74-4,74,B,internode,3.0,,dia_perp_mm,22.0,,mm,78,2133.5999999999995
7,2026-08-18,74-4,74,B,internode,4.0,,seg_length_cm,21.0,,cm,78,2133.5999999999995
7,2026-08-18,74-4,74,B,internode,4.0,,dia_sheath_mm,23.0,,mm,78,2133.5999999999995
7,2026-08-18,74-4,74,B,internode,4.0,,dia_perp_mm,21.0,,mm,78,2133.5999999999995
7,2026-08-18,74-4,74,B,internode,5.0,,seg_length_cm,16.0,,cm,78,2133.5999999999995
7,2026-08-18,74-4,74,B,internode,5.0,,dia_sheath_mm,22.0,,mm,78,2133.5999999999995
7,2026-08-18,74-4,74,B,internode,5.0,,dia_perp_mm,22.0,,mm,78,2133.5999999999995
7,2026-08-18,74-4,74,B,internode,6.0,,seg_length_cm,13.0,,cm,78,2133.5999999999995
7,2026-08-18,74-4,74,B,internode,6.0,,dia_sheath_mm,21.0,,mm,78,2133.5999999999995
7,2026-08-18,74-4,74,B,internode,6.0,,dia_perp_mm,20.0,,mm,78,2133.5999999999995
7,2026-08-18,74-4,74,B,internode,7.0,,seg_length_cm,15.0,,cm,78,2133.5999999999995
7,2026-08-18,74-4,74,B,internode,7.0,,dia_sheath_mm,21.0,,mm,78,2133.5999999999995
7,2026-08-18,74-4,74,B,internode,7.0,,dia_perp_mm,19.0,,mm,78,2133.5999999999995
7,2026-08-18,74-4,74,B,internode,8.0,,seg_length_cm,14.5,,cm,78,2133.5999999999995
7,2026-08-18,74-4,74,B,internode,8.0,,dia_sheath_mm,20.0,,mm,78,2133.5999999999995
7,2026-08-18,74-4,74,B,internode,8.0,,dia_perp_mm,20.0,,mm,78,2133.5999999999995
7,2026-08-18,74-4,74,B,internode,9.0,,seg_length_cm,9.0,,cm,78,2133.5999999999995
7,2026-08-18,74-4,74,B,internode,9.0,,dia_sheath_mm,19.0,,mm,78,2133.5999999999995
7,2026-08-18,74-4,74,B,internode,9.0,,dia_perp_mm,19.0,,mm,78,2133.5999999999995
7,2026-08-18,74-4,74,B,internode,10.0,,seg_length_cm,10.5,,cm,78,2133.5999999999995
7,2026-08-18,74-4,74,B,internode,10.0,,dia_sheath_mm,19.0,,mm,78,2133.5999999999995
7,2026-08-18,74-4,74,B,internode,10.0,,dia_perp_mm,17.0,,mm,78,2133.5999999999995
7,2026-08-18,74-4,74,B,internode,11.0,,seg_length_cm,10.0,,cm,78,2133.5999999999995
7,2026-08-18,74-4,74,B,internode,11.0,,dia_sheath_mm,16.0,,mm,78,2133.5999999999995
7,2026-08-18,74-4,74,B,internode,11.0,,dia_perp_mm,16.0,,mm,78,2133.5999999999995
7,2026-08-18,74-4,74,B,internode,12.0,,seg_length_cm,12.0,,cm,78,2133.5999999999995
7,2026-08-18,74-4,74,B,internode,12.0,,dia_sheath_mm,15.0,,mm,78,2133.5999999999995
7,2026-08-18,74-4,74,B,internode,12.0,,dia_perp_mm,15.0,,mm,78,2133.5999999999995
7,2026-08-18,74-4,74,B,internode,13.0,,seg_length_cm,15.0,,cm,78,2133.5999999999995
7,2026-08-18,74-4,74,B,internode,13.0,,dia_sheath_mm,12.0,,mm,78,2133.5999999999995
7,2026-08-18,74-4,74,B,internode,13.0,,dia_perp_mm,13.0,,mm,78,2133.5999999999995
7,2026-08-18,74-4,74,B,internode,14.0,,seg_length_cm,22.0,,cm,78,2133.5999999999995
7,2026-08-18,74-4,74,B,internode,14.0,,dia_sheath_mm,11.0,,mm,78,2133.5999999999995
7,2026-08-18,74-4,74,B,internode,14.0,,dia_perp_mm,10.0,,mm,78,2133.5999999999995
7,2026-08-18,74-3,74,B,internode,1.0,,seg_length_cm,36.0,,cm,78,2133.5999999999995
7,2026-08-18,74-3,74,B,internode,1.0,,dia_sheath_mm,22.0,,mm,78,2133.5999999999995
7,2026-08-18,74-3,74,B,internode,1.0,,dia_perp_mm,20.0,,mm,78,2133.5999999999995
7,2026-08-18,74-3,74,B,internode,2.0,,seg_length_cm,18.0,,cm,78,2133.5999999999995
7,2026-08-18,74-3,74,B,internode,2.0,,dia_sheath_mm,24.0,,mm,78,2133.5999999999995
7,2026-08-18,74-3,74,B,internode,2.0,,dia_perp_mm,22.0,,mm,78,2133.5999999999995
7,2026-08-18,74-3,74,B,internode,3.0,,seg_length_cm,17.5,,cm,78,2133.5999999999995
7,2026-08-18,74-3,74,B,internode,3.0,,dia_sheath_mm,24.0,,mm,78,2133.5999999999995
7,2026-08-18,74-3,74,B,internode,3.0,,dia_perp_mm,22.0,,mm,78,2133.5999999999995
7,2026-08-18,74-3,74,B,internode,4.0,,seg_length_cm,21.0,,cm,78,2133.5999999999995
7,2026-08-18,74-3,74,B,internode,4.0,,dia_sheath_mm,24.0,,mm,78,2133.5999999999995
7,2026-08-18,74-3,74,B,internode,4.0,,dia_perp_mm,21.0,,mm,78,2133.5999999999995
7,2026-08-18,74-3,74,B,internode,5.0,,seg_length_cm,15.0,,cm,78,2133.5999999999995
7,2026-08-18,74-3,74,B,internode,5.0,,dia_sheath_mm,25.0,,mm,78,2133.5999999999995
7,2026-08-18,74-3,74,B,internode,5.0,,dia_perp_mm,22.0,,mm,78,2133.5999999999995
7,2026-08-18,74-3,74,B,internode,6.0,,seg_length_cm,13.0,,cm,78,2133.5999999999995
7,2026-08-18,74-3,74,B,internode,6.0,,dia_sheath_mm,21.0,,mm,78,2133.5999999999995
7,2026-08-18,74-3,74,B,internode,6.0,,dia_perp_mm,20.0,,mm,78,2133.5999999999995
7,2026-08-18,74-3,74,B,internode,7.0,,seg_length_cm,14.5,,cm,78,2133.5999999999995
7,2026-08-18,74-3,74,B,internode,7.0,,dia_sheath_mm,19.0,,mm,78,2133.5999999999995
7,2026-08-18,74-3,74,B,internode,7.0,,dia_perp_mm,18.0,,mm,78,2133.5999999999995
7,2026-08-18,74-3,74,B,internode,8.0,,seg_length_cm,14.0,,cm,78,2133.5999999999995
7,2026-08-18,74-3,74,B,internode,8.0,,dia_sheath_mm,19.0,,mm,78,2133.5999999999995
7,2026-08-18,74-3,74,B,internode,8.0,,dia_perp_mm,20.0,,mm,78,2133.5999999999995
7,2026-08-18,74-3,74,B,internode,9.0,,seg_length_cm,12.0,,cm,78,2133.5999999999995
7,2026-08-18,74-3,74,B,internode,9.0,,dia_sheath_mm,18.0,,mm,78,2133.5999999999995
7,2026-08-18,74-3,74,B,internode,9.0,,dia_perp_mm,19.0,,mm,78,2133.5999999999995
7,2026-08-18,74-3,74,B,internode,10.0,,seg_length_cm,11.0,,cm,78,2133.5999999999995
7,2026-08-18,74-3,74,B,internode,10.0,,dia_sheath_mm,17.0,,mm,78,2133.5999999999995
7,2026-08-18,74-3,74,B,internode,10.0,,dia_perp_mm,17.0,,mm,78,2133.5999999999995
7,2026-08-18,74-3,74,B,internode,11.0,,seg_length_cm,9.0,,cm,78,2133.5999999999995
7,2026-08-18,74-3,74,B,internode,11.0,,dia_sheath_mm,15.0,,mm,78,2133.5999999999995
7,2026-08-18,74-3,74,B,internode,11.0,,dia_perp_mm,14.0,,mm,78,2133.5999999999995
7,2026-08-18,74-3,74,B,internode,12.0,,seg_length_cm,13.5,,cm,78,2133.5999999999995
7,2026-08-18,74-3,74,B,internode,12.0,,dia_sheath_mm,12.0,,mm,78,2133.5999999999995
7,2026-08-18,74-3,74,B,internode,12.0,,dia_perp_mm,12.0,,mm,78,2133.5999999999995
7,2026-08-18,74-3,74,B,internode,13.0,,seg_length_cm,23.0,,cm,78,2133.5999999999995
7,2026-08-18,74-3,74,B,internode,13.0,,dia_sheath_mm,10.0,,mm,78,2133.5999999999995
7,2026-08-18,74-3,74,B,internode,13.0,,dia_perp_mm,11.0,,mm,78,2133.5999999999995
7,2026-08-18,74-2,74,B,internode,1.0,,seg_length_cm,41.0,,cm,78,2133.5999999999995
7,2026-08-18,74-2,74,B,internode,1.0,,dia_sheath_mm,21.0,,mm,78,2133.5999999999995
7,2026-08-18,74-2,74,B,internode,1.0,,dia_perp_mm,18.0,,mm,78,2133.5999999999995
7,2026-08-18,74-2,74,B,internode,2.0,,seg_length_cm,17.5,,cm,78,2133.5999999999995
7,2026-08-18,74-2,74,B,internode,2.0,,dia_sheath_mm,20.0,,mm,78,2133.5999999999995
7,2026-08-18,74-2,74,B,internode,2.0,,dia_perp_mm,19.0,,mm,78,2133.5999999999995
7,2026-08-18,74-2,74,B,internode,3.0,,seg_length_cm,20.0,,cm,78,2133.5999999999995
7,2026-08-18,74-2,74,B,internode,3.0,,dia_sheath_mm,26.0,,mm,78,2133.5999999999995
7,2026-08-18,74-2,74,B,internode,3.0,,dia_perp_mm,19.0,,mm,78,2133.5999999999995
7,2026-08-18,74-2,74,B,internode,4.0,,seg_length_cm,17.5,,cm,78,2133.5999999999995
7,2026-08-18,74-2,74,B,internode,4.0,,dia_sheath_mm,22.0,,mm,78,2133.5999999999995
7,2026-08-18,74-2,74,B,internode,4.0,,dia_perp_mm,18.0,,mm,78,2133.5999999999995
7,2026-08-18,74-2,74,B,internode,5.0,,seg_length_cm,15.5,,cm,78,2133.5999999999995
7,2026-08-18,74-2,74,B,internode,5.0,,dia_sheath_mm,20.0,,mm,78,2133.5999999999995
7,2026-08-18,74-2,74,B,internode,5.0,,dia_perp_mm,17.0,,mm,78,2133.5999999999995
7,2026-08-18,74-2,74,B,internode,6.0,,seg_length_cm,13.5,,cm,78,2133.5999999999995
7,2026-08-18,74-2,74,B,internode,6.0,,dia_sheath_mm,18.0,,mm,78,2133.5999999999995
7,2026-08-18,74-2,74,B,internode,6.0,,dia_perp_mm,16.0,,mm,78,2133.5999999999995
7,2026-08-18,74-2,74,B,internode,7.0,,seg_length_cm,16.5,,cm,78,2133.5999999999995
7,2026-08-18,74-2,74,B,internode,7.0,,dia_sheath_mm,17.0,,mm,78,2133.5999999999995
7,2026-08-18,74-2,74,B,internode,7.0,,dia_perp_mm,16.0,,mm,78,2133.5999999999995
7,2026-08-18,74-2,74,B,internode,8.0,,seg_length_cm,12.5,,cm,78,2133.5999999999995
7,2026-08-18,74-2,74,B,internode,8.0,,dia_sheath_mm,17.0,,mm,78,2133.5999999999995
7,2026-08-18,74-2,74,B,internode,8.0,,dia_perp_mm,16.0,,mm,78,2133.5999999999995
7,2026-08-18,74-2,74,B,internode,9.0,,seg_length_cm,11.5,,cm,78,2133.5999999999995
7,2026-08-18,74-2,74,B,internode,9.0,,dia_sheath_mm,16.0,,mm,78,2133.5999999999995
7,2026-08-18,74-2,74,B,internode,9.0,,dia_perp_mm,16.0,,mm,78,2133.5999999999995
7,2026-08-18,74-2,74,B,internode,10.0,,seg_length_cm,10.0,,cm,78,2133.5999999999995
7,2026-08-18,74-2,74,B,internode,10.0,,dia_sheath_mm,14.0,,mm,78,2133.5999999999995
7,2026-08-18,74-2,74,B,internode,10.0,,dia_perp_mm,15.0,,mm,78,2133.5999999999995
7,2026-08-18,74-2,74,B,internode,11.0,,seg_length_cm,13.0,,cm,78,2133.5999999999995
7,2026-08-18,74-2,74,B,internode,11.0,,dia_sheath_mm,13.0,,mm,78,2133.5999999999995
7,2026-08-18,74-2,74,B,internode,11.0,,dia_perp_mm,15.0,,mm,78,2133.5999999999995
7,2026-08-18,74-2,74,B,internode,12.0,,seg_length_cm,17.0,,cm,78,2133.5999999999995
7,2026-08-18,74-2,74,B,internode,12.0,,dia_sheath_mm,12.0,,mm,78,2133.5999999999995
7,2026-08-18,74-2,74,B,internode,12.0,,dia_perp_mm,12.0,,mm,78,2133.5999999999995
7,2026-08-18,74-2,74,B,internode,13.0,,seg_length_cm,24.5,,cm,78,2133.5999999999995
7,2026-08-18,74-2,74,B,internode,13.0,,dia_sheath_mm,11.0,,mm,78,2133.5999999999995
7,2026-08-18,74-2,74,B,internode,13.0,,dia_perp_mm,9.0,,mm,78,2133.5999999999995
7,2026-08-18,74-1,74,B,internode,1.0,,seg_length_cm,29.0,,cm,78,2133.5999999999995
7,2026-08-18,74-1,74,B,internode,1.0,,dia_sheath_mm,25.0,,mm,78,2133.5999999999995
7,2026-08-18,74-1,74,B,internode,1.0,,dia_perp_mm,22.0,,mm,78,2133.5999999999995
7,2026-08-18,74-1,74,B,internode,2.0,,seg_length_cm,13.5,,cm,78,2133.5999999999995
7,2026-08-18,74-1,74,B,internode,2.0,,dia_sheath_mm,26.0,,mm,78,2133.5999999999995
7,2026-08-18,74-1,74,B,internode,2.0,,dia_perp_mm,21.0,,mm,78,2133.5999999999995
7,2026-08-18,74-1,74,B,internode,3.0,,seg_length_cm,16.5,,cm,78,2133.5999999999995
7,2026-08-18,74-1,74,B,internode,3.0,,dia_sheath_mm,23.0,,mm,78,2133.5999999999995
7,2026-08-18,74-1,74,B,internode,3.0,,dia_perp_mm,21.0,,mm,78,2133.5999999999995
7,2026-08-18,74-1,74,B,internode,4.0,,seg_length_cm,18.0,,cm,78,2133.5999999999995
7,2026-08-18,74-1,74,B,internode,4.0,,dia_sheath_mm,22.0,,mm,78,2133.5999999999995
7,2026-08-18,74-1,74,B,internode,4.0,,dia_perp_mm,22.0,,mm,78,2133.5999999999995
7,2026-08-18,74-1,74,B,internode,5.0,,seg_length_cm,17.0,,cm,78,2133.5999999999995
7,2026-08-18,74-1,74,B,internode,5.0,,dia_sheath_mm,25.0,,mm,78,2133.5999999999995
7,2026-08-18,74-1,74,B,internode,5.0,,dia_perp_mm,23.0,,mm,78,2133.5999999999995
7,2026-08-18,74-1,74,B,internode,6.0,,seg_length_cm,13.0,,cm,78,2133.5999999999995
7,2026-08-18,74-1,74,B,internode,6.0,,dia_sheath_mm,22.0,,mm,78,2133.5999999999995
7,2026-08-18,74-1,74,B,internode,6.0,,dia_perp_mm,22.0,,mm,78,2133.5999999999995
7,2026-08-18,74-1,74,B,internode,7.0,,seg_length_cm,15.0,,cm,78,2133.5999999999995
7,2026-08-18,74-1,74,B,internode,7.0,,dia_sheath_mm,20.0,,mm,78,2133.5999999999995
7,2026-08-18,74-1,74,B,internode,7.0,,dia_perp_mm,21.0,,mm,78,2133.5999999999995
7,2026-08-18,74-1,74,B,internode,8.0,,seg_length_cm,12.0,,cm,78,2133.5999999999995
7,2026-08-18,74-1,74,B,internode,8.0,,dia_sheath_mm,19.0,,mm,78,2133.5999999999995
7,2026-08-18,74-1,74,B,internode,8.0,,dia_perp_mm,19.0,,mm,78,2133.5999999999995
7,2026-08-18,74-1,74,B,internode,9.0,,seg_length_cm,12.0,,cm,78,2133.5999999999995
7,2026-08-18,74-1,74,B,internode,9.0,,dia_sheath_mm,18.0,,mm,78,2133.5999999999995
7,2026-08-18,74-1,74,B,internode,9.0,,dia_perp_mm,18.0,,mm,78,2133.5999999999995
7,2026-08-18,74-1,74,B,internode,10.0,,seg_length_cm,11.0,,cm,78,2133.5999999999995
7,2026-08-18,74-1,74,B,internode,10.0,,dia_sheath_mm,18.0,,mm,78,2133.5999999999995
7,2026-08-18,74-1,74,B,internode,10.0,,dia_perp_mm,17.0,,mm,78,2133.5999999999995
7,2026-08-18,74-1,74,B,internode,11.0,,seg_length_cm,11.0,,cm,78,2133.5999999999995
7,2026-08-18,74-1,74,B,internode,11.0,,dia_sheath_mm,16.0,,mm,78,2133.5999999999995
7,2026-08-18,74-1,74,B,internode,11.0,,dia_perp_mm,16.0,,mm,78,2133.5999999999995
7,2026-08-18,74-1,74,B,internode,12.0,,seg_length_cm,11.5,,cm,78,2133.5999999999995
7,2026-08-18,74-1,74,B,internode,12.0,,dia_sheath_mm,15.0,,mm,78,2133.5999999999995
7,2026-08-18,74-1,74,B,internode,12.0,,dia_perp_mm,15.0,,mm,78,2133.5999999999995
7,2026-08-18,74-1,74,B,internode,13.0,,seg_length_cm,16.0,,cm,78,2133.5999999999995
7,2026-08-18,74-1,74,B,internode,13.0,,dia_sheath_mm,13.0,,mm,78,2133.5999999999995
7,2026-08-18,74-1,74,B,internode,13.0,,dia_perp_mm,15.0,,mm,78,2133.5999999999995
7,2026-08-18,74-1,74,B,internode,14.0,,seg_length_cm,27.0,,cm,78,2133.5999999999995
7,2026-08-18,74-1,74,B,internode,14.0,,dia_sheath_mm,12.0,,mm,78,2133.5999999999995
7,2026-08-18,74-1,74,B,internode,14.0,,dia_perp_mm,12.0,,mm,78,2133.5999999999995
7,2026-08-18,75-5,75,A,internode,1.0,,seg_length_cm,28.0,,cm,78,2133.5999999999995
7,2026-08-18,75-5,75,A,internode,1.0,,dia_sheath_mm,36.0,,mm,78,2133.5999999999995
7,2026-08-18,75-5,75,A,internode,1.0,,dia_perp_mm,34.0,,mm,78,2133.5999999999995
7,2026-08-18,75-5,75,A,internode,2.0,,seg_length_cm,10.0,,cm,78,2133.5999999999995
7,2026-08-18,75-5,75,A,internode,2.0,,dia_sheath_mm,34.0,,mm,78,2133.5999999999995
7,2026-08-18,75-5,75,A,internode,2.0,,dia_perp_mm,34.0,,mm,78,2133.5999999999995
7,2026-08-18,75-5,75,A,internode,3.0,,seg_length_cm,11.0,,cm,78,2133.5999999999995
7,2026-08-18,75-5,75,A,internode,3.0,,dia_sheath_mm,33.0,,mm,78,2133.5999999999995
7,2026-08-18,75-5,75,A,internode,3.0,,dia_perp_mm,35.0,,mm,78,2133.5999999999995
7,2026-08-18,75-5,75,A,internode,4.0,,seg_length_cm,7.0,,cm,78,2133.5999999999995
7,2026-08-18,75-5,75,A,internode,4.0,,dia_sheath_mm,38.0,,mm,78,2133.5999999999995
7,2026-08-18,75-5,75,A,internode,4.0,,dia_perp_mm,37.0,,mm,78,2133.5999999999995
7,2026-08-18,75-5,75,A,internode,5.0,,seg_length_cm,8.0,,cm,78,2133.5999999999995
7,2026-08-18,75-5,75,A,internode,5.0,,dia_sheath_mm,39.0,,mm,78,2133.5999999999995
7,2026-08-18,75-5,75,A,internode,5.0,,dia_perp_mm,36.0,,mm,78,2133.5999999999995
7,2026-08-18,75-5,75,A,internode,6.0,,seg_length_cm,8.5,,cm,78,2133.5999999999995
7,2026-08-18,75-5,75,A,internode,6.0,,dia_sheath_mm,36.0,,mm,78,2133.5999999999995
7,2026-08-18,75-5,75,A,internode,6.0,,dia_perp_mm,35.0,,mm,78,2133.5999999999995
7,2026-08-18,75-5,75,A,internode,7.0,,seg_length_cm,6.0,,cm,78,2133.5999999999995
7,2026-08-18,75-5,75,A,internode,7.0,,dia_sheath_mm,38.0,,mm,78,2133.5999999999995
7,2026-08-18,75-5,75,A,internode,7.0,,dia_perp_mm,30.0,,mm,78,2133.5999999999995
7,2026-08-18,75-5,75,A,internode,8.0,,seg_length_cm,3.5,,cm,78,2133.5999999999995
7,2026-08-18,75-5,75,A,internode,8.0,,dia_sheath_mm,31.0,,mm,78,2133.5999999999995
7,2026-08-18,75-5,75,A,internode,8.0,,dia_perp_mm,26.0,,mm,78,2133.5999999999995
7,2026-08-18,75-5,75,A,internode,9.0,,seg_length_cm,3.5,,cm,78,2133.5999999999995
7,2026-08-18,75-5,75,A,internode,9.0,,dia_sheath_mm,30.0,,mm,78,2133.5999999999995
7,2026-08-18,75-5,75,A,internode,9.0,,dia_perp_mm,28.0,,mm,78,2133.5999999999995
7,2026-08-18,75-5,75,A,internode,10.0,,seg_length_cm,7.0,,cm,78,2133.5999999999995
7,2026-08-18,75-5,75,A,internode,10.0,,dia_sheath_mm,25.0,,mm,78,2133.5999999999995
7,2026-08-18,75-5,75,A,internode,10.0,,dia_perp_mm,19.0,,mm,78,2133.5999999999995
7,2026-08-18,75-4,75,A,internode,1.0,,seg_length_cm,53.5,,cm,78,2133.5999999999995
7,2026-08-18,75-4,75,A,internode,1.0,,dia_sheath_mm,37.0,,mm,78,2133.5999999999995
7,2026-08-18,75-4,75,A,internode,1.0,,dia_perp_mm,35.0,,mm,78,2133.5999999999995
7,2026-08-18,75-4,75,A,internode,2.0,,seg_length_cm,3.5,,cm,78,2133.5999999999995
7,2026-08-18,75-4,75,A,internode,2.0,,dia_sheath_mm,38.0,,mm,78,2133.5999999999995
7,2026-08-18,75-4,75,A,internode,2.0,,dia_perp_mm,32.0,,mm,78,2133.5999999999995
7,2026-08-18,75-4,75,A,internode,3.0,,seg_length_cm,5.5,,cm,78,2133.5999999999995
7,2026-08-18,75-4,75,A,internode,3.0,,dia_sheath_mm,39.0,,mm,78,2133.5999999999995
7,2026-08-18,75-4,75,A,internode,3.0,,dia_perp_mm,32.0,,mm,78,2133.5999999999995
7,2026-08-18,75-4,75,A,internode,4.0,,seg_length_cm,8.5,,cm,78,2133.5999999999995
7,2026-08-18,75-4,75,A,internode,4.0,,dia_sheath_mm,33.0,,mm,78,2133.5999999999995
7,2026-08-18,75-4,75,A,internode,4.0,,dia_perp_mm,27.0,,mm,78,2133.5999999999995
7,2026-08-18,75-4,75,A,internode,5.0,,seg_length_cm,5.0,,cm,78,2133.5999999999995
7,2026-08-18,75-4,75,A,internode,5.0,,dia_sheath_mm,32.0,,mm,78,2133.5999999999995
7,2026-08-18,75-4,75,A,internode,5.0,,dia_perp_mm,24.0,,mm,78,2133.5999999999995
7,2026-08-18,75-4,75,A,internode,6.0,,seg_length_cm,2.0,,cm,78,2133.5999999999995
7,2026-08-18,75-4,75,A,internode,6.0,,dia_sheath_mm,32.0,,mm,78,2133.5999999999995
7,2026-08-18,75-4,75,A,internode,6.0,,dia_perp_mm,23.0,,mm,78,2133.5999999999995
7,2026-08-18,75-4,75,A,internode,7.0,,seg_length_cm,8.0,,cm,78,2133.5999999999995
7,2026-08-18,75-4,75,A,internode,7.0,,dia_sheath_mm,24.0,,mm,78,2133.5999999999995
7,2026-08-18,75-4,75,A,internode,7.0,,dia_perp_mm,20.0,,mm,78,2133.5999999999995
7,2026-08-18,75-4,75,A,internode,8.0,,seg_length_cm,2.0,,cm,78,2133.5999999999995
7,2026-08-18,75-4,75,A,internode,8.0,,dia_sheath_mm,24.0,,mm,78,2133.5999999999995
7,2026-08-18,75-4,75,A,internode,8.0,,dia_perp_mm,16.0,,mm,78,2133.5999999999995
7,2026-08-18,75-3,75,A,internode,1.0,,seg_length_cm,38.0,,cm,78,2133.5999999999995
7,2026-08-18,75-3,75,A,internode,1.0,,dia_sheath_mm,37.0,,mm,78,2133.5999999999995
7,2026-08-18,75-3,75,A,internode,1.0,,dia_perp_mm,34.0,,mm,78,2133.5999999999995
7,2026-08-18,75-3,75,A,internode,2.0,,seg_length_cm,5.5,,cm,78,2133.5999999999995
7,2026-08-18,75-3,75,A,internode,2.0,,dia_sheath_mm,38.0,,mm,78,2133.5999999999995
7,2026-08-18,75-3,75,A,internode,2.0,,dia_perp_mm,34.0,,mm,78,2133.5999999999995
7,2026-08-18,75-3,75,A,internode,3.0,,seg_length_cm,7.0,,cm,78,2133.5999999999995
7,2026-08-18,75-3,75,A,internode,3.0,,dia_sheath_mm,36.0,,mm,78,2133.5999999999995
7,2026-08-18,75-3,75,A,internode,3.0,,dia_perp_mm,32.0,,mm,78,2133.5999999999995
7,2026-08-18,75-3,75,A,internode,4.0,,seg_length_cm,4.5,,cm,78,2133.5999999999995
7,2026-08-18,75-3,75,A,internode,4.0,,dia_sheath_mm,36.0,,mm,78,2133.5999999999995
7,2026-08-18,75-3,75,A,internode,4.0,,dia_perp_mm,30.0,,mm,78,2133.5999999999995
7,2026-08-18,75-3,75,A,internode,5.0,,seg_length_cm,5.5,,cm,78,2133.5999999999995
7,2026-08-18,75-3,75,A,internode,5.0,,dia_sheath_mm,35.0,,mm,78,2133.5999999999995
7,2026-08-18,75-3,75,A,internode,5.0,,dia_perp_mm,29.0,,mm,78,2133.5999999999995
7,2026-08-18,75-3,75,A,internode,6.0,,seg_length_cm,7.5,,cm,78,2133.5999999999995
7,2026-08-18,75-3,75,A,internode,6.0,,dia_sheath_mm,31.0,,mm,78,2133.5999999999995
7,2026-08-18,75-3,75,A,internode,6.0,,dia_perp_mm,27.0,,mm,78,2133.5999999999995
7,2026-08-18,75-3,75,A,internode,7.0,,seg_length_cm,7.0,,cm,78,2133.5999999999995
7,2026-08-18,75-3,75,A,internode,7.0,,dia_sheath_mm,31.0,,mm,78,2133.5999999999995
7,2026-08-18,75-3,75,A,internode,7.0,,dia_perp_mm,24.0,,mm,78,2133.5999999999995
7,2026-08-18,75-3,75,A,internode,8.0,,seg_length_cm,5.0,,cm,78,2133.5999999999995
7,2026-08-18,75-3,75,A,internode,8.0,,dia_sheath_mm,28.0,,mm,78,2133.5999999999995
7,2026-08-18,75-3,75,A,internode,8.0,,dia_perp_mm,21.0,,mm,78,2133.5999999999995
7,2026-08-18,75-3,75,A,internode,9.0,,seg_length_cm,12.0,,cm,78,2133.5999999999995
7,2026-08-18,75-3,75,A,internode,9.0,,dia_sheath_mm,22.0,,mm,78,2133.5999999999995
7,2026-08-18,75-3,75,A,internode,9.0,,dia_perp_mm,18.0,,mm,78,2133.5999999999995
7,2026-08-18,75-2,75,A,internode,1.0,,seg_length_cm,42.5,,cm,78,2133.5999999999995
7,2026-08-18,75-2,75,A,internode,1.0,,dia_sheath_mm,34.0,,mm,78,2133.5999999999995
7,2026-08-18,75-2,75,A,internode,1.0,,dia_perp_mm,32.0,,mm,78,2133.5999999999995
7,2026-08-18,75-2,75,A,internode,2.0,,seg_length_cm,7.0,,cm,78,2133.5999999999995
7,2026-08-18,75-2,75,A,internode,2.0,,dia_sheath_mm,35.0,,mm,78,2133.5999999999995
7,2026-08-18,75-2,75,A,internode,2.0,,dia_perp_mm,31.0,,mm,78,2133.5999999999995
7,2026-08-18,75-2,75,A,internode,3.0,,seg_length_cm,5.0,,cm,78,2133.5999999999995
7,2026-08-18,75-2,75,A,internode,3.0,,dia_sheath_mm,34.0,,mm,78,2133.5999999999995
7,2026-08-18,75-2,75,A,internode,3.0,,dia_perp_mm,30.5,,mm,78,2133.5999999999995
7,2026-08-18,75-2,75,A,internode,4.0,,seg_length_cm,9.0,,cm,78,2133.5999999999995
7,2026-08-18,75-2,75,A,internode,4.0,,dia_sheath_mm,32.0,,mm,78,2133.5999999999995
7,2026-08-18,75-2,75,A,internode,4.0,,dia_perp_mm,28.0,,mm,78,2133.5999999999995
7,2026-08-18,75-2,75,A,internode,5.0,,seg_length_cm,3.5,,cm,78,2133.5999999999995
7,2026-08-18,75-2,75,A,internode,5.0,,dia_sheath_mm,31.0,,mm,78,2133.5999999999995
7,2026-08-18,75-2,75,A,internode,5.0,,dia_perp_mm,25.0,,mm,78,2133.5999999999995
7,2026-08-18,75-2,75,A,internode,6.0,,seg_length_cm,6.0,,cm,78,2133.5999999999995
7,2026-08-18,75-2,75,A,internode,6.0,,dia_sheath_mm,28.0,,mm,78,2133.5999999999995
7,2026-08-18,75-2,75,A,internode,6.0,,dia_perp_mm,21.0,,mm,78,2133.5999999999995
7,2026-08-18,75-2,75,A,internode,7.0,,seg_length_cm,6.0,,cm,78,2133.5999999999995
7,2026-08-18,75-2,75,A,internode,7.0,,dia_sheath_mm,24.0,,mm,78,2133.5999999999995
7,2026-08-18,75-2,75,A,internode,7.0,,dia_perp_mm,19.0,,mm,78,2133.5999999999995
7,2026-08-18,75-2,75,A,internode,8.0,,seg_length_cm,6.0,,cm,78,2133.5999999999995
7,2026-08-18,75-2,75,A,internode,8.0,,dia_sheath_mm,24.0,,mm,78,2133.5999999999995
7,2026-08-18,75-2,75,A,internode,8.0,,dia_perp_mm,17.0,,mm,78,2133.5999999999995
7,2026-08-18,75-1,75,A,internode,1.0,,seg_length_cm,14.0,,cm,78,2133.5999999999995
7,2026-08-18,75-1,75,A,internode,1.0,,dia_sheath_mm,48.0,,mm,78,2133.5999999999995
7,2026-08-18,75-1,75,A,internode,1.0,,dia_perp_mm,41.0,,mm,78,2133.5999999999995
7,2026-08-18,75-1,75,A,internode,2.0,,seg_length_cm,6.0,,cm,78,2133.5999999999995
7,2026-08-18,75-1,75,A,internode,2.0,,dia_sheath_mm,44.0,,mm,78,2133.5999999999995
7,2026-08-18,75-1,75,A,internode,2.0,,dia_perp_mm,42.0,,mm,78,2133.5999999999995
7,2026-08-18,75-1,75,A,internode,3.0,,seg_length_cm,4.0,,cm,78,2133.5999999999995
7,2026-08-18,75-1,75,A,internode,3.0,,dia_sheath_mm,45.0,,mm,78,2133.5999999999995
7,2026-08-18,75-1,75,A,internode,3.0,,dia_perp_mm,43.0,,mm,78,2133.5999999999995
7,2026-08-18,75-1,75,A,internode,4.0,,seg_length_cm,13.0,,cm,78,2133.5999999999995
7,2026-08-18,75-1,75,A,internode,4.0,,dia_sheath_mm,47.0,,mm,78,2133.5999999999995
7,2026-08-18,75-1,75,A,internode,4.0,,dia_perp_mm,42.5,,mm,78,2133.5999999999995
7,2026-08-18,75-1,75,A,internode,5.0,,seg_length_cm,4.5,,cm,78,2133.5999999999995
7,2026-08-18,75-1,75,A,internode,5.0,,dia_sheath_mm,47.0,,mm,78,2133.5999999999995
7,2026-08-18,75-1,75,A,internode,5.0,,dia_perp_mm,40.0,,mm,78,2133.5999999999995
7,2026-08-18,75-1,75,A,internode,6.0,,seg_length_cm,4.5,,cm,78,2133.5999999999995
7,2026-08-18,75-1,75,A,internode,6.0,,dia_sheath_mm,49.0,,mm,78,2133.5999999999995
7,2026-08-18,75-1,75,A,internode,6.0,,dia_perp_mm,35.5,,mm,78,2133.5999999999995
7,2026-08-18,75-1,75,A,internode,7.0,,seg_length_cm,3.5,,cm,78,2133.5999999999995
7,2026-08-18,75-1,75,A,internode,7.0,,dia_sheath_mm,47.0,,mm,78,2133.5999999999995
7,2026-08-18,75-1,75,A,internode,7.0,,dia_perp_mm,34.0,,mm,78,2133.5999999999995
7,2026-08-18,75-1,75,A,internode,8.0,,seg_length_cm,3.0,,cm,78,2133.5999999999995
7,2026-08-18,75-1,75,A,internode,8.0,,dia_sheath_mm,42.0,,mm,78,2133.5999999999995
7,2026-08-18,75-1,75,A,internode,8.0,,dia_perp_mm,31.0,,mm,78,2133.5999999999995
7,2026-08-18,75-1,75,A,internode,9.0,,seg_length_cm,3.5,,cm,78,2133.5999999999995
7,2026-08-18,75-1,75,A,internode,9.0,,dia_sheath_mm,43.0,,mm,78,2133.5999999999995
7,2026-08-18,75-1,75,A,internode,9.0,,dia_perp_mm,31.0,,mm,78,2133.5999999999995
7,2026-08-18,75-1,75,A,internode,10.0,,seg_length_cm,1.5,,cm,78,2133.5999999999995
7,2026-08-18,75-1,75,A,internode,10.0,,dia_sheath_mm,35.0,,mm,78,2133.5999999999995
7,2026-08-18,75-1,75,A,internode,10.0,,dia_perp_mm,26.0,,mm,78,2133.5999999999995
7,2026-08-18,75-1,75,A,internode,11.0,,seg_length_cm,2.0,,cm,78,2133.5999999999995
7,2026-08-18,75-1,75,A,internode,11.0,,dia_sheath_mm,30.0,,mm,78,2133.5999999999995
7,2026-08-18,75-1,75,A,internode,11.0,,dia_perp_mm,26.0,,mm,78,2133.5999999999995
7,2026-08-18,75-1,75,A,internode,12.0,,seg_length_cm,6.0,,cm,78,2133.5999999999995
7,2026-08-18,75-1,75,A,internode,12.0,,dia_sheath_mm,28.0,,mm,78,2133.5999999999995
7,2026-08-18,75-1,75,A,internode,12.0,,dia_perp_mm,20.0,,mm,78,2133.5999999999995
7,2026-08-18,75-1,75,A,internode,13.0,,seg_length_cm,2.0,,cm,78,2133.5999999999995
7,2026-08-18,75-1,75,A,internode,13.0,,dia_sheath_mm,29.0,,mm,78,2133.5999999999995
7,2026-08-18,75-1,75,A,internode,13.0,,dia_perp_mm,20.0,,mm,78,2133.5999999999995
7,2026-08-18,74-2,74,B,leaf,1.0,,length_cm,54.0,,cm,78,2133.5999999999995
7,2026-08-18,74-2,74,B,leaf,1.0,,width_cm,6.0,,cm,78,2133.5999999999995
7,2026-08-18,74-2,74,B,leaf,2.0,,length_cm,60.5,,cm,78,2133.5999999999995
7,2026-08-18,74-2,74,B,leaf,2.0,,width_cm,8.0,,cm,78,2133.5999999999995
7,2026-08-18,74-2,74,B,leaf,3.0,,length_cm,66.0,,cm,78,2133.5999999999995
7,2026-08-18,74-2,74,B,leaf,3.0,,width_cm,9.0,,cm,78,2133.5999999999995
7,2026-08-18,74-2,74,B,leaf,4.0,,length_cm,70.0,,cm,78,2133.5999999999995
7,2026-08-18,74-2,74,B,leaf,4.0,,width_cm,8.0,,cm,78,2133.5999999999995
7,2026-08-18,74-2,74,B,leaf,5.0,,length_cm,72.0,,cm,78,2133.5999999999995
7,2026-08-18,74-2,74,B,leaf,5.0,,width_cm,8.5,,cm,78,2133.5999999999995
7,2026-08-18,74-2,74,B,leaf,6.0,,length_cm,68.0,,cm,78,2133.5999999999995
7,2026-08-18,74-2,74,B,leaf,6.0,,width_cm,7.5,,cm,78,2133.5999999999995
7,2026-08-18,74-2,74,B,leaf,7.0,,length_cm,71.0,,cm,78,2133.5999999999995
7,2026-08-18,74-2,74,B,leaf,7.0,,width_cm,8.0,,cm,78,2133.5999999999995
7,2026-08-18,74-2,74,B,leaf,8.0,,length_cm,67.0,,cm,78,2133.5999999999995
7,2026-08-18,74-2,74,B,leaf,8.0,,width_cm,8.0,,cm,78,2133.5999999999995
7,2026-08-18,74-2,74,B,leaf,9.0,,length_cm,58.0,,cm,78,2133.5999999999995
7,2026-08-18,74-2,74,B,leaf,9.0,,width_cm,7.0,,cm,78,2133.5999999999995
7,2026-08-18,74-2,74,B,leaf,10.0,,length_cm,59.0,,cm,78,2133.5999999999995
7,2026-08-18,74-2,74,B,leaf,10.0,,width_cm,7.0,,cm,78,2133.5999999999995
7,2026-08-18,74-2,74,B,leaf,11.0,,length_cm,47.0,,cm,78,2133.5999999999995
7,2026-08-18,74-2,74,B,leaf,11.0,,width_cm,6.0,,cm,78,2133.5999999999995
7,2026-08-18,74-2,74,B,leaf,12.0,,length_cm,45.0,,cm,78,2133.5999999999995
7,2026-08-18,74-2,74,B,leaf,12.0,,width_cm,6.0,,cm,78,2133.5999999999995
7,2026-08-18,74-2,74,B,leaf,13.0,,length_cm,30.0,,cm,78,2133.5999999999995
7,2026-08-18,74-1,74,B,leaf,1.0,,length_cm,48.0,,cm,78,2133.5999999999995
7,2026-08-18,74-1,74,B,leaf,1.0,,width_cm,3.0,,cm,78,2133.5999999999995
7,2026-08-18,74-1,74,B,leaf,2.0,,length_cm,58.0,,cm,78,2133.5999999999995
7,2026-08-18,74-1,74,B,leaf,2.0,,width_cm,7.0,,cm,78,2133.5999999999995
7,2026-08-18,74-1,74,B,leaf,3.0,,length_cm,60.0,,cm,78,2133.5999999999995
7,2026-08-18,74-1,74,B,leaf,3.0,,width_cm,7.5,,cm,78,2133.5999999999995
7,2026-08-18,74-1,74,B,leaf,4.0,,length_cm,66.0,,cm,78,2133.5999999999995
7,2026-08-18,74-1,74,B,leaf,4.0,,width_cm,8.5,,cm,78,2133.5999999999995
7,2026-08-18,74-1,74,B,leaf,5.0,,length_cm,69.0,,cm,78,2133.5999999999995
7,2026-08-18,74-1,74,B,leaf,5.0,,width_cm,8.5,,cm,78,2133.5999999999995
7,2026-08-18,74-1,74,B,leaf,6.0,,length_cm,70.0,,cm,78,2133.5999999999995
7,2026-08-18,74-1,74,B,leaf,6.0,,width_cm,8.5,,cm,78,2133.5999999999995
7,2026-08-18,74-1,74,B,leaf,7.0,,length_cm,76.0,,cm,78,2133.5999999999995
7,2026-08-18,74-1,74,B,leaf,7.0,,width_cm,8.0,,cm,78,2133.5999999999995
7,2026-08-18,74-1,74,B,leaf,8.0,,length_cm,69.0,,cm,78,2133.5999999999995
7,2026-08-18,74-1,74,B,leaf,8.0,,width_cm,8.0,,cm,78,2133.5999999999995
7,2026-08-18,74-1,74,B,leaf,9.0,,length_cm,68.0,,cm,78,2133.5999999999995
7,2026-08-18,74-1,74,B,leaf,9.0,,width_cm,8.0,,cm,78,2133.5999999999995
7,2026-08-18,74-1,74,B,leaf,10.0,,length_cm,64.0,,cm,78,2133.5999999999995
7,2026-08-18,74-1,74,B,leaf,10.0,,width_cm,8.0,,cm,78,2133.5999999999995
7,2026-08-18,74-1,74,B,leaf,11.0,,length_cm,60.0,,cm,78,2133.5999999999995
7,2026-08-18,74-1,74,B,leaf,11.0,,width_cm,7.5,,cm,78,2133.5999999999995
7,2026-08-18,74-1,74,B,leaf,12.0,,length_cm,51.5,,cm,78,2133.5999999999995
7,2026-08-18,74-1,74,B,leaf,12.0,,width_cm,6.5,,cm,78,2133.5999999999995
7,2026-08-18,74-1,74,B,leaf,13.0,,length_cm,49.0,,cm,78,2133.5999999999995
7,2026-08-18,74-1,74,B,leaf,13.0,,width_cm,6.5,,cm,78,2133.5999999999995
7,2026-08-18,74-1,74,B,leaf,14.0,,length_cm,35.0,,cm,78,2133.5999999999995
7,2026-08-18,74-1,74,B,leaf,14.0,,width_cm,5.0,,cm,78,2133.5999999999995
7,2026-08-18,75-5,75,A,leaf,1.0,,length_cm,67.0,,cm,78,2133.5999999999995
7,2026-08-18,75-5,75,A,leaf,1.0,,width_cm,7.0,,cm,78,2133.5999999999995
7,2026-08-18,75-5,75,A,leaf,3.0,,length_cm,80.0,,cm,78,2133.5999999999995
7,2026-08-18,75-5,75,A,leaf,3.0,,width_cm,9.0,,cm,78,2133.5999999999995
7,2026-08-18,75-5,75,A,leaf,4.0,,length_cm,90.0,,cm,78,2133.5999999999995
7,2026-08-18,75-5,75,A,leaf,4.0,,width_cm,9.5,,cm,78,2133.5999999999995
7,2026-08-18,75-5,75,A,leaf,5.0,,length_cm,100.0,,cm,78,2133.5999999999995
7,2026-08-18,75-5,75,A,leaf,5.0,,width_cm,9.5,,cm,78,2133.5999999999995
7,2026-08-18,75-5,75,A,leaf,6.0,,length_cm,106.0,,cm,78,2133.5999999999995
7,2026-08-18,75-5,75,A,leaf,6.0,,width_cm,10.0,,cm,78,2133.5999999999995
7,2026-08-18,75-5,75,A,leaf,7.0,,length_cm,106.0,,cm,78,2133.5999999999995
7,2026-08-18,75-5,75,A,leaf,7.0,,width_cm,9.5,,cm,78,2133.5999999999995
7,2026-08-18,75-5,75,A,leaf,8.0,,length_cm,107.0,,cm,78,2133.5999999999995
7,2026-08-18,75-5,75,A,leaf,8.0,,width_cm,9.5,,cm,78,2133.5999999999995
7,2026-08-18,75-5,75,A,leaf,9.0,,length_cm,90.0,,cm,78,2133.5999999999995
7,2026-08-18,75-5,75,A,leaf,9.0,,width_cm,9.5,,cm,78,2133.5999999999995
7,2026-08-18,75-5,75,A,leaf,10.0,,length_cm,88.0,,cm,78,2133.5999999999995
7,2026-08-18,75-5,75,A,leaf,10.0,,width_cm,9.5,,cm,78,2133.5999999999995
7,2026-08-18,75-5,75,A,leaf,11.0,,length_cm,86.0,,cm,78,2133.5999999999995
7,2026-08-18,75-5,75,A,leaf,11.0,,width_cm,9.5,,cm,78,2133.5999999999995
7,2026-08-18,75-5,75,A,leaf,12.0,,length_cm,92.0,,cm,78,2133.5999999999995
7,2026-08-18,75-5,75,A,leaf,12.0,,width_cm,9.0,,cm,78,2133.5999999999995
7,2026-08-18,75-5,75,A,leaf,13.0,,length_cm,90.0,,cm,78,2133.5999999999995
7,2026-08-18,75-5,75,A,leaf,13.0,,width_cm,9.0,,cm,78,2133.5999999999995
7,2026-08-18,75-5,75,A,leaf,14.0,,length_cm,68.0,,cm,78,2133.5999999999995
7,2026-08-18,75-5,75,A,leaf,14.0,,width_cm,8.5,,cm,78,2133.5999999999995
7,2026-08-18,75-5,75,A,leaf,15.0,,length_cm,36.0,,cm,78,2133.5999999999995
7,2026-08-18,75-4,75,A,leaf,1.0,,length_cm,90.0,,cm,78,2133.5999999999995
7,2026-08-18,75-4,75,A,leaf,1.0,,width_cm,8.5,,cm,78,2133.5999999999995
7,2026-08-18,75-4,75,A,leaf,2.0,,length_cm,101.0,,cm,78,2133.5999999999995
7,2026-08-18,75-4,75,A,leaf,2.0,,width_cm,9.0,,cm,78,2133.5999999999995
7,2026-08-18,75-4,75,A,leaf,3.0,,length_cm,105.0,,cm,78,2133.5999999999995
7,2026-08-18,75-4,75,A,leaf,3.0,,width_cm,9.5,,cm,78,2133.5999999999995
7,2026-08-18,75-4,75,A,leaf,4.0,,length_cm,106.0,,cm,78,2133.5999999999995
7,2026-08-18,75-4,75,A,leaf,4.0,,width_cm,8.5,,cm,78,2133.5999999999995
7,2026-08-18,75-4,75,A,leaf,5.0,,length_cm,103.0,,cm,78,2133.5999999999995
7,2026-08-18,75-4,75,A,leaf,5.0,,width_cm,8.5,,cm,78,2133.5999999999995
7,2026-08-18,75-4,75,A,leaf,6.0,,length_cm,99.0,,cm,78,2133.5999999999995
7,2026-08-18,75-4,75,A,leaf,6.0,,width_cm,8.5,,cm,78,2133.5999999999995
7,2026-08-18,75-4,75,A,leaf,7.0,,length_cm,100.0,,cm,78,2133.5999999999995
7,2026-08-18,75-4,75,A,leaf,7.0,,width_cm,9.0,,cm,78,2133.5999999999995
7,2026-08-18,75-4,75,A,leaf,8.0,,length_cm,93.0,,cm,78,2133.5999999999995
7,2026-08-18,75-4,75,A,leaf,8.0,,width_cm,9.0,,cm,78,2133.5999999999995
7,2026-08-18,75-4,75,A,leaf,9.0,,length_cm,93.0,,cm,78,2133.5999999999995
7,2026-08-18,75-4,75,A,leaf,9.0,,width_cm,8.0,,cm,78,2133.5999999999995
7,2026-08-18,75-4,75,A,leaf,10.0,,length_cm,91.0,,cm,78,2133.5999999999995
7,2026-08-18,75-4,75,A,leaf,10.0,,width_cm,8.0,,cm,78,2133.5999999999995
7,2026-08-18,75-4,75,A,leaf,11.0,,length_cm,72.0,,cm,78,2133.5999999999995
7,2026-08-18,75-4,75,A,leaf,11.0,,width_cm,9.0,,cm,78,2133.5999999999995
7,2026-08-18,75-4,75,A,leaf,12.0,,length_cm,45.0,,cm,78,2133.5999999999995
7,2026-08-18,75-3,75,A,leaf,2.0,,length_cm,79.0,,cm,78,2133.5999999999995
7,2026-08-18,75-3,75,A,leaf,2.0,,width_cm,7.5,,cm,78,2133.5999999999995
7,2026-08-18,75-3,75,A,leaf,3.0,,length_cm,91.0,,cm,78,2133.5999999999995
7,2026-08-18,75-3,75,A,leaf,3.0,,width_cm,8.5,,cm,78,2133.5999999999995
7,2026-08-18,75-3,75,A,leaf,4.0,,length_cm,99.0,,cm,78,2133.5999999999995
7,2026-08-18,75-3,75,A,leaf,4.0,,width_cm,8.5,,cm,78,2133.5999999999995
7,2026-08-18,75-3,75,A,leaf,5.0,,length_cm,107.0,,cm,78,2133.5999999999995
7,2026-08-18,75-3,75,A,leaf,5.0,,width_cm,9.5,,cm,78,2133.5999999999995
7,2026-08-18,75-3,75,A,leaf,6.0,,length_cm,108.0,,cm,78,2133.5999999999995
7,2026-08-18,75-3,75,A,leaf,6.0,,width_cm,8.5,,cm,78,2133.5999999999995
7,2026-08-18,75-3,75,A,leaf,7.0,,length_cm,102.0,,cm,78,2133.5999999999995
7,2026-08-18,75-3,75,A,leaf,7.0,,width_cm,9.0,,cm,78,2133.5999999999995
7,2026-08-18,75-3,75,A,leaf,8.0,,length_cm,96.0,,cm,78,2133.5999999999995
7,2026-08-18,75-3,75,A,leaf,8.0,,width_cm,10.5,,cm,78,2133.5999999999995
7,2026-08-18,75-3,75,A,leaf,9.0,,length_cm,91.0,,cm,78,2133.5999999999995
7,2026-08-18,75-3,75,A,leaf,9.0,,width_cm,10.0,,cm,78,2133.5999999999995
7,2026-08-18,75-3,75,A,leaf,10.0,,length_cm,93.5,,cm,78,2133.5999999999995
7,2026-08-18,75-3,75,A,leaf,10.0,,width_cm,9.5,,cm,78,2133.5999999999995
7,2026-08-18,75-3,75,A,leaf,11.0,,length_cm,92.5,,cm,78,2133.5999999999995
7,2026-08-18,75-3,75,A,leaf,11.0,,width_cm,9.0,,cm,78,2133.5999999999995
7,2026-08-18,75-3,75,A,leaf,12.0,,length_cm,88.5,,cm,78,2133.5999999999995
7,2026-08-18,75-3,75,A,leaf,12.0,,width_cm,8.5,,cm,78,2133.5999999999995
7,2026-08-18,75-3,75,A,leaf,13.0,,length_cm,57.0,,cm,78,2133.5999999999995
7,2026-08-18,75-2,75,A,leaf,1.0,,length_cm,82.0,,cm,78,2133.5999999999995
7,2026-08-18,75-2,75,A,leaf,1.0,,width_cm,5.5,,cm,78,2133.5999999999995
7,2026-08-18,75-2,75,A,leaf,2.0,,length_cm,95.0,,cm,78,2133.5999999999995
7,2026-08-18,75-2,75,A,leaf,2.0,,width_cm,7.0,,cm,78,2133.5999999999995
7,2026-08-18,75-2,75,A,leaf,3.0,,length_cm,104.0,,cm,78,2133.5999999999995
7,2026-08-18,75-2,75,A,leaf,3.0,,width_cm,7.0,,cm,78,2133.5999999999995
7,2026-08-18,75-2,75,A,leaf,4.0,,length_cm,106.5,,cm,78,2133.5999999999995
7,2026-08-18,75-2,75,A,leaf,4.0,,width_cm,8.5,,cm,78,2133.5999999999995
7,2026-08-18,75-2,75,A,leaf,5.0,,length_cm,103.0,,cm,78,2133.5999999999995
7,2026-08-18,75-2,75,A,leaf,5.0,,width_cm,8.5,,cm,78,2133.5999999999995
7,2026-08-18,75-2,75,A,leaf,6.0,,length_cm,95.5,,cm,78,2133.5999999999995
7,2026-08-18,75-2,75,A,leaf,6.0,,width_cm,9.5,,cm,78,2133.5999999999995
7,2026-08-18,75-2,75,A,leaf,7.0,,length_cm,94.0,,cm,78,2133.5999999999995
7,2026-08-18,75-2,75,A,leaf,7.0,,width_cm,9.5,,cm,78,2133.5999999999995
7,2026-08-18,75-2,75,A,leaf,8.0,,length_cm,95.0,,cm,78,2133.5999999999995
7,2026-08-18,75-2,75,A,leaf,8.0,,width_cm,9.5,,cm,78,2133.5999999999995
7,2026-08-18,75-2,75,A,leaf,9.0,,length_cm,98.0,,cm,78,2133.5999999999995
7,2026-08-18,75-2,75,A,leaf,9.0,,width_cm,8.5,,cm,78,2133.5999999999995
7,2026-08-18,75-2,75,A,leaf,10.0,,length_cm,97.5,,cm,78,2133.5999999999995
7,2026-08-18,75-2,75,A,leaf,10.0,,width_cm,8.5,,cm,78,2133.5999999999995
7,2026-08-18,75-2,75,A,leaf,11.0,,length_cm,76.5,,cm,78,2133.5999999999995
7,2026-08-18,75-2,75,A,leaf,11.0,,width_cm,8.0,,cm,78,2133.5999999999995
7,2026-08-18,75-2,75,A,leaf,12.0,,length_cm,48.0,,cm,78,2133.5999999999995
7,2026-08-18,75-1,75,A,leaf,1.0,,length_cm,66.0,,cm,78,2133.5999999999995
7,2026-08-18,75-1,75,A,leaf,1.0,,width_cm,7.0,,cm,78,2133.5999999999995
7,2026-08-18,75-1,75,A,leaf,3.0,,length_cm,73.0,,cm,78,2133.5999999999995
7,2026-08-18,75-1,75,A,leaf,3.0,,width_cm,6.5,,cm,78,2133.5999999999995
7,2026-08-18,75-1,75,A,leaf,4.0,,length_cm,84.0,,cm,78,2133.5999999999995
7,2026-08-18,75-1,75,A,leaf,4.0,,width_cm,8.0,,cm,78,2133.5999999999995
7,2026-08-18,75-1,75,A,leaf,5.0,,length_cm,87.0,,cm,78,2133.5999999999995
7,2026-08-18,75-1,75,A,leaf,5.0,,width_cm,8.0,,cm,78,2133.5999999999995
7,2026-08-18,75-1,75,A,leaf,6.0,,length_cm,98.0,,cm,78,2133.5999999999995
7,2026-08-18,75-1,75,A,leaf,6.0,,width_cm,9.0,,cm,78,2133.5999999999995
7,2026-08-18,75-1,75,A,leaf,7.0,,length_cm,105.0,,cm,78,2133.5999999999995
7,2026-08-18,75-1,75,A,leaf,7.0,,width_cm,9.0,,cm,78,2133.5999999999995
7,2026-08-18,75-1,75,A,leaf,8.0,,length_cm,110.0,,cm,78,2133.5999999999995
7,2026-08-18,75-1,75,A,leaf,8.0,,width_cm,8.5,,cm,78,2133.5999999999995
7,2026-08-18,75-1,75,A,leaf,9.0,,length_cm,108.0,,cm,78,2133.5999999999995
7,2026-08-18,75-1,75,A,leaf,9.0,,width_cm,8.5,,cm,78,2133.5999999999995
7,2026-08-18,75-1,75,A,leaf,10.0,,length_cm,97.0,,cm,78,2133.5999999999995
7,2026-08-18,75-1,75,A,leaf,10.0,,width_cm,8.5,,cm,78,2133.5999999999995
7,2026-08-18,75-1,75,A,leaf,11.0,,length_cm,87.0,,cm,78,2133.5999999999995
7,2026-08-18,75-1,75,A,leaf,11.0,,width_cm,8.5,,cm,78,2133.5999999999995
7,2026-08-18,75-1,75,A,leaf,12.0,,length_cm,86.0,,cm,78,2133.5999999999995
7,2026-08-18,75-1,75,A,leaf,12.0,,width_cm,9.5,,cm,78,2133.5999999999995
7,2026-08-18,75-1,75,A,leaf,13.0,,length_cm,82.0,,cm,78,2133.5999999999995
7,2026-08-18,75-1,75,A,leaf,13.0,,width_cm,8.5,,cm,78,2133.5999999999995
7,2026-08-18,75-1,75,A,leaf,14.0,,length_cm,84.0,,cm,78,2133.5999999999995
7,2026-08-18,75-1,75,A,leaf,14.0,,width_cm,8.5,,cm,78,2133.5999999999995
7,2026-08-18,75-1,75,A,leaf,15.0,,length_cm,86.0,,cm,78,2133.5999999999995
7,2026-08-18,75-1,75,A,leaf,15.0,,width_cm,8.0,,cm,78,2133.5999999999995
7,2026-08-18,75-1,75,A,leaf,16.0,,length_cm,88.0,,cm,78,2133.5999999999995
7,2026-08-18,75-1,75,A,leaf,16.0,,width_cm,8.5,,cm,78,2133.5999999999995
7,2026-08-18,75-1,75,A,leaf,17.0,,length_cm,78.0,,cm,78,2133.5999999999995
7,2026-08-18,75-1,75,A,leaf,17.0,,width_cm,8.5,,cm,78,2133.5999999999995
7,2026-08-18,75-1,75,A,leaf,18.0,,length_cm,56.0,,cm,78,2133.5999999999995
7,2026-08-18,75-1,75,A,leaf,18.0,,width_cm,7.0,,cm,78,2133.5999999999995
7,2026-08-18,75-1,75,A,leaf,19.0,,length_cm,34.0,,cm,78,2133.5999999999995
7,2026-08-18,74-3,74,B,leaf,1.0,,length_cm,55.0,,cm,78,2133.5999999999995
7,2026-08-18,74-3,74,B,leaf,1.0,,width_cm,7.0,,cm,78,2133.5999999999995
7,2026-08-18,74-3,74,B,leaf,2.0,,length_cm,60.5,,cm,78,2133.5999999999995
7,2026-08-18,74-3,74,B,leaf,2.0,,width_cm,7.5,,cm,78,2133.5999999999995
7,2026-08-18,74-3,74,B,leaf,3.0,,length_cm,66.0,,cm,78,2133.5999999999995
7,2026-08-18,74-3,74,B,leaf,3.0,,width_cm,8.7,,cm,78,2133.5999999999995
7,2026-08-18,74-3,74,B,leaf,4.0,,length_cm,67.0,,cm,78,2133.5999999999995
7,2026-08-18,74-3,74,B,leaf,4.0,,width_cm,9.1,,cm,78,2133.5999999999995
7,2026-08-18,74-3,74,B,leaf,5.0,,length_cm,66.5,,cm,78,2133.5999999999995
7,2026-08-18,74-3,74,B,leaf,5.0,,width_cm,8.2,,cm,78,2133.5999999999995
7,2026-08-18,74-3,74,B,leaf,6.0,,length_cm,71.0,,cm,78,2133.5999999999995
7,2026-08-18,74-3,74,B,leaf,6.0,,width_cm,8.3,,cm,78,2133.5999999999995
7,2026-08-18,74-3,74,B,leaf,7.0,,length_cm,69.0,,cm,78,2133.5999999999995
7,2026-08-18,74-3,74,B,leaf,7.0,,width_cm,8.4,,cm,78,2133.5999999999995
7,2026-08-18,74-3,74,B,leaf,8.0,,length_cm,71.5,,cm,78,2133.5999999999995
7,2026-08-18,74-3,74,B,leaf,8.0,,width_cm,9.0,,cm,78,2133.5999999999995
7,2026-08-18,74-3,74,B,leaf,9.0,,length_cm,61.0,,cm,78,2133.5999999999995
7,2026-08-18,74-3,74,B,leaf,9.0,,width_cm,8.5,,cm,78,2133.5999999999995
7,2026-08-18,74-3,74,B,leaf,10.0,,length_cm,56.0,,cm,78,2133.5999999999995
7,2026-08-18,74-3,74,B,leaf,10.0,,width_cm,8.0,,cm,78,2133.5999999999995
7,2026-08-18,74-3,74,B,leaf,11.0,,length_cm,54.0,,cm,78,2133.5999999999995
7,2026-08-18,74-3,74,B,leaf,11.0,,width_cm,7.2,,cm,78,2133.5999999999995
7,2026-08-18,74-3,74,B,leaf,12.0,,length_cm,46.0,,cm,78,2133.5999999999995
7,2026-08-18,74-3,74,B,leaf,12.0,,width_cm,6.1,,cm,78,2133.5999999999995
7,2026-08-18,74-3,74,B,leaf,13.0,,length_cm,39.0,,cm,78,2133.5999999999995
7,2026-08-18,74-3,74,B,leaf,13.0,,width_cm,4.3,,cm,78,2133.5999999999995
7,2026-08-18,74-4,74,B,leaf,1.0,,length_cm,52.5,,cm,78,2133.5999999999995
7,2026-08-18,74-4,74,B,leaf,1.0,,width_cm,5.8,,cm,78,2133.5999999999995
7,2026-08-18,74-4,74,B,leaf,2.0,,length_cm,57.5,,cm,78,2133.5999999999995
7,2026-08-18,74-4,74,B,leaf,2.0,,width_cm,8.2,,cm,78,2133.5999999999995
7,2026-08-18,74-4,74,B,leaf,3.0,,length_cm,61.0,,cm,78,2133.5999999999995
7,2026-08-18,74-4,74,B,leaf,3.0,,width_cm,9.0,,cm,78,2133.5999999999995
7,2026-08-18,74-4,74,B,leaf,4.0,,length_cm,61.0,,cm,78,2133.5999999999995
7,2026-08-18,74-4,74,B,leaf,4.0,,width_cm,9.1,,cm,78,2133.5999999999995
7,2026-08-18,74-4,74,B,leaf,5.0,,length_cm,64.5,,cm,78,2133.5999999999995
7,2026-08-18,74-4,74,B,leaf,5.0,,width_cm,9.3,,cm,78,2133.5999999999995
7,2026-08-18,74-4,74,B,leaf,6.0,,length_cm,65.0,,cm,78,2133.5999999999995
7,2026-08-18,74-4,74,B,leaf,6.0,,width_cm,8.5,,cm,78,2133.5999999999995
7,2026-08-18,74-4,74,B,leaf,7.0,,length_cm,64.0,,cm,78,2133.5999999999995
7,2026-08-18,74-4,74,B,leaf,7.0,,width_cm,8.2,,cm,78,2133.5999999999995
7,2026-08-18,74-4,74,B,leaf,8.0,,length_cm,58.5,,cm,78,2133.5999999999995
7,2026-08-18,74-4,74,B,leaf,8.0,,width_cm,8.5,,cm,78,2133.5999999999995
7,2026-08-18,74-4,74,B,leaf,9.0,,length_cm,62.0,,cm,78,2133.5999999999995
7,2026-08-18,74-4,74,B,leaf,9.0,,width_cm,8.3,,cm,78,2133.5999999999995
7,2026-08-18,74-4,74,B,leaf,10.0,,length_cm,57.5,,cm,78,2133.5999999999995
7,2026-08-18,74-4,74,B,leaf,10.0,,width_cm,7.5,,cm,78,2133.5999999999995
7,2026-08-18,74-4,74,B,leaf,11.0,,length_cm,55.0,,cm,78,2133.5999999999995
7,2026-08-18,74-4,74,B,leaf,11.0,,width_cm,7.0,,cm,78,2133.5999999999995
7,2026-08-18,74-4,74,B,leaf,12.0,,length_cm,51.0,,cm,78,2133.5999999999995
7,2026-08-18,74-4,74,B,leaf,12.0,,width_cm,6.2,,cm,78,2133.5999999999995
7,2026-08-18,74-4,74,B,leaf,13.0,,length_cm,46.0,,cm,78,2133.5999999999995
7,2026-08-18,74-4,74,B,leaf,13.0,,width_cm,5.0,,cm,78,2133.5999999999995
7,2026-08-18,74-4,74,B,leaf,14.0,,length_cm,36.0,,cm,78,2133.5999999999995
7,2026-08-18,74-5,74,B,leaf,1.0,,length_cm,46.5,,cm,78,2133.5999999999995
7,2026-08-18,74-5,74,B,leaf,1.0,,width_cm,5.0,,cm,78,2133.5999999999995
7,2026-08-18,74-5,74,B,leaf,2.0,,length_cm,61.5,,cm,78,2133.5999999999995
7,2026-08-18,74-5,74,B,leaf,2.0,,width_cm,7.6,,cm,78,2133.5999999999995
7,2026-08-18,74-5,74,B,leaf,3.0,,length_cm,65.5,,cm,78,2133.5999999999995
7,2026-08-18,74-5,74,B,leaf,3.0,,width_cm,8.4,,cm,78,2133.5999999999995
7,2026-08-18,74-5,74,B,leaf,4.0,,length_cm,71.5,,cm,78,2133.5999999999995
7,2026-08-18,74-5,74,B,leaf,4.0,,width_cm,8.3,,cm,78,2133.5999999999995
7,2026-08-18,74-5,74,B,leaf,5.0,,length_cm,69.5,,cm,78,2133.5999999999995
7,2026-08-18,74-5,74,B,leaf,5.0,,width_cm,8.3,,cm,78,2133.5999999999995
7,2026-08-18,74-5,74,B,leaf,6.0,,length_cm,71.0,,cm,78,2133.5999999999995
7,2026-08-18,74-5,74,B,leaf,6.0,,width_cm,6.7,,cm,78,2133.5999999999995
7,2026-08-18,74-5,74,B,leaf,7.0,,length_cm,70.5,,cm,78,2133.5999999999995
7,2026-08-18,74-5,74,B,leaf,7.0,,width_cm,7.8,,cm,78,2133.5999999999995
7,2026-08-18,74-5,74,B,leaf,8.0,,length_cm,66.5,,cm,78,2133.5999999999995
7,2026-08-18,74-5,74,B,leaf,8.0,,width_cm,7.9,,cm,78,2133.5999999999995
7,2026-08-18,74-5,74,B,leaf,9.0,,length_cm,58.0,,cm,78,2133.5999999999995
7,2026-08-18,74-5,74,B,leaf,9.0,,width_cm,8.0,,cm,78,2133.5999999999995
7,2026-08-18,74-5,74,B,leaf,10.0,,length_cm,56.0,,cm,78,2133.5999999999995
7,2026-08-18,74-5,74,B,leaf,10.0,,width_cm,8.0,,cm,78,2133.5999999999995
7,2026-08-18,74-5,74,B,leaf,11.0,,length_cm,49.0,,cm,78,2133.5999999999995
7,2026-08-18,74-5,74,B,leaf,11.0,,width_cm,7.6,,cm,78,2133.5999999999995
7,2026-08-18,74-5,74,B,leaf,12.0,,length_cm,48.0,,cm,78,2133.5999999999995
7,2026-08-18,74-5,74,B,leaf,12.0,,width_cm,6.8,,cm,78,2133.5999999999995
7,2026-08-18,74-5,74,B,leaf,13.0,,length_cm,47.0,,cm,78,2133.5999999999995
7,2026-08-18,74-5,74,B,leaf,13.0,,width_cm,5.8,,cm,78,2133.5999999999995
7,2026-08-18,74-5,74,B,leaf,14.0,,length_cm,32.5,,cm,78,2133.5999999999995
7,2026-08-18,73-1,73,C,leaf,1.0,,length_cm,42.0,,cm,78,2133.5999999999995
7,2026-08-18,73-1,73,C,leaf,1.0,,width_cm,4.2,,cm,78,2133.5999999999995
7,2026-08-18,73-1,73,C,leaf,2.0,,length_cm,45.0,,cm,78,2133.5999999999995
7,2026-08-18,73-1,73,C,leaf,2.0,,width_cm,5.7,,cm,78,2133.5999999999995
7,2026-08-18,73-1,73,C,leaf,3.0,,length_cm,56.0,,cm,78,2133.5999999999995
7,2026-08-18,73-1,73,C,leaf,3.0,,width_cm,6.0,,cm,78,2133.5999999999995
7,2026-08-18,73-1,73,C,leaf,4.0,,length_cm,56.5,,cm,78,2133.5999999999995
7,2026-08-18,73-1,73,C,leaf,4.0,,width_cm,7.0,,cm,78,2133.5999999999995
7,2026-08-18,73-1,73,C,leaf,5.0,,length_cm,58.5,,cm,78,2133.5999999999995
7,2026-08-18,73-1,73,C,leaf,5.0,,width_cm,7.8,,cm,78,2133.5999999999995
7,2026-08-18,73-1,73,C,leaf,6.0,,length_cm,66.5,,cm,78,2133.5999999999995
7,2026-08-18,73-1,73,C,leaf,6.0,,width_cm,8.2,,cm,78,2133.5999999999995
7,2026-08-18,73-1,73,C,leaf,7.0,,length_cm,67.0,,cm,78,2133.5999999999995
7,2026-08-18,73-1,73,C,leaf,7.0,,width_cm,7.9,,cm,78,2133.5999999999995
7,2026-08-18,73-1,73,C,leaf,8.0,,length_cm,72.0,,cm,78,2133.5999999999995
7,2026-08-18,73-1,73,C,leaf,8.0,,width_cm,8.1,,cm,78,2133.5999999999995
7,2026-08-18,73-1,73,C,leaf,9.0,,length_cm,72.0,,cm,78,2133.5999999999995
7,2026-08-18,73-1,73,C,leaf,9.0,,width_cm,8.4,,cm,78,2133.5999999999995
7,2026-08-18,73-1,73,C,leaf,10.0,,length_cm,75.5,,cm,78,2133.5999999999995
7,2026-08-18,73-1,73,C,leaf,10.0,,width_cm,8.5,,cm,78,2133.5999999999995
7,2026-08-18,73-1,73,C,leaf,11.0,,length_cm,61.5,,cm,78,2133.5999999999995
7,2026-08-18,73-1,73,C,leaf,11.0,,width_cm,9.1,,cm,78,2133.5999999999995
7,2026-08-18,73-2,73,C,leaf,1.0,,length_cm,42.5,,cm,78,2133.5999999999995
7,2026-08-18,73-2,73,C,leaf,1.0,,width_cm,4.4,,cm,78,2133.5999999999995
7,2026-08-18,73-2,73,C,leaf,2.0,,length_cm,47.5,,cm,78,2133.5999999999995
7,2026-08-18,73-2,73,C,leaf,2.0,,width_cm,5.4,,cm,78,2133.5999999999995
7,2026-08-18,73-2,73,C,leaf,3.0,,length_cm,53.0,,cm,78,2133.5999999999995
7,2026-08-18,73-2,73,C,leaf,3.0,,width_cm,6.5,,cm,78,2133.5999999999995
7,2026-08-18,73-2,73,C,leaf,4.0,,length_cm,53.5,,cm,78,2133.5999999999995
7,2026-08-18,73-2,73,C,leaf,4.0,,width_cm,7.2,,cm,78,2133.5999999999995
7,2026-08-18,73-2,73,C,leaf,5.0,,length_cm,59.5,,cm,78,2133.5999999999995
7,2026-08-18,73-2,73,C,leaf,5.0,,width_cm,8.3,,cm,78,2133.5999999999995
7,2026-08-18,73-2,73,C,leaf,6.0,,length_cm,59.5,,cm,78,2133.5999999999995
7,2026-08-18,73-2,73,C,leaf,6.0,,width_cm,9.2,,cm,78,2133.5999999999995
7,2026-08-18,73-2,73,C,leaf,7.0,,length_cm,61.0,,cm,78,2133.5999999999995
7,2026-08-18,73-2,73,C,leaf,7.0,,width_cm,9.1,,cm,78,2133.5999999999995
7,2026-08-18,73-2,73,C,leaf,8.0,,length_cm,64.0,,cm,78,2133.5999999999995
7,2026-08-18,73-2,73,C,leaf,8.0,,width_cm,8.7,,cm,78,2133.5999999999995
7,2026-08-18,73-2,73,C,leaf,9.0,,length_cm,65.0,,cm,78,2133.5999999999995
7,2026-08-18,73-2,73,C,leaf,9.0,,width_cm,8.3,,cm,78,2133.5999999999995
7,2026-08-18,73-2,73,C,leaf,10.0,,length_cm,61.5,,cm,78,2133.5999999999995
7,2026-08-18,73-2,73,C,leaf,10.0,,width_cm,8.7,,cm,78,2133.5999999999995
7,2026-08-18,73-2,73,C,leaf,11.0,,length_cm,50.0,,cm,78,2133.5999999999995
7,2026-08-18,73-2,73,C,leaf,11.0,,width_cm,8.2,,cm,78,2133.5999999999995
7,2026-08-18,73-3,73,C,leaf,1.0,,length_cm,41.0,,cm,78,2133.5999999999995
7,2026-08-18,73-3,73,C,leaf,1.0,,width_cm,5.3,,cm,78,2133.5999999999995
7,2026-08-18,73-3,73,C,leaf,2.0,,length_cm,44.0,,cm,78,2133.5999999999995
7,2026-08-18,73-3,73,C,leaf,2.0,,width_cm,6.0,,cm,78,2133.5999999999995
7,2026-08-18,73-3,73,C,leaf,3.0,,length_cm,49.0,,cm,78,2133.5999999999995
7,2026-08-18,73-3,73,C,leaf,3.0,,width_cm,7.5,,cm,78,2133.5999999999995
7,2026-08-18,73-3,73,C,leaf,4.0,,length_cm,56.0,,cm,78,2133.5999999999995
7,2026-08-18,73-3,73,C,leaf,4.0,,width_cm,8.0,,cm,78,2133.5999999999995
7,2026-08-18,73-3,73,C,leaf,5.0,,length_cm,56.5,,cm,78,2133.5999999999995
7,2026-08-18,73-3,73,C,leaf,5.0,,width_cm,8.6,,cm,78,2133.5999999999995
7,2026-08-18,73-3,73,C,leaf,6.0,,length_cm,61.0,,cm,78,2133.5999999999995
7,2026-08-18,73-3,73,C,leaf,6.0,,width_cm,9.2,,cm,78,2133.5999999999995
7,2026-08-18,73-3,73,C,leaf,7.0,,length_cm,62.0,,cm,78,2133.5999999999995
7,2026-08-18,73-3,73,C,leaf,7.0,,width_cm,8.6,,cm,78,2133.5999999999995
7,2026-08-18,73-3,73,C,leaf,8.0,,length_cm,70.0,,cm,78,2133.5999999999995
7,2026-08-18,73-3,73,C,leaf,8.0,,width_cm,8.7,,cm,78,2133.5999999999995
7,2026-08-18,73-3,73,C,leaf,9.0,,length_cm,79.0,,cm,78,2133.5999999999995
7,2026-08-18,73-3,73,C,leaf,9.0,,width_cm,8.5,,cm,78,2133.5999999999995
7,2026-08-18,73-3,73,C,leaf,10.0,,length_cm,68.0,,cm,78,2133.5999999999995
7,2026-08-18,73-3,73,C,leaf,10.0,,width_cm,7.6,,cm,78,2133.5999999999995
7,2026-08-18,73-3,73,C,leaf,11.0,,length_cm,57.0,,cm,78,2133.5999999999995
7,2026-08-18,73-3,73,C,leaf,11.0,,width_cm,8.6,,cm,78,2133.5999999999995
7,2026-08-18,73-4,73,C,leaf,1.0,,length_cm,44.5,,cm,78,2133.5999999999995
7,2026-08-18,73-4,73,C,leaf,1.0,,width_cm,5.0,,cm,78,2133.5999999999995
7,2026-08-18,73-4,73,C,leaf,2.0,,length_cm,52.5,,cm,78,2133.5999999999995
7,2026-08-18,73-4,73,C,leaf,2.0,,width_cm,6.2,,cm,78,2133.5999999999995
7,2026-08-18,73-4,73,C,leaf,3.0,,length_cm,57.0,,cm,78,2133.5999999999995
7,2026-08-18,73-4,73,C,leaf,3.0,,width_cm,7.1,,cm,78,2133.5999999999995
7,2026-08-18,73-4,73,C,leaf,4.0,,length_cm,61.0,,cm,78,2133.5999999999995
7,2026-08-18,73-4,73,C,leaf,4.0,,width_cm,7.9,,cm,78,2133.5999999999995
7,2026-08-18,73-4,73,C,leaf,5.0,,length_cm,67.5,,cm,78,2133.5999999999995
7,2026-08-18,73-4,73,C,leaf,5.0,,width_cm,8.5,,cm,78,2133.5999999999995
7,2026-08-18,73-4,73,C,leaf,6.0,,length_cm,68.5,,cm,78,2133.5999999999995
7,2026-08-18,73-4,73,C,leaf,6.0,,width_cm,8.2,,cm,78,2133.5999999999995
7,2026-08-18,73-4,73,C,leaf,7.0,,length_cm,72.5,,cm,78,2133.5999999999995
7,2026-08-18,73-4,73,C,leaf,7.0,,width_cm,8.5,,cm,78,2133.5999999999995
7,2026-08-18,73-4,73,C,leaf,8.0,,length_cm,72.5,,cm,78,2133.5999999999995
7,2026-08-18,73-4,73,C,leaf,8.0,,width_cm,8.0,,cm,78,2133.5999999999995
7,2026-08-18,73-4,73,C,leaf,9.0,,length_cm,74.5,,cm,78,2133.5999999999995
7,2026-08-18,73-4,73,C,leaf,9.0,,width_cm,8.4,,cm,78,2133.5999999999995
7,2026-08-18,73-4,73,C,leaf,10.0,,length_cm,64.5,,cm,78,2133.5999999999995
7,2026-08-18,73-4,73,C,leaf,10.0,,width_cm,8.2,,cm,78,2133.5999999999995
7,2026-08-18,73-4,73,C,leaf,11.0,,length_cm,60.0,,cm,78,2133.5999999999995
7,2026-08-18,73-4,73,C,leaf,11.0,,width_cm,8.3,,cm,78,2133.5999999999995
7,2026-08-18,73-4,73,C,leaf,12.0,,length_cm,54.0,,cm,78,2133.5999999999995
7,2026-08-18,73-4,73,C,leaf,12.0,,width_cm,8.0,,cm,78,2133.5999999999995
7,2026-08-18,73-4,73,C,leaf,13.0,,length_cm,48.0,,cm,78,2133.5999999999995
7,2026-08-18,73-4,73,C,leaf,13.0,,width_cm,7.5,,cm,78,2133.5999999999995
7,2026-08-18,73-4,73,C,leaf,14.0,,length_cm,57.0,,cm,78,2133.5999999999995
7,2026-08-18,73-4,73,C,leaf,14.0,,width_cm,7.6,,cm,78,2133.5999999999995
7,2026-08-18,73-4,73,C,leaf,15.0,,length_cm,33.5,,cm,78,2133.5999999999995
7,2026-08-18,73-4,73,C,leaf,15.0,,width_cm,6.6,,cm,78,2133.5999999999995
7,2026-08-18,73-5,73,C,leaf,1.0,,length_cm,45.0,,cm,78,2133.5999999999995
7,2026-08-18,73-5,73,C,leaf,1.0,,width_cm,5.7,,cm,78,2133.5999999999995
7,2026-08-18,73-5,73,C,leaf,2.0,,length_cm,45.5,,cm,78,2133.5999999999995
7,2026-08-18,73-5,73,C,leaf,2.0,,width_cm,7.0,,cm,78,2133.5999999999995
7,2026-08-18,73-5,73,C,leaf,3.0,,length_cm,53.5,,cm,78,2133.5999999999995
7,2026-08-18,73-5,73,C,leaf,3.0,,width_cm,7.5,,cm,78,2133.5999999999995
7,2026-08-18,73-5,73,C,leaf,4.0,,length_cm,61.5,,cm,78,2133.5999999999995
7,2026-08-18,73-5,73,C,leaf,4.0,,width_cm,7.8,,cm,78,2133.5999999999995
7,2026-08-18,73-5,73,C,leaf,5.0,,length_cm,66.0,,cm,78,2133.5999999999995
7,2026-08-18,73-5,73,C,leaf,5.0,,width_cm,8.0,,cm,78,2133.5999999999995
7,2026-08-18,73-5,73,C,leaf,6.0,,length_cm,66.5,,cm,78,2133.5999999999995
7,2026-08-18,73-5,73,C,leaf,6.0,,width_cm,8.6,,cm,78,2133.5999999999995
7,2026-08-18,73-5,73,C,leaf,7.0,,length_cm,69.0,,cm,78,2133.5999999999995
7,2026-08-18,73-5,73,C,leaf,7.0,,width_cm,8.0,,cm,78,2133.5999999999995
7,2026-08-18,73-5,73,C,leaf,8.0,,length_cm,64.5,,cm,78,2133.5999999999995
7,2026-08-18,73-5,73,C,leaf,9.0,,length_cm,65.0,,cm,78,2133.5999999999995
7,2026-08-18,73-5,73,C,leaf,9.0,,width_cm,8.7,,cm,78,2133.5999999999995
7,2026-08-18,73-5,73,C,leaf,10.0,,length_cm,61.5,,cm,78,2133.5999999999995
7,2026-08-18,73-5,73,C,leaf,10.0,,width_cm,8.4,,cm,78,2133.5999999999995
7,2026-08-18,73-5,73,C,leaf,11.0,,length_cm,56.0,,cm,78,2133.5999999999995
7,2026-08-18,73-5,73,C,leaf,11.0,,width_cm,7.9,,cm,78,2133.5999999999995
7,2026-08-18,73-5,73,C,leaf,12.0,,length_cm,51.0,,cm,78,2133.5999999999995
7,2026-08-18,73-5,73,C,leaf,12.0,,width_cm,8.0,,cm,78,2133.5999999999995
7,2026-08-18,73-5,73,C,leaf,13.0,,length_cm,46.0,,cm,78,2133.5999999999995
7,2026-08-18,73-5,73,C,leaf,13.0,,width_cm,8.0,,cm,78,2133.5999999999995
7,2026-08-18,73-5,73,C,leaf,14.0,,length_cm,48.5,,cm,78,2133.5999999999995
7,2026-08-18,73-5,73,C,leaf,14.0,,width_cm,8.2,,cm,78,2133.5999999999995
7,2026-08-18,73-5,73,C,leaf,15.0,,length_cm,35.0,,cm,78,2133.5999999999995
7,2026-08-18,73-5,73,C,leaf,15.0,,width_cm,7.6,,cm,78,2133.5999999999995
7,2026-08-18,75-1,75,A,leaf,1.0,,leafX,-3.0,,cm,78,2133.5999999999995
7,2026-08-18,75-1,75,A,leaf,1.0,,leafY,16.0,,cm,78,2133.5999999999995
7,2026-08-18,75-1,75,A,leaf,1.0,,leafZ,-121.0,,cm,78,2133.5999999999995
7,2026-08-18,75-1,75,A,leaf,1.0,,angle_from_vertical,74.0,,deg,78,2133.5999999999995
7,2026-08-18,75-1,75,A,leaf,3.0,,leafX,-27.0,,cm,78,2133.5999999999995
7,2026-08-18,75-1,75,A,leaf,3.0,,leafY,25.0,,cm,78,2133.5999999999995
7,2026-08-18,75-1,75,A,leaf,3.0,,leafZ,-134.0,,cm,78,2133.5999999999995
7,2026-08-18,75-1,75,A,leaf,3.0,,angle_from_vertical,65.0,,deg,78,2133.5999999999995
7,2026-08-18,75-1,75,A,leaf,4.0,,leafX,2.0,,cm,78,2133.5999999999995
7,2026-08-18,75-1,75,A,leaf,4.0,,leafY,-13.0,,cm,78,2133.5999999999995
7,2026-08-18,75-1,75,A,leaf,4.0,,leafZ,51.0,,cm,78,2133.5999999999995
7,2026-08-18,75-1,75,A,leaf,4.0,,angle_from_vertical,77.0,,deg,78,2133.5999999999995
7,2026-08-18,75-1,75,A,leaf,5.0,,leafX,-2.0,,cm,78,2133.5999999999995
7,2026-08-18,75-1,75,A,leaf,5.0,,leafY,8.0,,cm,78,2133.5999999999995
7,2026-08-18,75-1,75,A,leaf,5.0,,leafZ,-135.0,,cm,78,2133.5999999999995
7,2026-08-18,75-1,75,A,leaf,5.0,,angle_from_vertical,82.0,,deg,78,2133.5999999999995
7,2026-08-18,75-1,75,A,leaf,6.0,,leafX,-4.0,,cm,78,2133.5999999999995
7,2026-08-18,75-1,75,A,leaf,6.0,,leafY,-64.0,,cm,78,2133.5999999999995
7,2026-08-18,75-1,75,A,leaf,6.0,,leafZ,87.0,,cm,78,2133.5999999999995
7,2026-08-18,75-1,75,A,leaf,6.0,,angle_from_vertical,26.0,,deg,78,2133.5999999999995
7,2026-08-18,75-1,75,A,leaf,7.0,,leafX,5.0,,cm,78,2133.5999999999995
7,2026-08-18,75-1,75,A,leaf,7.0,,leafY,19.0,,cm,78,2133.5999999999995
7,2026-08-18,75-1,75,A,leaf,7.0,,leafZ,-120.0,,cm,78,2133.5999999999995
7,2026-08-18,75-1,75,A,leaf,7.0,,angle_from_vertical,71.0,,deg,78,2133.5999999999995
7,2026-08-18,75-1,75,A,leaf,8.0,,leafX,4.0,,cm,78,2133.5999999999995
7,2026-08-18,75-1,75,A,leaf,8.0,,leafY,-66.0,,cm,78,2133.5999999999995
7,2026-08-18,75-1,75,A,leaf,8.0,,leafZ,107.0,,cm,78,2133.5999999999995
7,2026-08-18,75-1,75,A,leaf,8.0,,angle_from_vertical,24.0,,deg,78,2133.5999999999995
7,2026-08-18,75-1,75,A,leaf,9.0,,leafX,-1.0,,cm,78,2133.5999999999995
7,2026-08-18,75-1,75,A,leaf,9.0,,leafY,8.0,,cm,78,2133.5999999999995
7,2026-08-18,75-1,75,A,leaf,9.0,,leafZ,-125.0,,cm,78,2133.5999999999995
7,2026-08-18,75-1,75,A,leaf,9.0,,angle_from_vertical,82.0,,deg,78,2133.5999999999995
7,2026-08-18,75-1,75,A,leaf,10.0,,leafX,15.0,,cm,78,2133.5999999999995
7,2026-08-18,75-1,75,A,leaf,10.0,,leafY,-64.0,,cm,78,2133.5999999999995
7,2026-08-18,75-1,75,A,leaf,10.0,,leafZ,173.0,,cm,78,2133.5999999999995
7,2026-08-18,75-1,75,A,leaf,10.0,,angle_from_vertical,26.0,,deg,78,2133.5999999999995
7,2026-08-18,75-1,75,A,leaf,11.0,,leafX,4.0,,cm,78,2133.5999999999995
7,2026-08-18,75-1,75,A,leaf,11.0,,leafY,-45.0,,cm,78,2133.5999999999995
7,2026-08-18,75-1,75,A,leaf,11.0,,leafZ,-69.0,,cm,78,2133.5999999999995
7,2026-08-18,75-1,75,A,leaf,11.0,,angle_from_vertical,45.0,,deg,78,2133.5999999999995
7,2026-08-18,75-1,75,A,leaf,12.0,,leafX,-33.0,,cm,78,2133.5999999999995
7,2026-08-18,75-1,75,A,leaf,12.0,,leafY,-63.0,,cm,78,2133.5999999999995
7,2026-08-18,75-1,75,A,leaf,12.0,,leafZ,40.0,,cm,78,2133.5999999999995
7,2026-08-18,75-1,75,A,leaf,12.0,,angle_from_vertical,27.0,,deg,78,2133.5999999999995
7,2026-08-18,75-1,75,A,leaf,13.0,,leafX,-3.0,,cm,78,2133.5999999999995
7,2026-08-18,75-1,75,A,leaf,13.0,,leafY,-47.0,,cm,78,2133.5999999999995
7,2026-08-18,75-1,75,A,leaf,13.0,,leafZ,121.0,,cm,78,2133.5999999999995
7,2026-08-18,75-1,75,A,leaf,13.0,,angle_from_vertical,43.0,,deg,78,2133.5999999999995
7,2026-08-18,75-1,75,A,leaf,14.0,,leafX,-20.0,,cm,78,2133.5999999999995
7,2026-08-18,75-1,75,A,leaf,14.0,,leafY,-70.0,,cm,78,2133.5999999999995
7,2026-08-18,75-1,75,A,leaf,14.0,,leafZ,-12.0,,cm,78,2133.5999999999995
7,2026-08-18,75-1,75,A,leaf,14.0,,angle_from_vertical,20.0,,deg,78,2133.5999999999995
7,2026-08-18,75-1,75,A,leaf,15.0,,leafX,1.0,,cm,78,2133.5999999999995
7,2026-08-18,75-1,75,A,leaf,15.0,,leafY,-50.0,,cm,78,2133.5999999999995
7,2026-08-18,75-1,75,A,leaf,15.0,,leafZ,165.0,,cm,78,2133.5999999999995
7,2026-08-18,75-1,75,A,leaf,15.0,,angle_from_vertical,40.0,,deg,78,2133.5999999999995
7,2026-08-18,75-1,75,A,leaf,16.0,,leafX,-13.0,,cm,78,2133.5999999999995
7,2026-08-18,75-1,75,A,leaf,16.0,,leafY,-70.0,,cm,78,2133.5999999999995
7,2026-08-18,75-1,75,A,leaf,16.0,,leafZ,-140.0,,cm,78,2133.5999999999995
7,2026-08-18,75-1,75,A,leaf,16.0,,angle_from_vertical,20.0,,deg,78,2133.5999999999995
7,2026-08-18,75-1,75,A,leaf,17.0,,leafX,-2.0,,cm,78,2133.5999999999995
7,2026-08-18,75-1,75,A,leaf,17.0,,leafY,-61.0,,cm,78,2133.5999999999995
7,2026-08-18,75-1,75,A,leaf,17.0,,leafZ,-71.0,,cm,78,2133.5999999999995
7,2026-08-18,75-1,75,A,leaf,17.0,,angle_from_vertical,29.0,,deg,78,2133.5999999999995
7,2026-08-18,75-1,75,A,leaf,18.0,,leafX,-23.0,,cm,78,2133.5999999999995
7,2026-08-18,75-1,75,A,leaf,18.0,,leafY,-76.0,,cm,78,2133.5999999999995
7,2026-08-18,75-1,75,A,leaf,18.0,,leafZ,27.0,,cm,78,2133.5999999999995
7,2026-08-18,75-1,75,A,leaf,18.0,,angle_from_vertical,14.0,,deg,78,2133.5999999999995
7,2026-08-18,75-1,75,A,leaf,19.0,,leafX,-16.0,,cm,78,2133.5999999999995
7,2026-08-18,75-1,75,A,leaf,19.0,,leafY,-84.0,,cm,78,2133.5999999999995
7,2026-08-18,75-1,75,A,leaf,19.0,,leafZ,-87.0,,cm,78,2133.5999999999995
7,2026-08-18,75-1,75,A,leaf,19.0,,angle_from_vertical,6.0,,deg,78,2133.5999999999995
7,2026-08-18,75-2,75,A,leaf,1.0,,leafX,3.0,,cm,78,2133.5999999999995
7,2026-08-18,75-2,75,A,leaf,1.0,,leafY,39.0,,cm,78,2133.5999999999995
7,2026-08-18,75-2,75,A,leaf,1.0,,leafZ,57.0,,cm,78,2133.5999999999995
7,2026-08-18,75-2,75,A,leaf,1.0,,angle_from_vertical,51.0,,deg,78,2133.5999999999995
7,2026-08-18,75-2,75,A,leaf,2.0,,leafX,-3.0,,cm,78,2133.5999999999995
7,2026-08-18,75-2,75,A,leaf,2.0,,leafY,-61.0,,cm,78,2133.5999999999995
7,2026-08-18,75-2,75,A,leaf,2.0,,leafZ,-58.0,,cm,78,2133.5999999999995
7,2026-08-18,75-2,75,A,leaf,2.0,,angle_from_vertical,29.0,,deg,78,2133.5999999999995
7,2026-08-18,75-2,75,A,leaf,3.0,,leafX,-2.0,,cm,78,2133.5999999999995
7,2026-08-18,75-2,75,A,leaf,3.0,,leafY,-13.0,,cm,78,2133.5999999999995
7,2026-08-18,75-2,75,A,leaf,3.0,,leafZ,167.0,,cm,78,2133.5999999999995
7,2026-08-18,75-2,75,A,leaf,3.0,,angle_from_vertical,77.0,,deg,78,2133.5999999999995
7,2026-08-18,75-2,75,A,leaf,4.0,,leafX,7.0,,cm,78,2133.5999999999995
7,2026-08-18,75-2,75,A,leaf,4.0,,leafY,-45.0,,cm,78,2133.5999999999995
7,2026-08-18,75-2,75,A,leaf,4.0,,leafZ,-78.0,,cm,78,2133.5999999999995
7,2026-08-18,75-2,75,A,leaf,4.0,,angle_from_vertical,45.0,,deg,78,2133.5999999999995
7,2026-08-18,75-2,75,A,leaf,5.0,,leafX,-5.0,,cm,78,2133.5999999999995
7,2026-08-18,75-2,75,A,leaf,5.0,,leafY,-37.0,,cm,78,2133.5999999999995
7,2026-08-18,75-2,75,A,leaf,5.0,,leafZ,149.0,,cm,78,2133.5999999999995
7,2026-08-18,75-2,75,A,leaf,5.0,,angle_from_vertical,53.0,,deg,78,2133.5999999999995
7,2026-08-18,75-2,75,A,leaf,6.0,,leafX,12.0,,cm,78,2133.5999999999995
7,2026-08-18,75-2,75,A,leaf,6.0,,leafY,-58.0,,cm,78,2133.5999999999995
7,2026-08-18,75-2,75,A,leaf,6.0,,leafZ,-122.0,,cm,78,2133.5999999999995
7,2026-08-18,75-2,75,A,leaf,6.0,,angle_from_vertical,32.0,,deg,78,2133.5999999999995
7,2026-08-18,75-2,75,A,leaf,7.0,,leafX,-9.0,,cm,78,2133.5999999999995
7,2026-08-18,75-2,75,A,leaf,7.0,,leafY,-51.0,,cm,78,2133.5999999999995
7,2026-08-18,75-2,75,A,leaf,7.0,,leafZ,103.0,,cm,78,2133.5999999999995
7,2026-08-18,75-2,75,A,leaf,7.0,,angle_from_vertical,39.0,,deg,78,2133.5999999999995
7,2026-08-18,75-2,75,A,leaf,8.0,,leafX,9.0,,cm,78,2133.5999999999995
7,2026-08-18,75-2,75,A,leaf,8.0,,leafY,-61.0,,cm,78,2133.5999999999995
7,2026-08-18,75-2,75,A,leaf,8.0,,leafZ,-151.0,,cm,78,2133.5999999999995
7,2026-08-18,75-2,75,A,leaf,8.0,,angle_from_vertical,29.0,,deg,78,2133.5999999999995
7,2026-08-18,75-2,75,A,leaf,9.0,,leafX,0.0,,cm,78,2133.5999999999995
7,2026-08-18,75-2,75,A,leaf,9.0,,leafY,-65.0,,cm,78,2133.5999999999995
7,2026-08-18,75-2,75,A,leaf,9.0,,leafZ,77.0,,cm,78,2133.5999999999995
7,2026-08-18,75-2,75,A,leaf,9.0,,angle_from_vertical,25.0,,deg,78,2133.5999999999995
7,2026-08-18,75-2,75,A,leaf,10.0,,leafX,-9.0,,cm,78,2133.5999999999995
7,2026-08-18,75-2,75,A,leaf,10.0,,leafY,-64.0,,cm,78,2133.5999999999995
7,2026-08-18,75-2,75,A,leaf,10.0,,leafZ,141.0,,cm,78,2133.5999999999995
7,2026-08-18,75-2,75,A,leaf,10.0,,angle_from_vertical,26.0,,deg,78,2133.5999999999995
7,2026-08-18,75-2,75,A,leaf,11.0,,leafX,-44.0,,cm,78,2133.5999999999995
7,2026-08-18,75-2,75,A,leaf,11.0,,leafY,-75.0,,cm,78,2133.5999999999995
7,2026-08-18,75-2,75,A,leaf,11.0,,leafZ,38.0,,cm,78,2133.5999999999995
7,2026-08-18,75-2,75,A,leaf,11.0,,angle_from_vertical,15.0,,deg,78,2133.5999999999995
7,2026-08-18,75-2,75,A,leaf,12.0,,leafX,-12.0,,cm,78,2133.5999999999995
7,2026-08-18,75-2,75,A,leaf,12.0,,leafY,-81.0,,cm,78,2133.5999999999995
7,2026-08-18,75-2,75,A,leaf,12.0,,leafZ,-80.0,,cm,78,2133.5999999999995
7,2026-08-18,75-2,75,A,leaf,12.0,,angle_from_vertical,9.0,,deg,78,2133.5999999999995
7,2026-08-18,75-3,75,A,leaf,2.0,,leafX,-7.0,,cm,78,2133.5999999999995
7,2026-08-18,75-3,75,A,leaf,2.0,,leafY,22.0,,cm,78,2133.5999999999995
7,2026-08-18,75-3,75,A,leaf,2.0,,leafZ,-100.0,,cm,78,2133.5999999999995
7,2026-08-18,75-3,75,A,leaf,2.0,,angle_from_vertical,68.0,,deg,78,2133.5999999999995
7,2026-08-18,75-3,75,A,leaf,3.0,,leafX,2.0,,cm,78,2133.5999999999995
7,2026-08-18,75-3,75,A,leaf,3.0,,leafY,13.0,,cm,78,2133.5999999999995
7,2026-08-18,75-3,75,A,leaf,3.0,,leafZ,77.0,,cm,78,2133.5999999999995
7,2026-08-18,75-3,75,A,leaf,3.0,,angle_from_vertical,77.0,,deg,78,2133.5999999999995
7,2026-08-18,75-3,75,A,leaf,4.0,,leafX,-30.0,,cm,78,2133.5999999999995
7,2026-08-18,75-3,75,A,leaf,4.0,,leafY,26.0,,cm,78,2133.5999999999995
7,2026-08-18,75-3,75,A,leaf,4.0,,leafZ,-109.0,,cm,78,2133.5999999999995
7,2026-08-18,75-3,75,A,leaf,4.0,,angle_from_vertical,64.0,,deg,78,2133.5999999999995
7,2026-08-18,75-3,75,A,leaf,5.0,,leafX,11.0,,cm,78,2133.5999999999995
7,2026-08-18,75-3,75,A,leaf,5.0,,leafY,-66.0,,cm,78,2133.5999999999995
7,2026-08-18,75-3,75,A,leaf,5.0,,leafZ,129.0,,cm,78,2133.5999999999995
7,2026-08-18,75-3,75,A,leaf,5.0,,angle_from_vertical,24.0,,deg,78,2133.5999999999995
7,2026-08-18,75-3,75,A,leaf,6.0,,leafX,-5.0,,cm,78,2133.5999999999995
7,2026-08-18,75-3,75,A,leaf,6.0,,leafY,24.0,,cm,78,2133.5999999999995
7,2026-08-18,75-3,75,A,leaf,6.0,,leafZ,-23.0,,cm,78,2133.5999999999995
7,2026-08-18,75-3,75,A,leaf,6.0,,angle_from_vertical,66.0,,deg,78,2133.5999999999995
7,2026-08-18,75-3,75,A,leaf,7.0,,leafX,0.0,,cm,78,2133.5999999999995
7,2026-08-18,75-3,75,A,leaf,7.0,,leafY,-52.0,,cm,78,2133.5999999999995
7,2026-08-18,75-3,75,A,leaf,7.0,,leafZ,159.0,,cm,78,2133.5999999999995
7,2026-08-18,75-3,75,A,leaf,7.0,,angle_from_vertical,38.0,,deg,78,2133.5999999999995
7,2026-08-18,75-3,75,A,leaf,8.0,,leafX,-36.0,,cm,78,2133.5999999999995
7,2026-08-18,75-3,75,A,leaf,8.0,,leafY,-60.0,,cm,78,2133.5999999999995
7,2026-08-18,75-3,75,A,leaf,8.0,,leafZ,-23.0,,cm,78,2133.5999999999995
7,2026-08-18,75-3,75,A,leaf,8.0,,angle_from_vertical,30.0,,deg,78,2133.5999999999995
7,2026-08-18,75-3,75,A,leaf,9.0,,leafX,0.0,,cm,78,2133.5999999999995
7,2026-08-18,75-3,75,A,leaf,9.0,,leafY,-53.0,,cm,78,2133.5999999999995
7,2026-08-18,75-3,75,A,leaf,9.0,,leafZ,-123.0,,cm,78,2133.5999999999995
7,2026-08-18,75-3,75,A,leaf,9.0,,angle_from_vertical,37.0,,deg,78,2133.5999999999995
7,2026-08-18,75-3,75,A,leaf,10.0,,leafX,-23.0,,cm,78,2133.5999999999995
7,2026-08-18,75-3,75,A,leaf,10.0,,leafY,-63.0,,cm,78,2133.5999999999995
7,2026-08-18,75-3,75,A,leaf,10.0,,leafZ,59.0,,cm,78,2133.5999999999995
7,2026-08-18,75-3,75,A,leaf,10.0,,angle_from_vertical,27.0,,deg,78,2133.5999999999995
7,2026-08-18,75-3,75,A,leaf,11.0,,leafX,6.0,,cm,78,2133.5999999999995
7,2026-08-18,75-3,75,A,leaf,11.0,,leafY,-66.0,,cm,78,2133.5999999999995
7,2026-08-18,75-3,75,A,leaf,11.0,,leafZ,-132.0,,cm,78,2133.5999999999995
7,2026-08-18,75-3,75,A,leaf,11.0,,angle_from_vertical,24.0,,deg,78,2133.5999999999995
7,2026-08-18,75-3,75,A,leaf,12.0,,leafX,-3.0,,cm,78,2133.5999999999995
7,2026-08-18,75-3,75,A,leaf,12.0,,leafY,-80.0,,cm,78,2133.5999999999995
7,2026-08-18,75-3,75,A,leaf,12.0,,leafZ,11.0,,cm,78,2133.5999999999995
7,2026-08-18,75-3,75,A,leaf,12.0,,angle_from_vertical,10.0,,deg,78,2133.5999999999995
7,2026-08-18,75-3,75,A,leaf,13.0,,leafX,-55.0,,cm,78,2133.5999999999995
7,2026-08-18,75-3,75,A,leaf,13.0,,leafY,-80.0,,cm,78,2133.5999999999995
7,2026-08-18,75-3,75,A,leaf,13.0,,leafZ,124.0,,cm,78,2133.5999999999995
7,2026-08-18,75-3,75,A,leaf,13.0,,angle_from_vertical,10.0,,deg,78,2133.5999999999995
7,2026-08-18,75-3,75,A,leaf,14.0,,leafX,166.0,,cm,78,2133.5999999999995
7,2026-08-18,75-3,75,A,leaf,14.0,,leafY,-85.0,,cm,78,2133.5999999999995
7,2026-08-18,75-3,75,A,leaf,14.0,,leafZ,143.0,,cm,78,2133.5999999999995
7,2026-08-18,75-3,75,A,leaf,14.0,,angle_from_vertical,5.0,,deg,78,2133.5999999999995
7,2026-08-18,75-4,75,A,leaf,1.0,,leafX,14.0,,cm,78,2133.5999999999995
7,2026-08-18,75-4,75,A,leaf,1.0,,leafY,32.0,,cm,78,2133.5999999999995
7,2026-08-18,75-4,75,A,leaf,1.0,,leafZ,85.0,,cm,78,2133.5999999999995
7,2026-08-18,75-4,75,A,leaf,1.0,,angle_from_vertical,58.0,,deg,78,2133.5999999999995
7,2026-08-18,75-4,75,A,leaf,2.0,,leafX,3.0,,cm,78,2133.5999999999995
7,2026-08-18,75-4,75,A,leaf,2.0,,leafY,1.6,,cm,78,2133.5999999999995
7,2026-08-18,75-4,75,A,leaf,2.0,,leafZ,-160.0,,cm,78,2133.5999999999995
7,2026-08-18,75-4,75,A,leaf,2.0,,angle_from_vertical,88.4,,deg,78,2133.5999999999995
7,2026-08-18,75-4,75,A,leaf,3.0,,leafX,-3.0,,cm,78,2133.5999999999995
7,2026-08-18,75-4,75,A,leaf,3.0,,leafY,-61.0,,cm,78,2133.5999999999995
7,2026-08-18,75-4,75,A,leaf,3.0,,leafZ,156.0,,cm,78,2133.5999999999995
7,2026-08-18,75-4,75,A,leaf,3.0,,angle_from_vertical,29.0,,deg,78,2133.5999999999995
7,2026-08-18,75-4,75,A,leaf,4.0,,leafX,8.0,,cm,78,2133.5999999999995
7,2026-08-18,75-4,75,A,leaf,4.0,,leafY,-11.0,,cm,78,2133.5999999999995
7,2026-08-18,75-4,75,A,leaf,4.0,,leafZ,-75.0,,cm,78,2133.5999999999995
7,2026-08-18,75-4,75,A,leaf,4.0,,angle_from_vertical,79.0,,deg,78,2133.5999999999995
7,2026-08-18,75-4,75,A,leaf,5.0,,leafX,-6.0,,cm,78,2133.5999999999995
7,2026-08-18,75-4,75,A,leaf,5.0,,leafY,-52.0,,cm,78,2133.5999999999995
7,2026-08-18,75-4,75,A,leaf,5.0,,leafZ,-160.0,,cm,78,2133.5999999999995
7,2026-08-18,75-4,75,A,leaf,5.0,,angle_from_vertical,38.0,,deg,78,2133.5999999999995
7,2026-08-18,75-4,75,A,leaf,6.0,,leafX,-4.0,,cm,78,2133.5999999999995
7,2026-08-18,75-4,75,A,leaf,6.0,,leafY,-60.0,,cm,78,2133.5999999999995
7,2026-08-18,75-4,75,A,leaf,6.0,,leafZ,-20.0,,cm,78,2133.5999999999995
7,2026-08-18,75-4,75,A,leaf,6.0,,angle_from_vertical,30.0,,deg,78,2133.5999999999995
7,2026-08-18,75-4,75,A,leaf,7.0,,leafX,-15.0,,cm,78,2133.5999999999995
7,2026-08-18,75-4,75,A,leaf,7.0,,leafY,-52.0,,cm,78,2133.5999999999995
7,2026-08-18,75-4,75,A,leaf,7.0,,leafZ,-53.0,,cm,78,2133.5999999999995
7,2026-08-18,75-4,75,A,leaf,7.0,,angle_from_vertical,38.0,,deg,78,2133.5999999999995
7,2026-08-18,75-4,75,A,leaf,8.0,,leafX,-4.0,,cm,78,2133.5999999999995
7,2026-08-18,75-4,75,A,leaf,8.0,,leafY,-61.0,,cm,78,2133.5999999999995
7,2026-08-18,75-4,75,A,leaf,8.0,,leafZ,46.0,,cm,78,2133.5999999999995
7,2026-08-18,75-4,75,A,leaf,8.0,,angle_from_vertical,29.0,,deg,78,2133.5999999999995
7,2026-08-18,75-4,75,A,leaf,9.0,,leafX,-12.0,,cm,78,2133.5999999999995
7,2026-08-18,75-4,75,A,leaf,9.0,,leafY,-66.0,,cm,78,2133.5999999999995
7,2026-08-18,75-4,75,A,leaf,9.0,,leafZ,-98.0,,cm,78,2133.5999999999995
7,2026-08-18,75-4,75,A,leaf,9.0,,angle_from_vertical,24.0,,deg,78,2133.5999999999995
7,2026-08-18,75-4,75,A,leaf,10.0,,leafX,12.0,,cm,78,2133.5999999999995
7,2026-08-18,75-4,75,A,leaf,10.0,,leafY,-64.0,,cm,78,2133.5999999999995
7,2026-08-18,75-4,75,A,leaf,10.0,,leafZ,45.0,,cm,78,2133.5999999999995
7,2026-08-18,75-4,75,A,leaf,10.0,,angle_from_vertical,26.0,,deg,78,2133.5999999999995
7,2026-08-18,75-4,75,A,leaf,11.0,,leafX,-6.0,,cm,78,2133.5999999999995
7,2026-08-18,75-4,75,A,leaf,11.0,,leafY,-69.0,,cm,78,2133.5999999999995
7,2026-08-18,75-4,75,A,leaf,11.0,,leafZ,-84.0,,cm,78,2133.5999999999995
7,2026-08-18,75-4,75,A,leaf,11.0,,angle_from_vertical,21.0,,deg,78,2133.5999999999995
7,2026-08-18,75-4,75,A,leaf,12.0,,leafX,9.0,,cm,78,2133.5999999999995
7,2026-08-18,75-4,75,A,leaf,12.0,,leafY,-78.0,,cm,78,2133.5999999999995
7,2026-08-18,75-4,75,A,leaf,12.0,,leafZ,8.0,,cm,78,2133.5999999999995
7,2026-08-18,75-4,75,A,leaf,12.0,,angle_from_vertical,12.0,,deg,78,2133.5999999999995
7,2026-08-18,75-4,75,A,leaf,13.0,,leafX,-47.0,,cm,78,2133.5999999999995
7,2026-08-18,75-4,75,A,leaf,13.0,,leafY,-80.0,,cm,78,2133.5999999999995
7,2026-08-18,75-4,75,A,leaf,13.0,,leafZ,124.0,,cm,78,2133.5999999999995
7,2026-08-18,75-4,75,A,leaf,13.0,,angle_from_vertical,10.0,,deg,78,2133.5999999999995
7,2026-08-18,75-5,75,A,leaf,1.0,,leafX,-25.0,,cm,78,2133.5999999999995
7,2026-08-18,75-5,75,A,leaf,1.0,,leafY,19.0,,cm,78,2133.5999999999995
7,2026-08-18,75-5,75,A,leaf,1.0,,leafZ,31.0,,cm,78,2133.5999999999995
7,2026-08-18,75-5,75,A,leaf,1.0,,angle_from_vertical,71.0,,deg,78,2133.5999999999995
7,2026-08-18,75-5,75,A,leaf,3.0,,leafX,-1.0,,cm,78,2133.5999999999995
7,2026-08-18,75-5,75,A,leaf,3.0,,leafY,15.0,,cm,78,2133.5999999999995
7,2026-08-18,75-5,75,A,leaf,3.0,,leafZ,75.0,,cm,78,2133.5999999999995
7,2026-08-18,75-5,75,A,leaf,3.0,,angle_from_vertical,75.0,,deg,78,2133.5999999999995
7,2026-08-18,75-5,75,A,leaf,4.0,,leafX,0.0,,cm,78,2133.5999999999995
7,2026-08-18,75-5,75,A,leaf,4.0,,leafY,0.0,,cm,78,2133.5999999999995
7,2026-08-18,75-5,75,A,leaf,4.0,,leafZ,178.0,,cm,78,2133.5999999999995
7,2026-08-18,75-5,75,A,leaf,4.0,,angle_from_vertical,90.0,,deg,78,2133.5999999999995
7,2026-08-18,75-5,75,A,leaf,5.0,,leafX,2.0,,cm,78,2133.5999999999995
7,2026-08-18,75-5,75,A,leaf,5.0,,leafY,8.0,,cm,78,2133.5999999999995
7,2026-08-18,75-5,75,A,leaf,5.0,,leafZ,71.0,,cm,78,2133.5999999999995
7,2026-08-18,75-5,75,A,leaf,5.0,,angle_from_vertical,82.0,,deg,78,2133.5999999999995
7,2026-08-18,75-5,75,A,leaf,6.0,,leafX,5.0,,cm,78,2133.5999999999995
7,2026-08-18,75-5,75,A,leaf,6.0,,leafY,22.0,,cm,78,2133.5999999999995
7,2026-08-18,75-5,75,A,leaf,6.0,,leafZ,51.0,,cm,78,2133.5999999999995
7,2026-08-18,75-5,75,A,leaf,6.0,,angle_from_vertical,68.0,,deg,78,2133.5999999999995
7,2026-08-18,75-5,75,A,leaf,7.0,,leafX,-20.0,,cm,78,2133.5999999999995
7,2026-08-18,75-5,75,A,leaf,7.0,,leafY,-51.0,,cm,78,2133.5999999999995
7,2026-08-18,75-5,75,A,leaf,7.0,,leafZ,-62.0,,cm,78,2133.5999999999995
7,2026-08-18,75-5,75,A,leaf,7.0,,angle_from_vertical,39.0,,deg,78,2133.5999999999995
7,2026-08-18,75-5,75,A,leaf,8.0,,leafX,8.0,,cm,78,2133.5999999999995
7,2026-08-18,75-5,75,A,leaf,8.0,,leafY,-38.0,,cm,78,2133.5999999999995
7,2026-08-18,75-5,75,A,leaf,8.0,,leafZ,45.0,,cm,78,2133.5999999999995
7,2026-08-18,75-5,75,A,leaf,8.0,,angle_from_vertical,52.0,,deg,78,2133.5999999999995
7,2026-08-18,75-5,75,A,leaf,9.0,,leafX,-15.0,,cm,78,2133.5999999999995
7,2026-08-18,75-5,75,A,leaf,9.0,,leafY,-57.0,,cm,78,2133.5999999999995
7,2026-08-18,75-5,75,A,leaf,9.0,,leafZ,-44.0,,cm,78,2133.5999999999995
7,2026-08-18,75-5,75,A,leaf,9.0,,angle_from_vertical,33.0,,deg,78,2133.5999999999995
7,2026-08-18,75-5,75,A,leaf,10.0,,leafX,6.0,,cm,78,2133.5999999999995
7,2026-08-18,75-5,75,A,leaf,10.0,,leafY,-50.0,,cm,78,2133.5999999999995
7,2026-08-18,75-5,75,A,leaf,10.0,,leafZ,70.0,,cm,78,2133.5999999999995
7,2026-08-18,75-5,75,A,leaf,10.0,,angle_from_vertical,40.0,,deg,78,2133.5999999999995
7,2026-08-18,75-5,75,A,leaf,11.0,,leafX,-22.0,,cm,78,2133.5999999999995
7,2026-08-18,75-5,75,A,leaf,11.0,,leafY,-58.0,,cm,78,2133.5999999999995
7,2026-08-18,75-5,75,A,leaf,11.0,,leafZ,78.0,,cm,78,2133.5999999999995
7,2026-08-18,75-5,75,A,leaf,11.0,,angle_from_vertical,32.0,,deg,78,2133.5999999999995
7,2026-08-18,75-5,75,A,leaf,12.0,,leafX,9.0,,cm,78,2133.5999999999995
7,2026-08-18,75-5,75,A,leaf,12.0,,leafY,-60.0,,cm,78,2133.5999999999995
7,2026-08-18,75-5,75,A,leaf,12.0,,leafZ,-175.0,,cm,78,2133.5999999999995
7,2026-08-18,75-5,75,A,leaf,12.0,,angle_from_vertical,30.0,,deg,78,2133.5999999999995
7,2026-08-18,75-5,75,A,leaf,13.0,,leafX,-23.0,,cm,78,2133.5999999999995
7,2026-08-18,75-5,75,A,leaf,13.0,,leafY,-63.0,,cm,78,2133.5999999999995
7,2026-08-18,75-5,75,A,leaf,13.0,,leafZ,141.0,,cm,78,2133.5999999999995
7,2026-08-18,75-5,75,A,leaf,13.0,,angle_from_vertical,27.0,,deg,78,2133.5999999999995
7,2026-08-18,75-5,75,A,leaf,14.0,,leafX,32.0,,cm,78,2133.5999999999995
7,2026-08-18,75-5,75,A,leaf,14.0,,leafY,-65.0,,cm,78,2133.5999999999995
7,2026-08-18,75-5,75,A,leaf,14.0,,leafZ,-166.0,,cm,78,2133.5999999999995
7,2026-08-18,75-5,75,A,leaf,14.0,,angle_from_vertical,25.0,,deg,78,2133.5999999999995
7,2026-08-18,75-5,75,A,leaf,15.0,,leafX,-14.0,,cm,78,2133.5999999999995
7,2026-08-18,75-5,75,A,leaf,15.0,,leafY,-82.0,,cm,78,2133.5999999999995
7,2026-08-18,75-5,75,A,leaf,15.0,,leafZ,94.0,,cm,78,2133.5999999999995
7,2026-08-18,75-5,75,A,leaf,15.0,,angle_from_vertical,8.0,,deg,78,2133.5999999999995
7,2026-08-18,74-1,74,B,leaf,1.0,,leafX,0.0,,cm,78,2133.5999999999995
7,2026-08-18,74-1,74,B,leaf,1.0,,leafY,0.0,,cm,78,2133.5999999999995
7,2026-08-18,74-1,74,B,leaf,1.0,,leafZ,-139.0,,cm,78,2133.5999999999995
7,2026-08-18,74-1,74,B,leaf,1.0,,angle_from_vertical,90.0,,deg,78,2133.5999999999995
7,2026-08-18,74-1,74,B,leaf,2.0,,leafX,2.0,,cm,78,2133.5999999999995
7,2026-08-18,74-1,74,B,leaf,2.0,,leafY,-18.0,,cm,78,2133.5999999999995
7,2026-08-18,74-1,74,B,leaf,2.0,,leafZ,15.0,,cm,78,2133.5999999999995
7,2026-08-18,74-1,74,B,leaf,2.0,,angle_from_vertical,72.0,,deg,78,2133.5999999999995
7,2026-08-18,74-1,74,B,leaf,3.0,,leafX,8.0,,cm,78,2133.5999999999995
7,2026-08-18,74-1,74,B,leaf,3.0,,leafY,-8.0,,cm,78,2133.5999999999995
7,2026-08-18,74-1,74,B,leaf,3.0,,leafZ,-86.0,,cm,78,2133.5999999999995
7,2026-08-18,74-1,74,B,leaf,3.0,,angle_from_vertical,82.0,,deg,78,2133.5999999999995
7,2026-08-18,74-1,74,B,leaf,4.0,,leafX,-4.0,,cm,78,2133.5999999999995
7,2026-08-18,74-1,74,B,leaf,4.0,,leafY,-27.0,,cm,78,2133.5999999999995
7,2026-08-18,74-1,74,B,leaf,4.0,,leafZ,64.0,,cm,78,2133.5999999999995
7,2026-08-18,74-1,74,B,leaf,4.0,,angle_from_vertical,63.0,,deg,78,2133.5999999999995
7,2026-08-18,74-1,74,B,leaf,5.0,,leafX,-5.0,,cm,78,2133.5999999999995
7,2026-08-18,74-1,74,B,leaf,5.0,,leafY,-49.0,,cm,78,2133.5999999999995
7,2026-08-18,74-1,74,B,leaf,5.0,,leafZ,71.0,,cm,78,2133.5999999999995
7,2026-08-18,74-1,74,B,leaf,5.0,,angle_from_vertical,41.0,,deg,78,2133.5999999999995
7,2026-08-18,74-1,74,B,leaf,6.0,,leafX,1.0,,cm,78,2133.5999999999995
7,2026-08-18,74-1,74,B,leaf,6.0,,leafY,-24.0,,cm,78,2133.5999999999995
7,2026-08-18,74-1,74,B,leaf,6.0,,leafZ,-123.0,,cm,78,2133.5999999999995
7,2026-08-18,74-1,74,B,leaf,6.0,,angle_from_vertical,66.0,,deg,78,2133.5999999999995
7,2026-08-18,74-1,74,B,leaf,7.0,,leafX,5.0,,cm,78,2133.5999999999995
7,2026-08-18,74-1,74,B,leaf,7.0,,leafY,-35.0,,cm,78,2133.5999999999995
7,2026-08-18,74-1,74,B,leaf,7.0,,leafZ,105.0,,cm,78,2133.5999999999995
7,2026-08-18,74-1,74,B,leaf,7.0,,angle_from_vertical,55.0,,deg,78,2133.5999999999995
7,2026-08-18,74-1,74,B,leaf,8.0,,leafX,3.0,,cm,78,2133.5999999999995
7,2026-08-18,74-1,74,B,leaf,8.0,,leafY,-27.0,,cm,78,2133.5999999999995
7,2026-08-18,74-1,74,B,leaf,8.0,,leafZ,-80.0,,cm,78,2133.5999999999995
7,2026-08-18,74-1,74,B,leaf,8.0,,angle_from_vertical,63.0,,deg,78,2133.5999999999995
7,2026-08-18,74-1,74,B,leaf,9.0,,leafX,-2.0,,cm,78,2133.5999999999995
7,2026-08-18,74-1,74,B,leaf,9.0,,leafY,-37.0,,cm,78,2133.5999999999995
7,2026-08-18,74-1,74,B,leaf,9.0,,leafZ,112.0,,cm,78,2133.5999999999995
7,2026-08-18,74-1,74,B,leaf,9.0,,angle_from_vertical,53.0,,deg,78,2133.5999999999995
7,2026-08-18,74-1,74,B,leaf,10.0,,leafX,0.0,,cm,78,2133.5999999999995
7,2026-08-18,74-1,74,B,leaf,10.0,,leafY,-39.0,,cm,78,2133.5999999999995
7,2026-08-18,74-1,74,B,leaf,10.0,,leafZ,-113.0,,cm,78,2133.5999999999995
7,2026-08-18,74-1,74,B,leaf,10.0,,angle_from_vertical,51.0,,deg,78,2133.5999999999995
7,2026-08-18,74-1,74,B,leaf,11.0,,leafX,0.0,,cm,78,2133.5999999999995
7,2026-08-18,74-1,74,B,leaf,11.0,,leafY,-31.0,,cm,78,2133.5999999999995
7,2026-08-18,74-1,74,B,leaf,11.0,,leafZ,83.0,,cm,78,2133.5999999999995
7,2026-08-18,74-1,74,B,leaf,11.0,,angle_from_vertical,59.0,,deg,78,2133.5999999999995
7,2026-08-18,74-1,74,B,leaf,12.0,,leafX,-3.0,,cm,78,2133.5999999999995
7,2026-08-18,74-1,74,B,leaf,12.0,,leafY,-28.0,,cm,78,2133.5999999999995
7,2026-08-18,74-1,74,B,leaf,12.0,,leafZ,-123.0,,cm,78,2133.5999999999995
7,2026-08-18,74-1,74,B,leaf,12.0,,angle_from_vertical,62.0,,deg,78,2133.5999999999995
7,2026-08-18,74-1,74,B,leaf,13.0,,leafX,5.0,,cm,78,2133.5999999999995
7,2026-08-18,74-1,74,B,leaf,13.0,,leafY,-11.0,,cm,78,2133.5999999999995
7,2026-08-18,74-1,74,B,leaf,13.0,,leafZ,-52.0,,cm,78,2133.5999999999995
7,2026-08-18,74-1,74,B,leaf,13.0,,angle_from_vertical,79.0,,deg,78,2133.5999999999995
7,2026-08-18,74-2,74,B,leaf,1.0,,leafX,0.0,,cm,78,2133.5999999999995
7,2026-08-18,74-2,74,B,leaf,1.0,,leafY,-5.0,,cm,78,2133.5999999999995
7,2026-08-18,74-2,74,B,leaf,1.0,,leafZ,79.0,,cm,78,2133.5999999999995
7,2026-08-18,74-2,74,B,leaf,1.0,,angle_from_vertical,85.0,,deg,78,2133.5999999999995
7,2026-08-18,74-2,74,B,leaf,2.0,,leafX,-5.0,,cm,78,2133.5999999999995
7,2026-08-18,74-2,74,B,leaf,2.0,,leafY,-28.0,,cm,78,2133.5999999999995
7,2026-08-18,74-2,74,B,leaf,2.0,,leafZ,-86.0,,cm,78,2133.5999999999995
7,2026-08-18,74-2,74,B,leaf,2.0,,angle_from_vertical,62.0,,deg,78,2133.5999999999995
7,2026-08-18,74-2,74,B,leaf,3.0,,leafX,-4.0,,cm,78,2133.5999999999995
7,2026-08-18,74-2,74,B,leaf,3.0,,leafY,-16.0,,cm,78,2133.5999999999995
7,2026-08-18,74-2,74,B,leaf,3.0,,leafZ,109.0,,cm,78,2133.5999999999995
7,2026-08-18,74-2,74,B,leaf,3.0,,angle_from_vertical,74.0,,deg,78,2133.5999999999995
7,2026-08-18,74-2,74,B,leaf,4.0,,leafX,-2.0,,cm,78,2133.5999999999995
7,2026-08-18,74-2,74,B,leaf,4.0,,leafY,-30.0,,cm,78,2133.5999999999995
7,2026-08-18,74-2,74,B,leaf,4.0,,leafZ,-108.0,,cm,78,2133.5999999999995
7,2026-08-18,74-2,74,B,leaf,4.0,,angle_from_vertical,60.0,,deg,78,2133.5999999999995
7,2026-08-18,74-2,74,B,leaf,5.0,,leafX,-3.0,,cm,78,2133.5999999999995
7,2026-08-18,74-2,74,B,leaf,5.0,,leafY,-45.0,,cm,78,2133.5999999999995
7,2026-08-18,74-2,74,B,leaf,5.0,,leafZ,57.0,,cm,78,2133.5999999999995
7,2026-08-18,74-2,74,B,leaf,5.0,,angle_from_vertical,45.0,,deg,78,2133.5999999999995
7,2026-08-18,74-2,74,B,leaf,6.0,,leafX,5.0,,cm,78,2133.5999999999995
7,2026-08-18,74-2,74,B,leaf,6.0,,leafY,-30.0,,cm,78,2133.5999999999995
7,2026-08-18,74-2,74,B,leaf,6.0,,leafZ,144.0,,cm,78,2133.5999999999995
7,2026-08-18,74-2,74,B,leaf,6.0,,angle_from_vertical,60.0,,deg,78,2133.5999999999995
7,2026-08-18,74-2,74,B,leaf,7.0,,leafX,2.0,,cm,78,2133.5999999999995
7,2026-08-18,74-2,74,B,leaf,7.0,,leafY,-42.0,,cm,78,2133.5999999999995
7,2026-08-18,74-2,74,B,leaf,7.0,,leafZ,55.0,,cm,78,2133.5999999999995
7,2026-08-18,74-2,74,B,leaf,7.0,,angle_from_vertical,48.0,,deg,78,2133.5999999999995
7,2026-08-18,74-2,74,B,leaf,8.0,,leafX,3.0,,cm,78,2133.5999999999995
7,2026-08-18,74-2,74,B,leaf,8.0,,leafY,-28.0,,cm,78,2133.5999999999995
7,2026-08-18,74-2,74,B,leaf,8.0,,leafZ,-145.0,,cm,78,2133.5999999999995
7,2026-08-18,74-2,74,B,leaf,8.0,,angle_from_vertical,62.0,,deg,78,2133.5999999999995
7,2026-08-18,74-2,74,B,leaf,9.0,,leafX,1.0,,cm,78,2133.5999999999995
7,2026-08-18,74-2,74,B,leaf,9.0,,leafY,-42.0,,cm,78,2133.5999999999995
7,2026-08-18,74-2,74,B,leaf,9.0,,leafZ,63.0,,cm,78,2133.5999999999995
7,2026-08-18,74-2,74,B,leaf,9.0,,angle_from_vertical,48.0,,deg,78,2133.5999999999995
7,2026-08-18,74-2,74,B,leaf,10.0,,leafX,4.0,,cm,78,2133.5999999999995
7,2026-08-18,74-2,74,B,leaf,10.0,,leafY,-25.0,,cm,78,2133.5999999999995
7,2026-08-18,74-2,74,B,leaf,10.0,,leafZ,-165.0,,cm,78,2133.5999999999995
7,2026-08-18,74-2,74,B,leaf,10.0,,angle_from_vertical,65.0,,deg,78,2133.5999999999995
7,2026-08-18,74-2,74,B,leaf,11.0,,leafX,0.0,,cm,78,2133.5999999999995
7,2026-08-18,74-2,74,B,leaf,11.0,,leafY,-21.0,,cm,78,2133.5999999999995
7,2026-08-18,74-2,74,B,leaf,11.0,,leafZ,42.0,,cm,78,2133.5999999999995
7,2026-08-18,74-2,74,B,leaf,11.0,,angle_from_vertical,69.0,,deg,78,2133.5999999999995
7,2026-08-18,74-2,74,B,leaf,12.0,,leafX,0.0,,cm,78,2133.5999999999995
7,2026-08-18,74-2,74,B,leaf,12.0,,leafY,-17.0,,cm,78,2133.5999999999995
7,2026-08-18,74-2,74,B,leaf,12.0,,leafZ,-178.0,,cm,78,2133.5999999999995
7,2026-08-18,74-2,74,B,leaf,12.0,,angle_from_vertical,73.0,,deg,78,2133.5999999999995
7,2026-08-18,74-2,74,B,leaf,13.0,,leafX,0.0,,cm,78,2133.5999999999995
7,2026-08-18,74-2,74,B,leaf,13.0,,leafY,-22.0,,cm,78,2133.5999999999995
7,2026-08-18,74-2,74,B,leaf,13.0,,leafZ,-103.0,,cm,78,2133.5999999999995
7,2026-08-18,74-2,74,B,leaf,13.0,,angle_from_vertical,68.0,,deg,78,2133.5999999999995
7,2026-08-18,74-3,74,B,leaf,1.0,,leafX,-5.0,,cm,78,2133.5999999999995
7,2026-08-18,74-3,74,B,leaf,1.0,,leafY,-15.0,,cm,78,2133.5999999999995
7,2026-08-18,74-3,74,B,leaf,1.0,,leafZ,-176.0,,cm,78,2133.5999999999995
7,2026-08-18,74-3,74,B,leaf,1.0,,angle_from_vertical,75.0,,deg,78,2133.5999999999995
7,2026-08-18,74-3,74,B,leaf,2.0,,leafX,0.0,,cm,78,2133.5999999999995
7,2026-08-18,74-3,74,B,leaf,2.0,,leafY,-23.0,,cm,78,2133.5999999999995
7,2026-08-18,74-3,74,B,leaf,2.0,,leafZ,19.0,,cm,78,2133.5999999999995
7,2026-08-18,74-3,74,B,leaf,2.0,,angle_from_vertical,67.0,,deg,78,2133.5999999999995
7,2026-08-18,74-3,74,B,leaf,3.0,,leafX,-3.0,,cm,78,2133.5999999999995
7,2026-08-18,74-3,74,B,leaf,3.0,,leafY,-31.0,,cm,78,2133.5999999999995
7,2026-08-18,74-3,74,B,leaf,3.0,,leafZ,-164.0,,cm,78,2133.5999999999995
7,2026-08-18,74-3,74,B,leaf,3.0,,angle_from_vertical,59.0,,deg,78,2133.5999999999995
7,2026-08-18,74-3,74,B,leaf,4.0,,leafX,-13.0,,cm,78,2133.5999999999995
7,2026-08-18,74-3,74,B,leaf,4.0,,leafY,-41.0,,cm,78,2133.5999999999995
7,2026-08-18,74-3,74,B,leaf,4.0,,leafZ,-19.0,,cm,78,2133.5999999999995
7,2026-08-18,74-3,74,B,leaf,4.0,,angle_from_vertical,49.0,,deg,78,2133.5999999999995
7,2026-08-18,74-3,74,B,leaf,5.0,,leafX,-1.0,,cm,78,2133.5999999999995
7,2026-08-18,74-3,74,B,leaf,5.0,,leafY,-35.0,,cm,78,2133.5999999999995
7,2026-08-18,74-3,74,B,leaf,5.0,,leafZ,141.0,,cm,78,2133.5999999999995
7,2026-08-18,74-3,74,B,leaf,5.0,,angle_from_vertical,55.0,,deg,78,2133.5999999999995
7,2026-08-18,74-3,74,B,leaf,6.0,,leafX,11.0,,cm,78,2133.5999999999995
7,2026-08-18,74-3,74,B,leaf,6.0,,leafY,-32.0,,cm,78,2133.5999999999995
7,2026-08-18,74-3,74,B,leaf,6.0,,leafZ,23.0,,cm,78,2133.5999999999995
7,2026-08-18,74-3,74,B,leaf,6.0,,angle_from_vertical,58.0,,deg,78,2133.5999999999995
7,2026-08-18,74-3,74,B,leaf,7.0,,leafX,0.0,,cm,78,2133.5999999999995
7,2026-08-18,74-3,74,B,leaf,7.0,,leafY,-35.0,,cm,78,2133.5999999999995
7,2026-08-18,74-3,74,B,leaf,7.0,,leafZ,167.0,,cm,78,2133.5999999999995
7,2026-08-18,74-3,74,B,leaf,7.0,,angle_from_vertical,55.0,,deg,78,2133.5999999999995
7,2026-08-18,74-3,74,B,leaf,8.0,,leafX,4.0,,cm,78,2133.5999999999995
7,2026-08-18,74-3,74,B,leaf,8.0,,leafY,-40.0,,cm,78,2133.5999999999995
7,2026-08-18,74-3,74,B,leaf,8.0,,leafZ,49.0,,cm,78,2133.5999999999995
7,2026-08-18,74-3,74,B,leaf,8.0,,angle_from_vertical,50.0,,deg,78,2133.5999999999995
7,2026-08-18,74-3,74,B,leaf,9.0,,leafX,10.0,,cm,78,2133.5999999999995
7,2026-08-18,74-3,74,B,leaf,9.0,,leafY,-36.0,,cm,78,2133.5999999999995
7,2026-08-18,74-3,74,B,leaf,9.0,,leafZ,-140.0,,cm,78,2133.5999999999995
7,2026-08-18,74-3,74,B,leaf,9.0,,angle_from_vertical,54.0,,deg,78,2133.5999999999995
7,2026-08-18,74-3,74,B,leaf,10.0,,leafX,5.0,,cm,78,2133.5999999999995
7,2026-08-18,74-3,74,B,leaf,10.0,,leafY,-33.0,,cm,78,2133.5999999999995
7,2026-08-18,74-3,74,B,leaf,10.0,,leafZ,126.0,,cm,78,2133.5999999999995
7,2026-08-18,74-3,74,B,leaf,10.0,,angle_from_vertical,57.0,,deg,78,2133.5999999999995
7,2026-08-18,74-3,74,B,leaf,11.0,,leafX,11.0,,cm,78,2133.5999999999995
7,2026-08-18,74-3,74,B,leaf,11.0,,leafY,-29.0,,cm,78,2133.5999999999995
7,2026-08-18,74-3,74,B,leaf,11.0,,leafZ,-62.0,,cm,78,2133.5999999999995
7,2026-08-18,74-3,74,B,leaf,11.0,,angle_from_vertical,61.0,,deg,78,2133.5999999999995
7,2026-08-18,74-3,74,B,leaf,12.0,,leafX,2.0,,cm,78,2133.5999999999995
7,2026-08-18,74-3,74,B,leaf,12.0,,leafY,-19.0,,cm,78,2133.5999999999995
7,2026-08-18,74-3,74,B,leaf,12.0,,leafZ,-175.0,,cm,78,2133.5999999999995
7,2026-08-18,74-3,74,B,leaf,12.0,,angle_from_vertical,71.0,,deg,78,2133.5999999999995
7,2026-08-18,74-3,74,B,leaf,13.0,,leafX,16.0,,cm,78,2133.5999999999995
7,2026-08-18,74-3,74,B,leaf,13.0,,leafY,-37.0,,cm,78,2133.5999999999995
7,2026-08-18,74-3,74,B,leaf,13.0,,leafZ,-77.0,,cm,78,2133.5999999999995
7,2026-08-18,74-3,74,B,leaf,13.0,,angle_from_vertical,53.0,,deg,78,2133.5999999999995
7,2026-08-18,74-4,74,B,leaf,1.0,,leafX,2.0,,cm,78,2133.5999999999995
7,2026-08-18,74-4,74,B,leaf,1.0,,leafY,-10.0,,cm,78,2133.5999999999995
7,2026-08-18,74-4,74,B,leaf,1.0,,leafZ,147.0,,cm,78,2133.5999999999995
7,2026-08-18,74-4,74,B,leaf,1.0,,angle_from_vertical,80.0,,deg,78,2133.5999999999995
7,2026-08-18,74-4,74,B,leaf,2.0,,leafX,0.0,,cm,78,2133.5999999999995
7,2026-08-18,74-4,74,B,leaf,2.0,,leafY,-5.0,,cm,78,2133.5999999999995
7,2026-08-18,74-4,74,B,leaf,2.0,,leafZ,-70.0,,cm,78,2133.5999999999995
7,2026-08-18,74-4,74,B,leaf,2.0,,angle_from_vertical,85.0,,deg,78,2133.5999999999995
7,2026-08-18,74-4,74,B,leaf,3.0,,leafX,6.0,,cm,78,2133.5999999999995
7,2026-08-18,74-4,74,B,leaf,3.0,,leafY,-29.0,,cm,78,2133.5999999999995
7,2026-08-18,74-4,74,B,leaf,3.0,,leafZ,138.0,,cm,78,2133.5999999999995
7,2026-08-18,74-4,74,B,leaf,3.0,,angle_from_vertical,61.0,,deg,78,2133.5999999999995
7,2026-08-18,74-4,74,B,leaf,4.0,,leafX,-3.0,,cm,78,2133.5999999999995
7,2026-08-18,74-4,74,B,leaf,4.0,,leafY,-41.0,,cm,78,2133.5999999999995
7,2026-08-18,74-4,74,B,leaf,4.0,,leafZ,-93.0,,cm,78,2133.5999999999995
7,2026-08-18,74-4,74,B,leaf,4.0,,angle_from_vertical,49.0,,deg,78,2133.5999999999995
7,2026-08-18,74-4,74,B,leaf,5.0,,leafX,-3.0,,cm,78,2133.5999999999995
7,2026-08-18,74-4,74,B,leaf,5.0,,leafY,-36.0,,cm,78,2133.5999999999995
7,2026-08-18,74-4,74,B,leaf,5.0,,leafZ,82.0,,cm,78,2133.5999999999995
7,2026-08-18,74-4,74,B,leaf,5.0,,angle_from_vertical,54.0,,deg,78,2133.5999999999995
7,2026-08-18,74-4,74,B,leaf,6.0,,leafX,-2.0,,cm,78,2133.5999999999995
7,2026-08-18,74-4,74,B,leaf,6.0,,leafY,-37.0,,cm,78,2133.5999999999995
7,2026-08-18,74-4,74,B,leaf,6.0,,leafZ,-33.0,,cm,78,2133.5999999999995
7,2026-08-18,74-4,74,B,leaf,6.0,,angle_from_vertical,53.0,,deg,78,2133.5999999999995
7,2026-08-18,74-4,74,B,leaf,7.0,,leafX,13.0,,cm,78,2133.5999999999995
7,2026-08-18,74-4,74,B,leaf,7.0,,leafY,-28.0,,cm,78,2133.5999999999995
7,2026-08-18,74-4,74,B,leaf,7.0,,leafZ,-169.0,,cm,78,2133.5999999999995
7,2026-08-18,74-4,74,B,leaf,7.0,,angle_from_vertical,62.0,,deg,78,2133.5999999999995
7,2026-08-18,74-4,74,B,leaf,8.0,,leafX,-5.0,,cm,78,2133.5999999999995
7,2026-08-18,74-4,74,B,leaf,8.0,,leafY,-34.0,,cm,78,2133.5999999999995
7,2026-08-18,74-4,74,B,leaf,8.0,,leafZ,-16.0,,cm,78,2133.5999999999995
7,2026-08-18,74-4,74,B,leaf,8.0,,angle_from_vertical,56.0,,deg,78,2133.5999999999995
7,2026-08-18,74-4,74,B,leaf,9.0,,leafX,16.0,,cm,78,2133.5999999999995
7,2026-08-18,74-4,74,B,leaf,9.0,,leafY,-40.0,,cm,78,2133.5999999999995
7,2026-08-18,74-4,74,B,leaf,9.0,,leafZ,107.0,,cm,78,2133.5999999999995
7,2026-08-18,74-4,74,B,leaf,9.0,,angle_from_vertical,50.0,,deg,78,2133.5999999999995
7,2026-08-18,74-4,74,B,leaf,10.0,,leafX,1.0,,cm,78,2133.5999999999995
7,2026-08-18,74-4,74,B,leaf,10.0,,leafY,-29.0,,cm,78,2133.5999999999995
7,2026-08-18,74-4,74,B,leaf,10.0,,leafZ,-89.0,,cm,78,2133.5999999999995
7,2026-08-18,74-4,74,B,leaf,10.0,,angle_from_vertical,61.0,,deg,78,2133.5999999999995
7,2026-08-18,74-4,74,B,leaf,11.0,,leafX,1.0,,cm,78,2133.5999999999995
7,2026-08-18,74-4,74,B,leaf,11.0,,leafY,-39.0,,cm,78,2133.5999999999995
7,2026-08-18,74-4,74,B,leaf,11.0,,leafZ,84.0,,cm,78,2133.5999999999995
7,2026-08-18,74-4,74,B,leaf,11.0,,angle_from_vertical,51.0,,deg,78,2133.5999999999995
7,2026-08-18,74-4,74,B,leaf,12.0,,leafX,0.0,,cm,78,2133.5999999999995
7,2026-08-18,74-4,74,B,leaf,12.0,,leafY,-49.0,,cm,78,2133.5999999999995
7,2026-08-18,74-4,74,B,leaf,12.0,,leafZ,-87.0,,cm,78,2133.5999999999995
7,2026-08-18,74-4,74,B,leaf,12.0,,angle_from_vertical,41.0,,deg,78,2133.5999999999995
7,2026-08-18,74-4,74,B,leaf,13.0,,leafX,3.0,,cm,78,2133.5999999999995
7,2026-08-18,74-4,74,B,leaf,13.0,,leafY,-4.0,,cm,78,2133.5999999999995
7,2026-08-18,74-4,74,B,leaf,13.0,,leafZ,143.0,,cm,78,2133.5999999999995
7,2026-08-18,74-4,74,B,leaf,13.0,,angle_from_vertical,86.0,,deg,78,2133.5999999999995
7,2026-08-18,74-4,74,B,leaf,14.0,,leafX,-2.0,,cm,78,2133.5999999999995
7,2026-08-18,74-4,74,B,leaf,14.0,,leafY,-23.0,,cm,78,2133.5999999999995
7,2026-08-18,74-4,74,B,leaf,14.0,,leafZ,52.0,,cm,78,2133.5999999999995
7,2026-08-18,74-4,74,B,leaf,14.0,,angle_from_vertical,67.0,,deg,78,2133.5999999999995
7,2026-08-18,74-5,74,B,leaf,1.0,,leafX,2.0,,cm,78,2133.5999999999995
7,2026-08-18,74-5,74,B,leaf,1.0,,leafY,0.0,,cm,78,2133.5999999999995
7,2026-08-18,74-5,74,B,leaf,1.0,,leafZ,-153.0,,cm,78,2133.5999999999995
7,2026-08-18,74-5,74,B,leaf,1.0,,angle_from_vertical,90.0,,deg,78,2133.5999999999995
7,2026-08-18,74-5,74,B,leaf,2.0,,leafX,-17.0,,cm,78,2133.5999999999995
7,2026-08-18,74-5,74,B,leaf,2.0,,leafY,-1.0,,cm,78,2133.5999999999995
7,2026-08-18,74-5,74,B,leaf,2.0,,leafZ,-27.0,,cm,78,2133.5999999999995
7,2026-08-18,74-5,74,B,leaf,2.0,,angle_from_vertical,89.0,,deg,78,2133.5999999999995
7,2026-08-18,74-5,74,B,leaf,3.0,,leafX,0.0,,cm,78,2133.5999999999995
7,2026-08-18,74-5,74,B,leaf,3.0,,leafY,-30.0,,cm,78,2133.5999999999995
7,2026-08-18,74-5,74,B,leaf,3.0,,leafZ,-60.0,,cm,78,2133.5999999999995
7,2026-08-18,74-5,74,B,leaf,3.0,,angle_from_vertical,60.0,,deg,78,2133.5999999999995
7,2026-08-18,74-5,74,B,leaf,4.0,,leafX,-6.0,,cm,78,2133.5999999999995
7,2026-08-18,74-5,74,B,leaf,4.0,,leafY,-45.0,,cm,78,2133.5999999999995
7,2026-08-18,74-5,74,B,leaf,4.0,,leafZ,88.0,,cm,78,2133.5999999999995
7,2026-08-18,74-5,74,B,leaf,4.0,,angle_from_vertical,45.0,,deg,78,2133.5999999999995
7,2026-08-18,74-5,74,B,leaf,5.0,,leafX,0.0,,cm,78,2133.5999999999995
7,2026-08-18,74-5,74,B,leaf,5.0,,leafY,-37.0,,cm,78,2133.5999999999995
7,2026-08-18,74-5,74,B,leaf,5.0,,leafZ,-50.0,,cm,78,2133.5999999999995
7,2026-08-18,74-5,74,B,leaf,5.0,,angle_from_vertical,53.0,,deg,78,2133.5999999999995
7,2026-08-18,74-5,74,B,leaf,6.0,,leafX,-3.0,,cm,78,2133.5999999999995
7,2026-08-18,74-5,74,B,leaf,6.0,,leafY,-45.0,,cm,78,2133.5999999999995
7,2026-08-18,74-5,74,B,leaf,6.0,,leafZ,110.0,,cm,78,2133.5999999999995
7,2026-08-18,74-5,74,B,leaf,6.0,,angle_from_vertical,45.0,,deg,78,2133.5999999999995
7,2026-08-18,74-5,74,B,leaf,7.0,,leafX,-7.0,,cm,78,2133.5999999999995
7,2026-08-18,74-5,74,B,leaf,7.0,,leafY,-42.0,,cm,78,2133.5999999999995
7,2026-08-18,74-5,74,B,leaf,7.0,,leafZ,-32.0,,cm,78,2133.5999999999995
7,2026-08-18,74-5,74,B,leaf,7.0,,angle_from_vertical,48.0,,deg,78,2133.5999999999995
7,2026-08-18,74-5,74,B,leaf,8.0,,leafX,0.0,,cm,78,2133.5999999999995
7,2026-08-18,74-5,74,B,leaf,8.0,,leafY,-43.0,,cm,78,2133.5999999999995
7,2026-08-18,74-5,74,B,leaf,8.0,,leafZ,158.0,,cm,78,2133.5999999999995
7,2026-08-18,74-5,74,B,leaf,8.0,,angle_from_vertical,47.0,,deg,78,2133.5999999999995
7,2026-08-18,74-5,74,B,leaf,9.0,,leafX,-10.0,,cm,78,2133.5999999999995
7,2026-08-18,74-5,74,B,leaf,9.0,,leafY,-44.0,,cm,78,2133.5999999999995
7,2026-08-18,74-5,74,B,leaf,9.0,,leafZ,-42.0,,cm,78,2133.5999999999995
7,2026-08-18,74-5,74,B,leaf,9.0,,angle_from_vertical,46.0,,deg,78,2133.5999999999995
7,2026-08-18,74-5,74,B,leaf,10.0,,leafX,5.0,,cm,78,2133.5999999999995
7,2026-08-18,74-5,74,B,leaf,10.0,,leafY,-50.0,,cm,78,2133.5999999999995
7,2026-08-18,74-5,74,B,leaf,10.0,,leafZ,104.0,,cm,78,2133.5999999999995
7,2026-08-18,74-5,74,B,leaf,10.0,,angle_from_vertical,40.0,,deg,78,2133.5999999999995
7,2026-08-18,74-5,74,B,leaf,11.0,,leafX,-11.0,,cm,78,2133.5999999999995
7,2026-08-18,74-5,74,B,leaf,11.0,,leafY,-32.0,,cm,78,2133.5999999999995
7,2026-08-18,74-5,74,B,leaf,11.0,,leafZ,-29.0,,cm,78,2133.5999999999995
7,2026-08-18,74-5,74,B,leaf,11.0,,angle_from_vertical,58.0,,deg,78,2133.5999999999995
7,2026-08-18,74-5,74,B,leaf,12.0,,leafX,12.0,,cm,78,2133.5999999999995
7,2026-08-18,74-5,74,B,leaf,12.0,,leafY,-38.0,,cm,78,2133.5999999999995
7,2026-08-18,74-5,74,B,leaf,12.0,,leafZ,93.0,,cm,78,2133.5999999999995
7,2026-08-18,74-5,74,B,leaf,12.0,,angle_from_vertical,52.0,,deg,78,2133.5999999999995
7,2026-08-18,74-5,74,B,leaf,13.0,,leafX,5.0,,cm,78,2133.5999999999995
7,2026-08-18,74-5,74,B,leaf,13.0,,leafY,-26.0,,cm,78,2133.5999999999995
7,2026-08-18,74-5,74,B,leaf,13.0,,leafZ,-5.0,,cm,78,2133.5999999999995
7,2026-08-18,74-5,74,B,leaf,13.0,,angle_from_vertical,64.0,,deg,78,2133.5999999999995
7,2026-08-18,74-5,74,B,leaf,14.0,,leafX,-15.0,,cm,78,2133.5999999999995
7,2026-08-18,74-5,74,B,leaf,14.0,,leafY,-33.0,,cm,78,2133.5999999999995
7,2026-08-18,74-5,74,B,leaf,14.0,,leafZ,-2.0,,cm,78,2133.5999999999995
7,2026-08-18,74-5,74,B,leaf,14.0,,angle_from_vertical,57.0,,deg,78,2133.5999999999995
7,2026-08-18,73-1,73,C,leaf,1.0,,leafX,-6.0,,cm,78,2133.5999999999995
7,2026-08-18,73-1,73,C,leaf,1.0,,leafY,-18.0,,cm,78,2133.5999999999995
7,2026-08-18,73-1,73,C,leaf,1.0,,leafZ,176.0,,cm,78,2133.5999999999995
7,2026-08-18,73-1,73,C,leaf,1.0,,angle_from_vertical,72.0,,deg,78,2133.5999999999995
7,2026-08-18,73-1,73,C,leaf,2.0,,leafX,38.0,,cm,78,2133.5999999999995
7,2026-08-18,73-1,73,C,leaf,2.0,,leafY,-62.0,,cm,78,2133.5999999999995
7,2026-08-18,73-1,73,C,leaf,2.0,,leafZ,74.0,,cm,78,2133.5999999999995
7,2026-08-18,73-1,73,C,leaf,2.0,,angle_from_vertical,28.0,,deg,78,2133.5999999999995
7,2026-08-18,73-1,73,C,leaf,3.0,,leafX,17.0,,cm,78,2133.5999999999995
7,2026-08-18,73-1,73,C,leaf,3.0,,leafY,-17.0,,cm,78,2133.5999999999995
7,2026-08-18,73-1,73,C,leaf,3.0,,leafZ,-165.0,,cm,78,2133.5999999999995
7,2026-08-18,73-1,73,C,leaf,3.0,,angle_from_vertical,73.0,,deg,78,2133.5999999999995
7,2026-08-18,73-1,73,C,leaf,4.0,,leafX,10.0,,cm,78,2133.5999999999995
7,2026-08-18,73-1,73,C,leaf,4.0,,leafY,-60.0,,cm,78,2133.5999999999995
7,2026-08-18,73-1,73,C,leaf,4.0,,leafZ,56.0,,cm,78,2133.5999999999995
7,2026-08-18,73-1,73,C,leaf,4.0,,angle_from_vertical,30.0,,deg,78,2133.5999999999995
7,2026-08-18,73-1,73,C,leaf,5.0,,leafX,0.0,,cm,78,2133.5999999999995
7,2026-08-18,73-1,73,C,leaf,5.0,,leafY,-21.0,,cm,78,2133.5999999999995
7,2026-08-18,73-1,73,C,leaf,5.0,,leafZ,-162.0,,cm,78,2133.5999999999995
7,2026-08-18,73-1,73,C,leaf,5.0,,angle_from_vertical,69.0,,deg,78,2133.5999999999995
7,2026-08-18,73-1,73,C,leaf,6.0,,leafX,12.0,,cm,78,2133.5999999999995
7,2026-08-18,73-1,73,C,leaf,6.0,,leafY,-25.0,,cm,78,2133.5999999999995
7,2026-08-18,73-1,73,C,leaf,6.0,,leafZ,-20.0,,cm,78,2133.5999999999995
7,2026-08-18,73-1,73,C,leaf,6.0,,angle_from_vertical,65.0,,deg,78,2133.5999999999995
7,2026-08-18,73-1,73,C,leaf,7.0,,leafX,-4.0,,cm,78,2133.5999999999995
7,2026-08-18,73-1,73,C,leaf,7.0,,leafY,-4.0,,cm,78,2133.5999999999995
7,2026-08-18,73-1,73,C,leaf,7.0,,leafZ,-166.0,,cm,78,2133.5999999999995
7,2026-08-18,73-1,73,C,leaf,7.0,,angle_from_vertical,86.0,,deg,78,2133.5999999999995
7,2026-08-18,73-1,73,C,leaf,8.0,,leafX,-4.0,,cm,78,2133.5999999999995
7,2026-08-18,73-1,73,C,leaf,8.0,,leafY,-36.0,,cm,78,2133.5999999999995
7,2026-08-18,73-1,73,C,leaf,8.0,,leafZ,-60.0,,cm,78,2133.5999999999995
7,2026-08-18,73-1,73,C,leaf,8.0,,angle_from_vertical,54.0,,deg,78,2133.5999999999995
7,2026-08-18,73-1,73,C,leaf,9.0,,leafX,-2.0,,cm,78,2133.5999999999995
7,2026-08-18,73-1,73,C,leaf,9.0,,leafY,-35.0,,cm,78,2133.5999999999995
7,2026-08-18,73-1,73,C,leaf,9.0,,leafZ,165.0,,cm,78,2133.5999999999995
7,2026-08-18,73-1,73,C,leaf,9.0,,angle_from_vertical,55.0,,deg,78,2133.5999999999995
7,2026-08-18,73-1,73,C,leaf,10.0,,leafX,-7.0,,cm,78,2133.5999999999995
7,2026-08-18,73-1,73,C,leaf,10.0,,leafY,-35.0,,cm,78,2133.5999999999995
7,2026-08-18,73-1,73,C,leaf,10.0,,leafZ,-1.8,,cm,78,2133.5999999999995
7,2026-08-18,73-1,73,C,leaf,10.0,,angle_from_vertical,55.0,,deg,78,2133.5999999999995
7,2026-08-18,73-1,73,C,leaf,11.0,,leafX,10.0,,cm,78,2133.5999999999995
7,2026-08-18,73-1,73,C,leaf,11.0,,leafY,-31.0,,cm,78,2133.5999999999995
7,2026-08-18,73-1,73,C,leaf,11.0,,leafZ,175.0,,cm,78,2133.5999999999995
7,2026-08-18,73-1,73,C,leaf,11.0,,angle_from_vertical,59.0,,deg,78,2133.5999999999995
7,2026-08-18,73-2,73,C,leaf,1.0,,leafX,14.0,,cm,78,2133.5999999999995
7,2026-08-18,73-2,73,C,leaf,1.0,,leafY,-12.0,,cm,78,2133.5999999999995
7,2026-08-18,73-2,73,C,leaf,1.0,,leafZ,-175.0,,cm,78,2133.5999999999995
7,2026-08-18,73-2,73,C,leaf,1.0,,angle_from_vertical,78.0,,deg,78,2133.5999999999995
7,2026-08-18,73-2,73,C,leaf,2.0,,leafX,-5.0,,cm,78,2133.5999999999995
7,2026-08-18,73-2,73,C,leaf,2.0,,leafY,-25.0,,cm,78,2133.5999999999995
7,2026-08-18,73-2,73,C,leaf,2.0,,leafZ,34.0,,cm,78,2133.5999999999995
7,2026-08-18,73-2,73,C,leaf,2.0,,angle_from_vertical,65.0,,deg,78,2133.5999999999995
7,2026-08-18,73-2,73,C,leaf,3.0,,leafX,5.0,,cm,78,2133.5999999999995
7,2026-08-18,73-2,73,C,leaf,3.0,,leafY,-35.0,,cm,78,2133.5999999999995
7,2026-08-18,73-2,73,C,leaf,3.0,,leafZ,173.0,,cm,78,2133.5999999999995
7,2026-08-18,73-2,73,C,leaf,3.0,,angle_from_vertical,55.0,,deg,78,2133.5999999999995
7,2026-08-18,73-2,73,C,leaf,4.0,,leafX,18.0,,cm,78,2133.5999999999995
7,2026-08-18,73-2,73,C,leaf,4.0,,leafY,-40.0,,cm,78,2133.5999999999995
7,2026-08-18,73-2,73,C,leaf,4.0,,leafZ,-21.0,,cm,78,2133.5999999999995
7,2026-08-18,73-2,73,C,leaf,4.0,,angle_from_vertical,50.0,,deg,78,2133.5999999999995
7,2026-08-18,73-2,73,C,leaf,5.0,,leafX,-4.0,,cm,78,2133.5999999999995
7,2026-08-18,73-2,73,C,leaf,5.0,,leafY,-36.0,,cm,78,2133.5999999999995
7,2026-08-18,73-2,73,C,leaf,5.0,,leafZ,146.0,,cm,78,2133.5999999999995
7,2026-08-18,73-2,73,C,leaf,5.0,,angle_from_vertical,54.0,,deg,78,2133.5999999999995
7,2026-08-18,73-2,73,C,leaf,6.0,,leafX,22.0,,cm,78,2133.5999999999995
7,2026-08-18,73-2,73,C,leaf,6.0,,leafY,-44.0,,cm,78,2133.5999999999995
7,2026-08-18,73-2,73,C,leaf,6.0,,leafZ,-18.0,,cm,78,2133.5999999999995
7,2026-08-18,73-2,73,C,leaf,6.0,,angle_from_vertical,46.0,,deg,78,2133.5999999999995
7,2026-08-18,73-2,73,C,leaf,7.0,,leafX,-12.0,,cm,78,2133.5999999999995
7,2026-08-18,73-2,73,C,leaf,7.0,,leafY,-33.0,,cm,78,2133.5999999999995
7,2026-08-18,73-2,73,C,leaf,7.0,,leafZ,158.0,,cm,78,2133.5999999999995
7,2026-08-18,73-2,73,C,leaf,7.0,,angle_from_vertical,57.0,,deg,78,2133.5999999999995
7,2026-08-18,73-2,73,C,leaf,8.0,,leafX,16.0,,cm,78,2133.5999999999995
7,2026-08-18,73-2,73,C,leaf,8.0,,leafY,-21.0,,cm,78,2133.5999999999995
7,2026-08-18,73-2,73,C,leaf,8.0,,leafZ,-25.0,,cm,78,2133.5999999999995
7,2026-08-18,73-2,73,C,leaf,8.0,,angle_from_vertical,69.0,,deg,78,2133.5999999999995
7,2026-08-18,73-2,73,C,leaf,9.0,,leafX,-6.0,,cm,78,2133.5999999999995
7,2026-08-18,73-2,73,C,leaf,9.0,,leafY,-39.0,,cm,78,2133.5999999999995
7,2026-08-18,73-2,73,C,leaf,9.0,,leafZ,161.0,,cm,78,2133.5999999999995
7,2026-08-18,73-2,73,C,leaf,9.0,,angle_from_vertical,51.0,,deg,78,2133.5999999999995
7,2026-08-18,73-2,73,C,leaf,10.0,,leafX,6.0,,cm,78,2133.5999999999995
7,2026-08-18,73-2,73,C,leaf,10.0,,leafY,-31.0,,cm,78,2133.5999999999995
7,2026-08-18,73-2,73,C,leaf,10.0,,leafZ,-43.0,,cm,78,2133.5999999999995
7,2026-08-18,73-2,73,C,leaf,10.0,,angle_from_vertical,59.0,,deg,78,2133.5999999999995
7,2026-08-18,73-2,73,C,leaf,11.0,,leafX,2.0,,cm,78,2133.5999999999995
7,2026-08-18,73-2,73,C,leaf,11.0,,leafY,-23.0,,cm,78,2133.5999999999995
7,2026-08-18,73-2,73,C,leaf,11.0,,leafZ,91.0,,cm,78,2133.5999999999995
7,2026-08-18,73-2,73,C,leaf,11.0,,angle_from_vertical,67.0,,deg,78,2133.5999999999995
7,2026-08-18,73-3,73,C,leaf,1.0,,leafX,3.0,,cm,78,2133.5999999999995
7,2026-08-18,73-3,73,C,leaf,1.0,,leafY,-23.0,,cm,78,2133.5999999999995
7,2026-08-18,73-3,73,C,leaf,1.0,,leafZ,92.0,,cm,78,2133.5999999999995
7,2026-08-18,73-3,73,C,leaf,1.0,,angle_from_vertical,67.0,,deg,78,2133.5999999999995
7,2026-08-18,73-3,73,C,leaf,2.0,,leafX,-12.0,,cm,78,2133.5999999999995
7,2026-08-18,73-3,73,C,leaf,2.0,,leafY,-36.0,,cm,78,2133.5999999999995
7,2026-08-18,73-3,73,C,leaf,2.0,,leafZ,-84.0,,cm,78,2133.5999999999995
7,2026-08-18,73-3,73,C,leaf,2.0,,angle_from_vertical,54.0,,deg,78,2133.5999999999995
7,2026-08-18,73-3,73,C,leaf,3.0,,leafX,5.0,,cm,78,2133.5999999999995
7,2026-08-18,73-3,73,C,leaf,3.0,,leafY,-30.0,,cm,78,2133.5999999999995
7,2026-08-18,73-3,73,C,leaf,3.0,,leafZ,83.0,,cm,78,2133.5999999999995
7,2026-08-18,73-3,73,C,leaf,3.0,,angle_from_vertical,60.0,,deg,78,2133.5999999999995
7,2026-08-18,73-3,73,C,leaf,4.0,,leafX,-3.0,,cm,78,2133.5999999999995
7,2026-08-18,73-3,73,C,leaf,4.0,,leafY,-43.0,,cm,78,2133.5999999999995
7,2026-08-18,73-3,73,C,leaf,4.0,,leafZ,-99.0,,cm,78,2133.5999999999995
7,2026-08-18,73-3,73,C,leaf,4.0,,angle_from_vertical,47.0,,deg,78,2133.5999999999995
7,2026-08-18,73-3,73,C,leaf,5.0,,leafX,2.0,,cm,78,2133.5999999999995
7,2026-08-18,73-3,73,C,leaf,5.0,,leafY,-27.0,,cm,78,2133.5999999999995
7,2026-08-18,73-3,73,C,leaf,5.0,,leafZ,127.0,,cm,78,2133.5999999999995
7,2026-08-18,73-3,73,C,leaf,5.0,,angle_from_vertical,63.0,,deg,78,2133.5999999999995
7,2026-08-18,73-3,73,C,leaf,6.0,,leafX,-28.0,,cm,78,2133.5999999999995
7,2026-08-18,73-3,73,C,leaf,6.0,,leafY,-35.0,,cm,78,2133.5999999999995
7,2026-08-18,73-3,73,C,leaf,6.0,,leafZ,-168.0,,cm,78,2133.5999999999995
7,2026-08-18,73-3,73,C,leaf,6.0,,angle_from_vertical,55.0,,deg,78,2133.5999999999995
7,2026-08-18,73-3,73,C,leaf,7.0,,leafX,6.0,,cm,78,2133.5999999999995
7,2026-08-18,73-3,73,C,leaf,7.0,,leafY,-56.0,,cm,78,2133.5999999999995
7,2026-08-18,73-3,73,C,leaf,7.0,,leafZ,45.0,,cm,78,2133.5999999999995
7,2026-08-18,73-3,73,C,leaf,7.0,,angle_from_vertical,34.0,,deg,78,2133.5999999999995
7,2026-08-18,73-3,73,C,leaf,8.0,,leafX,4.0,,cm,78,2133.5999999999995
7,2026-08-18,73-3,73,C,leaf,8.0,,leafY,-38.0,,cm,78,2133.5999999999995
7,2026-08-18,73-3,73,C,leaf,8.0,,leafZ,-153.0,,cm,78,2133.5999999999995
7,2026-08-18,73-3,73,C,leaf,8.0,,angle_from_vertical,52.0,,deg,78,2133.5999999999995
7,2026-08-18,73-3,73,C,leaf,9.0,,leafX,16.0,,cm,78,2133.5999999999995
7,2026-08-18,73-3,73,C,leaf,9.0,,leafY,-36.0,,cm,78,2133.5999999999995
7,2026-08-18,73-3,73,C,leaf,9.0,,leafZ,0.0,,cm,78,2133.5999999999995
7,2026-08-18,73-3,73,C,leaf,9.0,,angle_from_vertical,54.0,,deg,78,2133.5999999999995
7,2026-08-18,73-3,73,C,leaf,10.0,,leafX,-15.0,,cm,78,2133.5999999999995
7,2026-08-18,73-3,73,C,leaf,10.0,,leafY,-45.0,,cm,78,2133.5999999999995
7,2026-08-18,73-3,73,C,leaf,10.0,,leafZ,-165.0,,cm,78,2133.5999999999995
7,2026-08-18,73-3,73,C,leaf,10.0,,angle_from_vertical,45.0,,deg,78,2133.5999999999995
7,2026-08-18,73-3,73,C,leaf,11.0,,leafX,6.0,,cm,78,2133.5999999999995
7,2026-08-18,73-3,73,C,leaf,11.0,,leafY,-40.0,,cm,78,2133.5999999999995
7,2026-08-18,73-3,73,C,leaf,11.0,,leafZ,30.0,,cm,78,2133.5999999999995
7,2026-08-18,73-3,73,C,leaf,11.0,,angle_from_vertical,50.0,,deg,78,2133.5999999999995
7,2026-08-18,73-4,73,C,leaf,1.0,,leafX,8.0,,cm,78,2133.5999999999995
7,2026-08-18,73-4,73,C,leaf,1.0,,leafY,-4.0,,cm,78,2133.5999999999995
7,2026-08-18,73-4,73,C,leaf,1.0,,leafZ,72.0,,cm,78,2133.5999999999995
7,2026-08-18,73-4,73,C,leaf,1.0,,angle_from_vertical,86.0,,deg,78,2133.5999999999995
7,2026-08-18,73-4,73,C,leaf,2.0,,leafX,-19.0,,cm,78,2133.5999999999995
7,2026-08-18,73-4,73,C,leaf,2.0,,leafY,-39.0,,cm,78,2133.5999999999995
7,2026-08-18,73-4,73,C,leaf,2.0,,leafZ,-82.0,,cm,78,2133.5999999999995
7,2026-08-18,73-4,73,C,leaf,2.0,,angle_from_vertical,51.0,,deg,78,2133.5999999999995
7,2026-08-18,73-4,73,C,leaf,3.0,,leafX,-2.0,,cm,78,2133.5999999999995
7,2026-08-18,73-4,73,C,leaf,3.0,,leafY,-30.0,,cm,78,2133.5999999999995
7,2026-08-18,73-4,73,C,leaf,3.0,,leafZ,25.0,,cm,78,2133.5999999999995
7,2026-08-18,73-4,73,C,leaf,3.0,,angle_from_vertical,60.0,,deg,78,2133.5999999999995
7,2026-08-18,73-4,73,C,leaf,4.0,,leafX,-11.0,,cm,78,2133.5999999999995
7,2026-08-18,73-4,73,C,leaf,4.0,,leafY,-38.0,,cm,78,2133.5999999999995
7,2026-08-18,73-4,73,C,leaf,4.0,,leafZ,-132.0,,cm,78,2133.5999999999995
7,2026-08-18,73-4,73,C,leaf,4.0,,angle_from_vertical,52.0,,deg,78,2133.5999999999995
7,2026-08-18,73-4,73,C,leaf,5.0,,leafX,5.0,,cm,78,2133.5999999999995
7,2026-08-18,73-4,73,C,leaf,5.0,,leafY,-31.0,,cm,78,2133.5999999999995
7,2026-08-18,73-4,73,C,leaf,5.0,,leafZ,6.0,,cm,78,2133.5999999999995
7,2026-08-18,73-4,73,C,leaf,5.0,,angle_from_vertical,59.0,,deg,78,2133.5999999999995
7,2026-08-18,73-4,73,C,leaf,6.0,,leafX,-9.0,,cm,78,2133.5999999999995
7,2026-08-18,73-4,73,C,leaf,6.0,,leafY,-34.0,,cm,78,2133.5999999999995
7,2026-08-18,73-4,73,C,leaf,6.0,,leafZ,-139.0,,cm,78,2133.5999999999995
7,2026-08-18,73-4,73,C,leaf,6.0,,angle_from_vertical,56.0,,deg,78,2133.5999999999995
7,2026-08-18,73-4,73,C,leaf,7.0,,leafX,10.0,,cm,78,2133.5999999999995
7,2026-08-18,73-4,73,C,leaf,7.0,,leafY,-33.0,,cm,78,2133.5999999999995
7,2026-08-18,73-4,73,C,leaf,7.0,,leafZ,13.0,,cm,78,2133.5999999999995
7,2026-08-18,73-4,73,C,leaf,7.0,,angle_from_vertical,57.0,,deg,78,2133.5999999999995
7,2026-08-18,73-4,73,C,leaf,8.0,,leafX,-12.0,,cm,78,2133.5999999999995
7,2026-08-18,73-4,73,C,leaf,8.0,,leafY,-43.0,,cm,78,2133.5999999999995
7,2026-08-18,73-4,73,C,leaf,8.0,,leafZ,-136.0,,cm,78,2133.5999999999995
7,2026-08-18,73-4,73,C,leaf,8.0,,angle_from_vertical,47.0,,deg,78,2133.5999999999995
7,2026-08-18,73-4,73,C,leaf,9.0,,leafX,-12.0,,cm,78,2133.5999999999995
7,2026-08-18,73-4,73,C,leaf,9.0,,leafY,-43.0,,cm,78,2133.5999999999995
7,2026-08-18,73-4,73,C,leaf,9.0,,leafZ,-136.0,,cm,78,2133.5999999999995
7,2026-08-18,73-4,73,C,leaf,9.0,,angle_from_vertical,47.0,,deg,78,2133.5999999999995
7,2026-08-18,73-4,73,C,leaf,10.0,,leafX,0.0,,cm,78,2133.5999999999995
7,2026-08-18,73-4,73,C,leaf,10.0,,leafY,-41.0,,cm,78,2133.5999999999995
7,2026-08-18,73-4,73,C,leaf,10.0,,leafZ,26.0,,cm,78,2133.5999999999995
7,2026-08-18,73-4,73,C,leaf,10.0,,angle_from_vertical,49.0,,deg,78,2133.5999999999995
7,2026-08-18,73-4,73,C,leaf,11.0,,leafX,-6.0,,cm,78,2133.5999999999995
7,2026-08-18,73-4,73,C,leaf,11.0,,leafY,-31.0,,cm,78,2133.5999999999995
7,2026-08-18,73-4,73,C,leaf,11.0,,leafZ,-114.0,,cm,78,2133.5999999999995
7,2026-08-18,73-4,73,C,leaf,11.0,,angle_from_vertical,59.0,,deg,78,2133.5999999999995
7,2026-08-18,73-4,73,C,leaf,12.0,,leafX,19.0,,cm,78,2133.5999999999995
7,2026-08-18,73-4,73,C,leaf,12.0,,leafY,-32.0,,cm,78,2133.5999999999995
7,2026-08-18,73-4,73,C,leaf,12.0,,leafZ,17.0,,cm,78,2133.5999999999995
7,2026-08-18,73-4,73,C,leaf,12.0,,angle_from_vertical,58.0,,deg,78,2133.5999999999995
7,2026-08-18,73-4,73,C,leaf,13.0,,leafX,2.0,,cm,78,2133.5999999999995
7,2026-08-18,73-4,73,C,leaf,13.0,,leafY,-34.0,,cm,78,2133.5999999999995
7,2026-08-18,73-4,73,C,leaf,13.0,,leafZ,-96.0,,cm,78,2133.5999999999995
7,2026-08-18,73-4,73,C,leaf,13.0,,angle_from_vertical,56.0,,deg,78,2133.5999999999995
7,2026-08-18,73-4,73,C,leaf,14.0,,leafX,4.0,,cm,78,2133.5999999999995
7,2026-08-18,73-4,73,C,leaf,14.0,,leafY,-35.0,,cm,78,2133.5999999999995
7,2026-08-18,73-4,73,C,leaf,14.0,,leafZ,-18.0,,cm,78,2133.5999999999995
7,2026-08-18,73-4,73,C,leaf,14.0,,angle_from_vertical,55.0,,deg,78,2133.5999999999995
7,2026-08-18,73-4,73,C,leaf,15.0,,leafX,4.0,,cm,78,2133.5999999999995
7,2026-08-18,73-4,73,C,leaf,15.0,,leafY,-30.0,,cm,78,2133.5999999999995
7,2026-08-18,73-4,73,C,leaf,15.0,,leafZ,-162.0,,cm,78,2133.5999999999995
7,2026-08-18,73-4,73,C,leaf,15.0,,angle_from_vertical,60.0,,deg,78,2133.5999999999995
7,2026-08-18,73-4,73,C,leaf,16.0,,leafX,4.0,,cm,78,2133.5999999999995
7,2026-08-18,73-4,73,C,leaf,16.0,,leafY,-30.0,,cm,78,2133.5999999999995
7,2026-08-18,73-4,73,C,leaf,16.0,,leafZ,87.0,,cm,78,2133.5999999999995
7,2026-08-18,73-4,73,C,leaf,16.0,,angle_from_vertical,60.0,,deg,78,2133.5999999999995
7,2026-08-18,73-5,73,C,leaf,1.0,,leafX,-8.0,,cm,78,2133.5999999999995
7,2026-08-18,73-5,73,C,leaf,1.0,,leafY,-50.0,,cm,78,2133.5999999999995
7,2026-08-18,73-5,73,C,leaf,1.0,,leafZ,168.0,,cm,78,2133.5999999999995
7,2026-08-18,73-5,73,C,leaf,1.0,,angle_from_vertical,40.0,,deg,78,2133.5999999999995
7,2026-08-18,73-5,73,C,leaf,2.0,,leafX,1.0,,cm,78,2133.5999999999995
7,2026-08-18,73-5,73,C,leaf,2.0,,leafY,-28.0,,cm,78,2133.5999999999995
7,2026-08-18,73-5,73,C,leaf,2.0,,leafZ,-37.0,,cm,78,2133.5999999999995
7,2026-08-18,73-5,73,C,leaf,2.0,,angle_from_vertical,62.0,,deg,78,2133.5999999999995
7,2026-08-18,73-5,73,C,leaf,3.0,,leafX,-4.0,,cm,78,2133.5999999999995
7,2026-08-18,73-5,73,C,leaf,3.0,,leafY,-53.0,,cm,78,2133.5999999999995
7,2026-08-18,73-5,73,C,leaf,3.0,,leafZ,174.0,,cm,78,2133.5999999999995
7,2026-08-18,73-5,73,C,leaf,3.0,,angle_from_vertical,37.0,,deg,78,2133.5999999999995
7,2026-08-18,73-5,73,C,leaf,4.0,,leafX,7.0,,cm,78,2133.5999999999995
7,2026-08-18,73-5,73,C,leaf,4.0,,leafY,-26.0,,cm,78,2133.5999999999995
7,2026-08-18,73-5,73,C,leaf,4.0,,leafZ,-15.0,,cm,78,2133.5999999999995
7,2026-08-18,73-5,73,C,leaf,4.0,,angle_from_vertical,64.0,,deg,78,2133.5999999999995
7,2026-08-18,73-5,73,C,leaf,5.0,,leafX,-12.0,,cm,78,2133.5999999999995
7,2026-08-18,73-5,73,C,leaf,5.0,,leafY,-43.0,,cm,78,2133.5999999999995
7,2026-08-18,73-5,73,C,leaf,5.0,,leafZ,117.0,,cm,78,2133.5999999999995
7,2026-08-18,73-5,73,C,leaf,5.0,,angle_from_vertical,47.0,,deg,78,2133.5999999999995
7,2026-08-18,73-5,73,C,leaf,6.0,,leafX,7.0,,cm,78,2133.5999999999995
7,2026-08-18,73-5,73,C,leaf,6.0,,leafY,-41.0,,cm,78,2133.5999999999995
7,2026-08-18,73-5,73,C,leaf,6.0,,leafZ,-10.0,,cm,78,2133.5999999999995
7,2026-08-18,73-5,73,C,leaf,6.0,,angle_from_vertical,49.0,,deg,78,2133.5999999999995
7,2026-08-18,73-5,73,C,leaf,7.0,,leafX,-8.0,,cm,78,2133.5999999999995
7,2026-08-18,73-5,73,C,leaf,7.0,,leafY,-40.0,,cm,78,2133.5999999999995
7,2026-08-18,73-5,73,C,leaf,7.0,,leafZ,-176.0,,cm,78,2133.5999999999995
7,2026-08-18,73-5,73,C,leaf,7.0,,angle_from_vertical,50.0,,deg,78,2133.5999999999995
7,2026-08-18,73-5,73,C,leaf,8.0,,leafX,3.0,,cm,78,2133.5999999999995
7,2026-08-18,73-5,73,C,leaf,8.0,,leafY,-39.0,,cm,78,2133.5999999999995
7,2026-08-18,73-5,73,C,leaf,8.0,,leafZ,136.0,,cm,78,2133.5999999999995
7,2026-08-18,73-5,73,C,leaf,8.0,,angle_from_vertical,51.0,,deg,78,2133.5999999999995
7,2026-08-18,73-5,73,C,leaf,9.0,,leafX,-11.0,,cm,78,2133.5999999999995
7,2026-08-18,73-5,73,C,leaf,9.0,,leafY,-35.0,,cm,78,2133.5999999999995
7,2026-08-18,73-5,73,C,leaf,9.0,,leafZ,-21.0,,cm,78,2133.5999999999995
7,2026-08-18,73-5,73,C,leaf,9.0,,angle_from_vertical,55.0,,deg,78,2133.5999999999995
7,2026-08-18,73-5,73,C,leaf,10.0,,leafX,0.0,,cm,78,2133.5999999999995
7,2026-08-18,73-5,73,C,leaf,10.0,,leafY,-32.0,,cm,78,2133.5999999999995
7,2026-08-18,73-5,73,C,leaf,10.0,,leafZ,140.0,,cm,78,2133.5999999999995
7,2026-08-18,73-5,73,C,leaf,10.0,,angle_from_vertical,58.0,,deg,78,2133.5999999999995
7,2026-08-18,73-5,73,C,leaf,11.0,,leafX,-8.0,,cm,78,2133.5999999999995
7,2026-08-18,73-5,73,C,leaf,11.0,,leafY,-33.0,,cm,78,2133.5999999999995
7,2026-08-18,73-5,73,C,leaf,11.0,,leafZ,5.0,,cm,78,2133.5999999999995
7,2026-08-18,73-5,73,C,leaf,11.0,,angle_from_vertical,57.0,,deg,78,2133.5999999999995
7,2026-08-18,73-5,73,C,leaf,12.0,,leafX,5.0,,cm,78,2133.5999999999995
7,2026-08-18,73-5,73,C,leaf,12.0,,leafY,-29.0,,cm,78,2133.5999999999995
7,2026-08-18,73-5,73,C,leaf,12.0,,leafZ,149.0,,cm,78,2133.5999999999995
7,2026-08-18,73-5,73,C,leaf,12.0,,angle_from_vertical,61.0,,deg,78,2133.5999999999995
7,2026-08-18,73-5,73,C,leaf,13.0,,leafX,-4.0,,cm,78,2133.5999999999995
7,2026-08-18,73-5,73,C,leaf,13.0,,leafY,-22.0,,cm,78,2133.5999999999995
7,2026-08-18,73-5,73,C,leaf,13.0,,leafZ,-17.0,,cm,78,2133.5999999999995
7,2026-08-18,73-5,73,C,leaf,13.0,,angle_from_vertical,68.0,,deg,78,2133.5999999999995
7,2026-08-18,73-5,73,C,leaf,14.0,,leafX,20.0,,cm,78,2133.5999999999995
7,2026-08-18,73-5,73,C,leaf,14.0,,leafY,-30.0,,cm,78,2133.5999999999995
7,2026-08-18,73-5,73,C,leaf,14.0,,leafZ,-129.0,,cm,78,2133.5999999999995
7,2026-08-18,73-5,73,C,leaf,14.0,,angle_from_vertical,60.0,,deg,78,2133.5999999999995
7,2026-08-18,73-5,73,C,leaf,15.0,,leafX,7.0,,cm,78,2133.5999999999995
7,2026-08-18,73-5,73,C,leaf,15.0,,leafY,-23.0,,cm,78,2133.5999999999995
7,2026-08-18,73-5,73,C,leaf,15.0,,leafZ,14.0,,cm,78,2133.5999999999995
7,2026-08-18,73-5,73,C,leaf,15.0,,angle_from_vertical,67.0,,deg,78,2133.5999999999995
7,2026-08-18,75-1,75,A,plant,,,tiller_number,5,,count,78,2133.5999999999995
7,2026-08-18,75-2,75,A,plant,,,tiller_number,2,,count,78,2133.5999999999995
7,2026-08-18,75-3,75,A,plant,,,tiller_number,1,,count,78,2133.5999999999995
7,2026-08-18,75-4,75,A,plant,,,tiller_number,1,,count,78,2133.5999999999995
7,2026-08-18,75-5,75,A,plant,,,tiller_number,2,,count,78,2133.5999999999995
7,2026-08-18,74-1,74,B,plant,,,tiller_number,1,,count,78,2133.5999999999995
7,2026-08-18,74-2,74,B,plant,,,tiller_number,0,,count,78,2133.5999999999995
7,2026-08-18,74-3,74,B,plant,,,tiller_number,3,,count,78,2133.5999999999995
7,2026-08-18,74-4,74,B,plant,,,tiller_number,4,,count,78,2133.5999999999995
7,2026-08-18,74-5,74,B,plant,,,tiller_number,1,,count,78,2133.5999999999995
7,2026-08-18,73-1,73,C,plant,,,tiller_number,1,,count,78,2133.5999999999995
7,2026-08-18,73-2,73,C,plant,,,tiller_number,1,,count,78,2133.5999999999995
7,2026-08-18,73-3,73,C,plant,,,tiller_number,0,,count,78,2133.5999999999995
7,2026-08-18,73-4,73,C,plant,,,tiller_number,2,,count,78,2133.5999999999995
7,2026-08-18,73-5,73,C,plant,,,tiller_number,3,,count,78,2133.5999999999995
7,2026-08-18,75-1,75,A,tiller,,1.0,num_leaves,17.0,,count,78,2133.5999999999995
7,2026-08-18,75-1,75,A,tiller,,1.0,tiller_x_angle,172.0,,deg,78,2133.5999999999995
7,2026-08-18,75-1,75,A,tiller,,1.0,tiller_y_angle,-81.0,,deg,78,2133.5999999999995
7,2026-08-18,75-1,75,A,tiller,,1.0,tiller_z_angle,-100.0,,deg,78,2133.5999999999995
7,2026-08-18,75-1,75,A,tiller,,2.0,num_leaves,13.0,,count,78,2133.5999999999995
7,2026-08-18,75-1,75,A,tiller,,2.0,tiller_x_angle,-85.0,,deg,78,2133.5999999999995
7,2026-08-18,75-1,75,A,tiller,,2.0,tiller_y_angle,-71.0,,deg,78,2133.5999999999995
7,2026-08-18,75-1,75,A,tiller,,2.0,tiller_z_angle,157.0,,deg,78,2133.5999999999995
7,2026-08-18,75-1,75,A,tiller,,3.0,num_leaves,13.0,,count,78,2133.5999999999995
7,2026-08-18,75-1,75,A,tiller,,3.0,tiller_x_angle,-27.0,,deg,78,2133.5999999999995
7,2026-08-18,75-1,75,A,tiller,,3.0,tiller_y_angle,-81.0,,deg,78,2133.5999999999995
7,2026-08-18,75-1,75,A,tiller,,3.0,tiller_z_angle,147.0,,deg,78,2133.5999999999995
7,2026-08-18,75-1,75,A,tiller,,4.0,num_leaves,15.0,,count,78,2133.5999999999995
7,2026-08-18,75-1,75,A,tiller,,4.0,tiller_x_angle,30.0,,deg,78,2133.5999999999995
7,2026-08-18,75-1,75,A,tiller,,4.0,tiller_y_angle,-89.0,,deg,78,2133.5999999999995
7,2026-08-18,75-1,75,A,tiller,,4.0,tiller_z_angle,29.0,,deg,78,2133.5999999999995
7,2026-08-18,75-1,75,A,tiller,,5.0,num_leaves,12.0,,count,78,2133.5999999999995
7,2026-08-18,75-1,75,A,tiller,,5.0,tiller_x_angle,75.0,,deg,78,2133.5999999999995
7,2026-08-18,75-1,75,A,tiller,,5.0,tiller_y_angle,-75.0,,deg,78,2133.5999999999995
7,2026-08-18,75-1,75,A,tiller,,5.0,tiller_z_angle,0.0,,deg,78,2133.5999999999995
7,2026-08-18,75-2,75,A,tiller,,1.0,num_leaves,11.0,,count,78,2133.5999999999995
7,2026-08-18,75-2,75,A,tiller,,1.0,tiller_x_angle,-66.0,,deg,78,2133.5999999999995
7,2026-08-18,75-2,75,A,tiller,,1.0,tiller_y_angle,-86.0,,deg,78,2133.5999999999995
7,2026-08-18,75-2,75,A,tiller,,1.0,tiller_z_angle,137.0,,deg,78,2133.5999999999995
7,2026-08-18,75-2,75,A,tiller,,2.0,num_leaves,12.0,,count,78,2133.5999999999995
7,2026-08-18,75-2,75,A,tiller,,2.0,tiller_x_angle,-49.0,,deg,78,2133.5999999999995
7,2026-08-18,75-2,75,A,tiller,,2.0,tiller_y_angle,-83.0,,deg,78,2133.5999999999995
7,2026-08-18,75-2,75,A,tiller,,2.0,tiller_z_angle,123.0,,deg,78,2133.5999999999995
7,2026-08-18,75-2,75,A,tiller,,3.0,num_leaves,3.0,,count,78,2133.5999999999995
7,2026-08-18,75-3,75,A,tiller,,1.0,num_leaves,11.0,,count,78,2133.5999999999995
7,2026-08-18,75-3,75,A,tiller,,1.0,tiller_x_angle,-94.0,,deg,78,2133.5999999999995
7,2026-08-18,75-3,75,A,tiller,,1.0,tiller_y_angle,-82.0,,deg,78,2133.5999999999995
7,2026-08-18,75-3,75,A,tiller,,1.0,tiller_z_angle,168.0,,deg,78,2133.5999999999995
7,2026-08-18,75-4,75,A,tiller,,1.0,num_leaves,12.0,,count,78,2133.5999999999995
7,2026-08-18,75-4,75,A,tiller,,1.0,tiller_x_angle,-69.0,,deg,78,2133.5999999999995
7,2026-08-18,75-4,75,A,tiller,,1.0,tiller_y_angle,-84.0,,deg,78,2133.5999999999995
7,2026-08-18,75-4,75,A,tiller,,1.0,tiller_z_angle,147.0,,deg,78,2133.5999999999995
7,2026-08-18,75-5,75,A,tiller,,1.0,num_leaves,11.0,,count,78,2133.5999999999995
7,2026-08-18,75-5,75,A,tiller,,1.0,tiller_x_angle,-61.0,,deg,78,2133.5999999999995
7,2026-08-18,75-5,75,A,tiller,,1.0,tiller_y_angle,-75.0,,deg,78,2133.5999999999995
7,2026-08-18,75-5,75,A,tiller,,1.0,tiller_z_angle,136.0,,deg,78,2133.5999999999995
7,2026-08-18,75-5,75,A,tiller,,2.0,num_leaves,15.0,,count,78,2133.5999999999995
7,2026-08-18,75-5,75,A,tiller,,2.0,tiller_x_angle,23.0,,deg,78,2133.5999999999995
7,2026-08-18,75-5,75,A,tiller,,2.0,tiller_y_angle,-78.0,,deg,78,2133.5999999999995
7,2026-08-18,75-5,75,A,tiller,,2.0,tiller_z_angle,10.0,,deg,78,2133.5999999999995
7,2026-08-18,74-1,74,B,tiller,,1.0,num_leaves,2.0,,count,78,2133.5999999999995
7,2026-08-18,74-1,74,B,tiller,,1.0,tiller_x_angle,92.0,,deg,78,2133.5999999999995
7,2026-08-18,74-1,74,B,tiller,,1.0,tiller_y_angle,-83.0,,deg,78,2133.5999999999995
7,2026-08-18,74-1,74,B,tiller,,1.0,tiller_z_angle,-16.0,,deg,78,2133.5999999999995
7,2026-08-18,74-3,74,B,tiller,,1.0,num_leaves,5.0,,count,78,2133.5999999999995
7,2026-08-18,74-3,74,B,tiller,,1.0,tiller_x_angle,170.0,,deg,78,2133.5999999999995
7,2026-08-18,74-3,74,B,tiller,,1.0,tiller_y_angle,-69.0,,deg,78,2133.5999999999995
7,2026-08-18,74-3,74,B,tiller,,1.0,tiller_z_angle,-93.0,,deg,78,2133.5999999999995
7,2026-08-18,74-3,74,B,tiller,,2.0,num_leaves,4.0,,count,78,2133.5999999999995
7,2026-08-18,74-3,74,B,tiller,,2.0,tiller_x_angle,-86.0,,deg,78,2133.5999999999995
7,2026-08-18,74-3,74,B,tiller,,2.0,tiller_y_angle,-85.0,,deg,78,2133.5999999999995
7,2026-08-18,74-3,74,B,tiller,,2.0,tiller_z_angle,164.0,,deg,78,2133.5999999999995
7,2026-08-18,74-3,74,B,tiller,,3.0,num_leaves,2.0,,count,78,2133.5999999999995
7,2026-08-18,74-3,74,B,tiller,,3.0,tiller_x_angle,-25.0,,deg,78,2133.5999999999995
7,2026-08-18,74-3,74,B,tiller,,3.0,tiller_y_angle,-74.0,,deg,78,2133.5999999999995
7,2026-08-18,74-3,74,B,tiller,,3.0,tiller_z_angle,109.0,,deg,78,2133.5999999999995
7,2026-08-18,74-4,74,B,tiller,,3.0,num_leaves,3.0,,count,78,2133.5999999999995
7,2026-08-18,74-4,74,B,tiller,,3.0,tiller_x_angle,-49.0,,deg,78,2133.5999999999995
7,2026-08-18,74-4,74,B,tiller,,3.0,tiller_y_angle,-75.0,,deg,78,2133.5999999999995
7,2026-08-18,74-4,74,B,tiller,,3.0,tiller_z_angle,126.0,,deg,78,2133.5999999999995
7,2026-08-18,74-4,74,B,tiller,,4.0,num_leaves,8.0,,count,78,2133.5999999999995
7,2026-08-18,74-4,74,B,tiller,,4.0,tiller_x_angle,2.0,,deg,78,2133.5999999999995
7,2026-08-18,74-4,74,B,tiller,,4.0,tiller_y_angle,-86.0,,deg,78,2133.5999999999995
7,2026-08-18,74-4,74,B,tiller,,4.0,tiller_z_angle,81.0,,deg,78,2133.5999999999995
7,2026-08-18,74-5,74,B,tiller,,1.0,num_leaves,2.0,,count,78,2133.5999999999995
7,2026-08-18,74-5,74,B,tiller,,1.0,tiller_x_angle,-64.0,,deg,78,2133.5999999999995
7,2026-08-18,74-5,74,B,tiller,,1.0,tiller_y_angle,-50.0,,deg,78,2133.5999999999995
7,2026-08-18,74-5,74,B,tiller,,1.0,tiller_z_angle,140.0,,deg,78,2133.5999999999995
7,2026-08-18,73-1,73,C,tiller,,1.0,num_leaves,12.0,,count,78,2133.5999999999995
7,2026-08-18,73-1,73,C,tiller,,1.0,tiller_x_angle,165.0,,deg,78,2133.5999999999995
7,2026-08-18,73-1,73,C,tiller,,1.0,tiller_y_angle,-72.0,,deg,78,2133.5999999999995
7,2026-08-18,73-1,73,C,tiller,,1.0,tiller_z_angle,-89.0,,deg,78,2133.5999999999995
7,2026-08-18,73-2,73,C,tiller,,1.0,num_leaves,13.0,,count,78,2133.5999999999995
7,2026-08-18,73-2,73,C,tiller,,1.0,tiller_x_angle,85.0,,deg,78,2133.5999999999995
7,2026-08-18,73-2,73,C,tiller,,1.0,tiller_y_angle,-74.0,,deg,78,2133.5999999999995
7,2026-08-18,73-2,73,C,tiller,,1.0,tiller_z_angle,-10.0,,deg,78,2133.5999999999995
7,2026-08-18,73-4,73,C,tiller,,2.0,num_leaves,4.0,,count,78,2133.5999999999995
7,2026-08-18,73-4,73,C,tiller,,2.0,tiller_x_angle,-54.0,,deg,78,2133.5999999999995
7,2026-08-18,73-4,73,C,tiller,,2.0,tiller_y_angle,-80.0,,deg,78,2133.5999999999995
7,2026-08-18,73-4,73,C,tiller,,2.0,tiller_z_angle,137.0,,deg,78,2133.5999999999995
7,2026-08-18,73-5,73,C,tiller,,1.0,num_leaves,13.0,,count,78,2133.5999999999995
7,2026-08-18,73-5,73,C,tiller,,1.0,tiller_x_angle,-80.0,,deg,78,2133.5999999999995
7,2026-08-18,73-5,73,C,tiller,,1.0,tiller_y_angle,-70.0,,deg,78,2133.5999999999995
7,2026-08-18,73-5,73,C,tiller,,1.0,tiller_z_angle,156.0,,deg,78,2133.5999999999995
7,2026-08-18,73-5,73,C,tiller,,2.0,num_leaves,14.0,,count,78,2133.5999999999995
7,2026-08-18,73-5,73,C,tiller,,2.0,tiller_x_angle,-18.0,,deg,78,2133.5999999999995
7,2026-08-18,73-5,73,C,tiller,,2.0,tiller_y_angle,-65.0,,deg,78,2133.5999999999995
7,2026-08-18,73-5,73,C,tiller,,2.0,tiller_z_angle,57.0,,deg,78,2133.5999999999995
7,2026-08-18,73-5,73,C,tiller,,3.0,num_leaves,5.0,,count,78,2133.5999999999995
7,2026-08-18,73-5,73,C,tiller,,3.0,tiller_x_angle,53.0,,deg,78,2133.5999999999995
7,2026-08-18,73-5,73,C,tiller,,3.0,tiller_y_angle,-63.0,,deg,78,2133.5999999999995
7,2026-08-18,73-5,73,C,tiller,,3.0,tiller_z_angle,-9.0,,deg,78,2133.5999999999995
7,2026-08-18,73-5,73,C,plant,,,height_cm,221.0,,cm,78,2133.5999999999995
7,2026-08-18,73-5,73,C,plant,,,panicle_emerged,True,,,78,2133.5999999999995
7,2026-08-18,73-5,73,C,plant,,,panicle_len_cm,21.0,,cm,78,2133.5999999999995
7,2026-08-18,73-5,73,C,plant,,,panicle_wid_cm,6.5,,cm,78,2133.5999999999995
7,2026-08-18,73-4,73,C,plant,,,height_cm,221.0,,cm,78,2133.5999999999995
7,2026-08-18,73-4,73,C,plant,,,panicle_emerged,True,,,78,2133.5999999999995
7,2026-08-18,73-4,73,C,plant,,,panicle_len_cm,20.0,,cm,78,2133.5999999999995
7,2026-08-18,73-4,73,C,plant,,,panicle_wid_cm,7.0,,cm,78,2133.5999999999995
7,2026-08-18,73-3,73,C,plant,,,height_cm,175.0,,cm,78,2133.5999999999995
7,2026-08-18,73-3,73,C,plant,,,panicle_emerged,True,,,78,2133.5999999999995
7,2026-08-18,73-3,73,C,plant,,,panicle_len_cm,18.0,,cm,78,2133.5999999999995
7,2026-08-18,73-3,73,C,plant,,,panicle_wid_cm,6.0,,cm,78,2133.5999999999995
7,2026-08-18,73-2,73,C,plant,,,height_cm,210.0,,cm,78,2133.5999999999995
7,2026-08-18,73-2,73,C,plant,,,panicle_emerged,True,,,78,2133.5999999999995
7,2026-08-18,73-2,73,C,plant,,,panicle_len_cm,18.0,,cm,78,2133.5999999999995
7,2026-08-18,73-2,73,C,plant,,,panicle_wid_cm,5.0,,cm,78,2133.5999999999995
7,2026-08-18,73-1,73,C,plant,,,height_cm,201.0,,cm,78,2133.5999999999995
7,2026-08-18,73-1,73,C,plant,,,panicle_emerged,True,,,78,2133.5999999999995
7,2026-08-18,73-1,73,C,plant,,,panicle_len_cm,21.0,,cm,78,2133.5999999999995
7,2026-08-18,73-1,73,C,plant,,,panicle_wid_cm,6.0,,cm,78,2133.5999999999995
7,2026-08-18,74-5,74,B,plant,,,height_cm,236.0,,cm,78,2133.5999999999995
7,2026-08-18,74-5,74,B,plant,,,panicle_emerged,False,,,78,2133.5999999999995
7,2026-08-18,74-4,74,B,plant,,,height_cm,235.0,,cm,78,2133.5999999999995
7,2026-08-18,74-4,74,B,plant,,,panicle_emerged,True,,,78,2133.5999999999995
7,2026-08-18,74-4,74,B,plant,,,panicle_len_cm,15.0,,cm,78,2133.5999999999995
7,2026-08-18,74-4,74,B,plant,,,panicle_wid_cm,1.5,,cm,78,2133.5999999999995
7,2026-08-18,74-3,74,B,plant,,,height_cm,234.0,,cm,78,2133.5999999999995
7,2026-08-18,74-3,74,B,plant,,,panicle_emerged,True,,,78,2133.5999999999995
7,2026-08-18,74-3,74,B,plant,,,panicle_len_cm,14.0,,cm,78,2133.5999999999995
7,2026-08-18,74-3,74,B,plant,,,panicle_wid_cm,1.0,,cm,78,2133.5999999999995
7,2026-08-18,74-2,74,B,plant,,,height_cm,231.5,,cm,78,2133.5999999999995
7,2026-08-18,74-2,74,B,plant,,,panicle_emerged,True,,,78,2133.5999999999995
7,2026-08-18,74-2,74,B,plant,,,panicle_len_cm,16.0,,cm,78,2133.5999999999995
7,2026-08-18,74-2,74,B,plant,,,panicle_wid_cm,1.25,,cm,78,2133.5999999999995
7,2026-08-18,74-1,74,B,plant,,,height_cm,250.0,,cm,78,2133.5999999999995
7,2026-08-18,74-1,74,B,plant,,,panicle_emerged,True,,,78,2133.5999999999995
7,2026-08-18,74-1,74,B,plant,,,panicle_len_cm,20.0,,cm,78,2133.5999999999995
7,2026-08-18,74-1,74,B,plant,,,panicle_wid_cm,2.0,,cm,78,2133.5999999999995
7,2026-08-18,75-5,75,A,plant,,,height_cm,163.0,,cm,78,2133.5999999999995
7,2026-08-18,75-5,75,A,plant,,,panicle_emerged,False,,,78,2133.5999999999995
7,2026-08-18,75-4,75,A,plant,,,height_cm,144.0,,cm,78,2133.5999999999995
7,2026-08-18,75-4,75,A,plant,,,panicle_emerged,False,,,78,2133.5999999999995
7,2026-08-18,75-3,75,A,plant,,,height_cm,161.0,,cm,78,2133.5999999999995
7,2026-08-18,75-3,75,A,plant,,,panicle_emerged,False,,,78,2133.5999999999995
7,2026-08-18,75-2,75,A,plant,,,height_cm,153.0,,cm,78,2133.5999999999995
7,2026-08-18,75-2,75,A,plant,,,panicle_emerged,False,,,78,2133.5999999999995
7,2026-08-18,75-1,75,A,plant,,,height_cm,152.0,,cm,78,2133.5999999999995
7,2026-08-18,75-1,75,A,plant,,,panicle_emerged,False,,,78,2133.5999999999995
8,2026-08-25,75-1,75,A,internode,1.0,,seg_length_cm,54.0,,cm,85,2320.35
8,2026-08-25,75-1,75,A,internode,1.0,,dia_sheath_mm,45.0,,mm,85,2320.35
8,2026-08-25,75-1,75,A,internode,1.0,,dia_perp_mm,37.0,,mm,85,2320.35
8,2026-08-25,75-1,75,A,internode,2.0,,seg_length_cm,2.0,,cm,85,2320.35
8,2026-08-25,75-1,75,A,internode,2.0,,dia_sheath_mm,46.0,,mm,85,2320.35
8,2026-08-25,75-1,75,A,internode,2.0,,dia_perp_mm,36.0,,mm,85,2320.35
8,2026-08-25,75-1,75,A,internode,3.0,,seg_length_cm,1.0,,cm,85,2320.35
8,2026-08-25,75-1,75,A,internode,3.0,,dia_sheath_mm,47.0,,mm,85,2320.35
8,2026-08-25,75-1,75,A,internode,3.0,,dia_perp_mm,34.0,,mm,85,2320.35
8,2026-08-25,75-1,75,A,internode,4.0,,seg_length_cm,1.0,,cm,85,2320.35
8,2026-08-25,75-1,75,A,internode,4.0,,dia_sheath_mm,39.0,,mm,85,2320.35
8,2026-08-25,75-1,75,A,internode,4.0,,dia_perp_mm,32.0,,mm,85,2320.35
8,2026-08-25,75-1,75,A,internode,5.0,,seg_length_cm,2.0,,cm,85,2320.35
8,2026-08-25,75-1,75,A,internode,5.0,,dia_sheath_mm,35.0,,mm,85,2320.35
8,2026-08-25,75-1,75,A,internode,5.0,,dia_perp_mm,31.0,,mm,85,2320.35
8,2026-08-25,75-1,75,A,internode,6.0,,seg_length_cm,2.5,,cm,85,2320.35
8,2026-08-25,75-1,75,A,internode,6.0,,dia_sheath_mm,32.0,,mm,85,2320.35
8,2026-08-25,75-1,75,A,internode,6.0,,dia_perp_mm,29.0,,mm,85,2320.35
8,2026-08-25,75-1,75,A,internode,7.0,,seg_length_cm,4.0,,cm,85,2320.35
8,2026-08-25,75-1,75,A,internode,7.0,,dia_sheath_mm,30.0,,mm,85,2320.35
8,2026-08-25,75-1,75,A,internode,7.0,,dia_perp_mm,26.0,,mm,85,2320.35
8,2026-08-25,75-1,75,A,internode,8.0,,seg_length_cm,11.0,,cm,85,2320.35
8,2026-08-25,75-1,75,A,internode,8.0,,dia_sheath_mm,26.0,,mm,85,2320.35
8,2026-08-25,75-1,75,A,internode,8.0,,dia_perp_mm,20.0,,mm,85,2320.35
8,2026-08-25,75-1,75,A,internode,9.0,,seg_length_cm,8.0,,cm,85,2320.35
8,2026-08-25,75-1,75,A,internode,9.0,,dia_sheath_mm,22.0,,mm,85,2320.35
8,2026-08-25,75-1,75,A,internode,9.0,,dia_perp_mm,16.0,,mm,85,2320.35
8,2026-08-25,75-1,75,A,internode,10.0,,seg_length_cm,7.0,,cm,85,2320.35
8,2026-08-25,75-1,75,A,internode,10.0,,dia_sheath_mm,17.0,,mm,85,2320.35
8,2026-08-25,75-1,75,A,internode,10.0,,dia_perp_mm,13.0,,mm,85,2320.35
8,2026-08-25,74-1,74,B,internode,1.0,,seg_length_cm,57.0,,cm,85,2320.35
8,2026-08-25,74-1,74,B,internode,1.0,,dia_sheath_mm,23.0,,mm,85,2320.35
8,2026-08-25,74-1,74,B,internode,1.0,,dia_perp_mm,23.0,,mm,85,2320.35
8,2026-08-25,74-1,74,B,internode,2.0,,seg_length_cm,15.0,,cm,85,2320.35
8,2026-08-25,74-1,74,B,internode,2.0,,dia_sheath_mm,24.0,,mm,85,2320.35
8,2026-08-25,74-1,74,B,internode,2.0,,dia_perp_mm,23.0,,mm,85,2320.35
8,2026-08-25,74-1,74,B,internode,3.0,,seg_length_cm,21.0,,cm,85,2320.35
8,2026-08-25,74-1,74,B,internode,3.0,,dia_sheath_mm,23.0,,mm,85,2320.35
8,2026-08-25,74-1,74,B,internode,3.0,,dia_perp_mm,23.0,,mm,85,2320.35
8,2026-08-25,74-1,74,B,internode,4.0,,seg_length_cm,16.0,,cm,85,2320.35
8,2026-08-25,74-1,74,B,internode,4.0,,dia_sheath_mm,23.0,,mm,85,2320.35
8,2026-08-25,74-1,74,B,internode,4.0,,dia_perp_mm,24.0,,mm,85,2320.35
8,2026-08-25,74-1,74,B,internode,5.0,,seg_length_cm,12.0,,cm,85,2320.35
8,2026-08-25,74-1,74,B,internode,5.0,,dia_sheath_mm,24.0,,mm,85,2320.35
8,2026-08-25,74-1,74,B,internode,5.0,,dia_perp_mm,23.0,,mm,85,2320.35
8,2026-08-25,74-1,74,B,internode,6.0,,seg_length_cm,14.0,,cm,85,2320.35
8,2026-08-25,74-1,74,B,internode,6.0,,dia_sheath_mm,22.0,,mm,85,2320.35
8,2026-08-25,74-1,74,B,internode,6.0,,dia_perp_mm,21.0,,mm,85,2320.35
8,2026-08-25,74-1,74,B,internode,7.0,,seg_length_cm,10.0,,cm,85,2320.35
8,2026-08-25,74-1,74,B,internode,7.0,,dia_sheath_mm,20.0,,mm,85,2320.35
8,2026-08-25,74-1,74,B,internode,7.0,,dia_perp_mm,20.0,,mm,85,2320.35
8,2026-08-25,74-1,74,B,internode,8.0,,seg_length_cm,9.0,,cm,85,2320.35
8,2026-08-25,74-1,74,B,internode,8.0,,dia_sheath_mm,19.0,,mm,85,2320.35
8,2026-08-25,74-1,74,B,internode,8.0,,dia_perp_mm,19.0,,mm,85,2320.35
8,2026-08-25,74-1,74,B,internode,9.0,,seg_length_cm,10.5,,cm,85,2320.35
8,2026-08-25,74-1,74,B,internode,9.0,,dia_sheath_mm,18.0,,mm,85,2320.35
8,2026-08-25,74-1,74,B,internode,9.0,,dia_perp_mm,18.0,,mm,85,2320.35
8,2026-08-25,74-1,74,B,internode,10.0,,seg_length_cm,8.0,,cm,85,2320.35
8,2026-08-25,74-1,74,B,internode,10.0,,dia_sheath_mm,18.0,,mm,85,2320.35
8,2026-08-25,74-1,74,B,internode,10.0,,dia_perp_mm,17.0,,mm,85,2320.35
8,2026-08-25,74-1,74,B,internode,11.0,,seg_length_cm,9.0,,cm,85,2320.35
8,2026-08-25,74-1,74,B,internode,11.0,,dia_sheath_mm,17.0,,mm,85,2320.35
8,2026-08-25,74-1,74,B,internode,11.0,,dia_perp_mm,16.0,,mm,85,2320.35
8,2026-08-25,74-1,74,B,internode,12.0,,seg_length_cm,14.0,,cm,85,2320.35
8,2026-08-25,74-1,74,B,internode,12.0,,dia_sheath_mm,15.0,,mm,85,2320.35
8,2026-08-25,74-1,74,B,internode,12.0,,dia_perp_mm,14.0,,mm,85,2320.35
8,2026-08-25,74-1,74,B,internode,13.0,,seg_length_cm,14.0,,cm,85,2320.35
8,2026-08-25,74-1,74,B,internode,13.0,,dia_sheath_mm,12.0,,mm,85,2320.35
8,2026-08-25,74-1,74,B,internode,13.0,,dia_perp_mm,12.0,,mm,85,2320.35
8,2026-08-25,74-1,74,B,internode,14.0,,seg_length_cm,19.0,,cm,85,2320.35
8,2026-08-25,74-1,74,B,internode,14.0,,dia_sheath_mm,10.0,,mm,85,2320.35
8,2026-08-25,74-1,74,B,internode,14.0,,dia_perp_mm,10.0,,mm,85,2320.35
8,2026-08-25,73-1,73,C,internode,1.0,,seg_length_cm,19.0,,cm,85,2320.35
8,2026-08-25,73-1,73,C,internode,1.0,,dia_sheath_mm,21.0,,mm,85,2320.35
8,2026-08-25,73-1,73,C,internode,1.0,,dia_perp_mm,20.0,,mm,85,2320.35
8,2026-08-25,73-1,73,C,internode,2.0,,seg_length_cm,5.0,,cm,85,2320.35
8,2026-08-25,73-1,73,C,internode,2.0,,dia_sheath_mm,21.0,,mm,85,2320.35
8,2026-08-25,73-1,73,C,internode,2.0,,dia_perp_mm,19.0,,mm,85,2320.35
8,2026-08-25,73-1,73,C,internode,3.0,,seg_length_cm,7.0,,cm,85,2320.35
8,2026-08-25,73-1,73,C,internode,3.0,,dia_sheath_mm,20.0,,mm,85,2320.35
8,2026-08-25,73-1,73,C,internode,3.0,,dia_perp_mm,18.0,,mm,85,2320.35
8,2026-08-25,73-1,73,C,internode,4.0,,seg_length_cm,11.0,,cm,85,2320.35
8,2026-08-25,73-1,73,C,internode,4.0,,dia_sheath_mm,17.0,,mm,85,2320.35
8,2026-08-25,73-1,73,C,internode,4.0,,dia_perp_mm,16.0,,mm,85,2320.35
8,2026-08-25,73-1,73,C,internode,5.0,,seg_length_cm,16.5,,cm,85,2320.35
8,2026-08-25,73-1,73,C,internode,5.0,,dia_sheath_mm,16.0,,mm,85,2320.35
8,2026-08-25,73-1,73,C,internode,5.0,,dia_perp_mm,14.0,,mm,85,2320.35
8,2026-08-25,73-1,73,C,internode,6.0,,seg_length_cm,14.0,,cm,85,2320.35
8,2026-08-25,73-1,73,C,internode,6.0,,dia_sheath_mm,15.0,,mm,85,2320.35
8,2026-08-25,73-1,73,C,internode,6.0,,dia_perp_mm,14.0,,mm,85,2320.35
8,2026-08-25,73-1,73,C,internode,7.0,,seg_length_cm,18.0,,cm,85,2320.35
8,2026-08-25,73-1,73,C,internode,7.0,,dia_sheath_mm,14.0,,mm,85,2320.35
8,2026-08-25,73-1,73,C,internode,7.0,,dia_perp_mm,14.0,,mm,85,2320.35
8,2026-08-25,73-1,73,C,internode,8.0,,seg_length_cm,14.0,,cm,85,2320.35
8,2026-08-25,73-1,73,C,internode,8.0,,dia_sheath_mm,14.0,,mm,85,2320.35
8,2026-08-25,73-1,73,C,internode,8.0,,dia_perp_mm,13.0,,mm,85,2320.35
8,2026-08-25,73-1,73,C,internode,9.0,,seg_length_cm,13.0,,cm,85,2320.35
8,2026-08-25,73-1,73,C,internode,9.0,,dia_sheath_mm,18.0,,mm,85,2320.35
8,2026-08-25,73-1,73,C,internode,9.0,,dia_perp_mm,16.0,,mm,85,2320.35
8,2026-08-25,73-1,73,C,internode,10.0,,seg_length_cm,6.0,,cm,85,2320.35
8,2026-08-25,73-1,73,C,internode,10.0,,dia_sheath_mm,20.0,,mm,85,2320.35
8,2026-08-25,73-1,73,C,internode,10.0,,dia_perp_mm,16.0,,mm,85,2320.35
8,2026-08-25,73-1,73,C,internode,11.0,,seg_length_cm,13.5,,cm,85,2320.35
8,2026-08-25,73-1,73,C,internode,11.0,,dia_sheath_mm,22.0,,mm,85,2320.35
8,2026-08-25,73-1,73,C,internode,11.0,,dia_perp_mm,13.0,,mm,85,2320.35
8,2026-08-25,73-1,73,C,internode,12.0,,seg_length_cm,27.0,,cm,85,2320.35
8,2026-08-25,73-1,73,C,internode,12.0,,dia_sheath_mm,12.0,,mm,85,2320.35
8,2026-08-25,73-1,73,C,internode,12.0,,dia_perp_mm,10.0,,mm,85,2320.35
8,2026-08-25,73-1,73,C,internode,13.0,,seg_length_cm,2.0,,cm,85,2320.35
8,2026-08-25,73-1,73,C,internode,13.0,,dia_sheath_mm,9.0,,mm,85,2320.35
8,2026-08-25,73-1,73,C,internode,13.0,,dia_perp_mm,10.0,,mm,85,2320.35
8,2026-08-25,74-2,74,B,internode,1.0,,seg_length_cm,53.0,,cm,85,2320.35
8,2026-08-25,74-2,74,B,internode,1.0,,dia_sheath_mm,23.0,,mm,85,2320.35
8,2026-08-25,74-2,74,B,internode,1.0,,dia_perp_mm,21.0,,mm,85,2320.35
8,2026-08-25,74-2,74,B,internode,2.0,,seg_length_cm,18.0,,cm,85,2320.35
8,2026-08-25,74-2,74,B,internode,2.0,,dia_sheath_mm,26.0,,mm,85,2320.35
8,2026-08-25,74-2,74,B,internode,2.0,,dia_perp_mm,22.0,,mm,85,2320.35
8,2026-08-25,74-2,74,B,internode,3.0,,seg_length_cm,20.0,,cm,85,2320.35
8,2026-08-25,74-2,74,B,internode,3.0,,dia_sheath_mm,25.0,,mm,85,2320.35
8,2026-08-25,74-2,74,B,internode,3.0,,dia_perp_mm,20.0,,mm,85,2320.35
8,2026-08-25,74-2,74,B,internode,4.0,,seg_length_cm,16.0,,cm,85,2320.35
8,2026-08-25,74-2,74,B,internode,4.0,,dia_sheath_mm,23.0,,mm,85,2320.35
8,2026-08-25,74-2,74,B,internode,4.0,,dia_perp_mm,21.0,,mm,85,2320.35
8,2026-08-25,74-2,74,B,internode,5.0,,seg_length_cm,14.5,,cm,85,2320.35
8,2026-08-25,74-2,74,B,internode,5.0,,dia_sheath_mm,21.0,,mm,85,2320.35
8,2026-08-25,74-2,74,B,internode,5.0,,dia_perp_mm,18.0,,mm,85,2320.35
8,2026-08-25,74-2,74,B,internode,6.0,,seg_length_cm,13.5,,cm,85,2320.35
8,2026-08-25,74-2,74,B,internode,6.0,,dia_sheath_mm,19.0,,mm,85,2320.35
8,2026-08-25,74-2,74,B,internode,6.0,,dia_perp_mm,18.0,,mm,85,2320.35
8,2026-08-25,74-2,74,B,internode,7.0,,seg_length_cm,12.5,,cm,85,2320.35
8,2026-08-25,74-2,74,B,internode,7.0,,dia_sheath_mm,18.0,,mm,85,2320.35
8,2026-08-25,74-2,74,B,internode,7.0,,dia_perp_mm,18.0,,mm,85,2320.35
8,2026-08-25,74-2,74,B,internode,8.0,,seg_length_cm,11.0,,cm,85,2320.35
8,2026-08-25,74-2,74,B,internode,8.0,,dia_sheath_mm,17.0,,mm,85,2320.35
8,2026-08-25,74-2,74,B,internode,8.0,,dia_perp_mm,18.0,,mm,85,2320.35
8,2026-08-25,74-2,74,B,internode,9.0,,seg_length_cm,8.0,,cm,85,2320.35
8,2026-08-25,74-2,74,B,internode,9.0,,dia_sheath_mm,15.0,,mm,85,2320.35
8,2026-08-25,74-2,74,B,internode,9.0,,dia_perp_mm,15.0,,mm,85,2320.35
8,2026-08-25,74-2,74,B,internode,10.0,,seg_length_cm,7.0,,cm,85,2320.35
8,2026-08-25,74-2,74,B,internode,10.0,,dia_sheath_mm,15.0,,mm,85,2320.35
8,2026-08-25,74-2,74,B,internode,10.0,,dia_perp_mm,14.0,,mm,85,2320.35
8,2026-08-25,74-2,74,B,internode,11.0,,seg_length_cm,13.0,,cm,85,2320.35
8,2026-08-25,74-2,74,B,internode,11.0,,dia_sheath_mm,15.0,,mm,85,2320.35
8,2026-08-25,74-2,74,B,internode,11.0,,dia_perp_mm,12.0,,mm,85,2320.35
8,2026-08-25,74-2,74,B,internode,12.0,,seg_length_cm,15.0,,cm,85,2320.35
8,2026-08-25,74-2,74,B,internode,12.0,,dia_sheath_mm,11.0,,mm,85,2320.35
8,2026-08-25,74-2,74,B,internode,12.0,,dia_perp_mm,10.0,,mm,85,2320.35
8,2026-08-25,74-2,74,B,internode,13.0,,seg_length_cm,21.5,,cm,85,2320.35
8,2026-08-25,74-2,74,B,internode,13.0,,dia_sheath_mm,9.0,,mm,85,2320.35
8,2026-08-25,74-2,74,B,internode,13.0,,dia_perp_mm,8.0,,mm,85,2320.35
8,2026-08-25,73-2,73,C,internode,1.0,,seg_length_cm,21.0,,cm,85,2320.35
8,2026-08-25,73-2,73,C,internode,1.0,,dia_sheath_mm,19.0,,mm,85,2320.35
8,2026-08-25,73-2,73,C,internode,1.0,,dia_perp_mm,18.0,,mm,85,2320.35
8,2026-08-25,73-2,73,C,internode,2.0,,seg_length_cm,7.0,,cm,85,2320.35
8,2026-08-25,73-2,73,C,internode,2.0,,dia_sheath_mm,21.0,,mm,85,2320.35
8,2026-08-25,73-2,73,C,internode,2.0,,dia_perp_mm,18.0,,mm,85,2320.35
8,2026-08-25,73-2,73,C,internode,3.0,,seg_length_cm,9.0,,cm,85,2320.35
8,2026-08-25,73-2,73,C,internode,3.0,,dia_sheath_mm,20.0,,mm,85,2320.35
8,2026-08-25,73-2,73,C,internode,3.0,,dia_perp_mm,17.0,,mm,85,2320.35
8,2026-08-25,73-2,73,C,internode,4.0,,seg_length_cm,13.0,,cm,85,2320.35
8,2026-08-25,73-2,73,C,internode,4.0,,dia_sheath_mm,17.0,,mm,85,2320.35
8,2026-08-25,73-2,73,C,internode,4.0,,dia_perp_mm,15.0,,mm,85,2320.35
8,2026-08-25,73-2,73,C,internode,5.0,,seg_length_cm,17.5,,cm,85,2320.35
8,2026-08-25,73-2,73,C,internode,5.0,,dia_sheath_mm,15.0,,mm,85,2320.35
8,2026-08-25,73-2,73,C,internode,5.0,,dia_perp_mm,15.0,,mm,85,2320.35
8,2026-08-25,73-2,73,C,internode,6.0,,seg_length_cm,17.0,,cm,85,2320.35
8,2026-08-25,73-2,73,C,internode,6.0,,dia_sheath_mm,16.0,,mm,85,2320.35
8,2026-08-25,73-2,73,C,internode,6.0,,dia_perp_mm,15.0,,mm,85,2320.35
8,2026-08-25,73-2,73,C,internode,7.0,,seg_length_cm,16.0,,cm,85,2320.35
8,2026-08-25,73-2,73,C,internode,7.0,,dia_sheath_mm,14.0,,mm,85,2320.35
8,2026-08-25,73-2,73,C,internode,7.0,,dia_perp_mm,15.0,,mm,85,2320.35
8,2026-08-25,73-2,73,C,internode,8.0,,seg_length_cm,14.0,,cm,85,2320.35
8,2026-08-25,73-2,73,C,internode,8.0,,dia_sheath_mm,14.0,,mm,85,2320.35
8,2026-08-25,73-2,73,C,internode,8.0,,dia_perp_mm,15.0,,mm,85,2320.35
8,2026-08-25,73-2,73,C,internode,9.0,,seg_length_cm,14.5,,cm,85,2320.35
8,2026-08-25,73-2,73,C,internode,9.0,,dia_sheath_mm,15.0,,mm,85,2320.35
8,2026-08-25,73-2,73,C,internode,9.0,,dia_perp_mm,17.0,,mm,85,2320.35
8,2026-08-25,73-2,73,C,internode,10.0,,seg_length_cm,15.0,,cm,85,2320.35
8,2026-08-25,73-2,73,C,internode,10.0,,dia_sheath_mm,13.0,,mm,85,2320.35
8,2026-08-25,73-2,73,C,internode,10.0,,dia_perp_mm,15.0,,mm,85,2320.35
8,2026-08-25,73-2,73,C,internode,11.0,,seg_length_cm,27.0,,cm,85,2320.35
8,2026-08-25,73-2,73,C,internode,11.0,,dia_sheath_mm,11.0,,mm,85,2320.35
8,2026-08-25,73-2,73,C,internode,11.0,,dia_perp_mm,11.0,,mm,85,2320.35
8,2026-08-25,75-2,75,A,internode,1.0,,seg_length_cm,62.0,,cm,85,2320.35
8,2026-08-25,75-2,75,A,internode,1.0,,dia_sheath_mm,39.0,,mm,85,2320.35
8,2026-08-25,75-2,75,A,internode,1.0,,dia_perp_mm,33.0,,mm,85,2320.35
8,2026-08-25,75-2,75,A,internode,2.0,,seg_length_cm,3.0,,cm,85,2320.35
8,2026-08-25,75-2,75,A,internode,2.0,,dia_sheath_mm,38.0,,mm,85,2320.35
8,2026-08-25,75-2,75,A,internode,2.0,,dia_perp_mm,31.0,,mm,85,2320.35
8,2026-08-25,75-2,75,A,internode,3.0,,seg_length_cm,4.5,,cm,85,2320.35
8,2026-08-25,75-2,75,A,internode,3.0,,dia_sheath_mm,37.0,,mm,85,2320.35
8,2026-08-25,75-2,75,A,internode,3.0,,dia_perp_mm,36.0,,mm,85,2320.35
8,2026-08-25,75-2,75,A,internode,4.0,,seg_length_cm,1.0,,cm,85,2320.35
8,2026-08-25,75-2,75,A,internode,4.0,,dia_sheath_mm,33.0,,mm,85,2320.35
8,2026-08-25,75-2,75,A,internode,4.0,,dia_perp_mm,29.0,,mm,85,2320.35
8,2026-08-25,75-2,75,A,internode,5.0,,seg_length_cm,1.5,,cm,85,2320.35
8,2026-08-25,75-2,75,A,internode,5.0,,dia_sheath_mm,37.0,,mm,85,2320.35
8,2026-08-25,75-2,75,A,internode,5.0,,dia_perp_mm,27.0,,mm,85,2320.35
8,2026-08-25,75-2,75,A,internode,6.0,,seg_length_cm,6.5,,cm,85,2320.35
8,2026-08-25,75-2,75,A,internode,6.0,,dia_sheath_mm,31.0,,mm,85,2320.35
8,2026-08-25,75-2,75,A,internode,6.0,,dia_perp_mm,25.0,,mm,85,2320.35
8,2026-08-25,75-2,75,A,internode,7.0,,seg_length_cm,6.0,,cm,85,2320.35
8,2026-08-25,75-2,75,A,internode,7.0,,dia_sheath_mm,29.0,,mm,85,2320.35
8,2026-08-25,75-2,75,A,internode,7.0,,dia_perp_mm,22.0,,mm,85,2320.35
8,2026-08-25,75-2,75,A,internode,8.0,,seg_length_cm,6.5,,cm,85,2320.35
8,2026-08-25,75-2,75,A,internode,8.0,,dia_sheath_mm,19.0,,mm,85,2320.35
8,2026-08-25,75-2,75,A,internode,8.0,,dia_perp_mm,17.0,,mm,85,2320.35
8,2026-08-25,75-2,75,A,internode,9.0,,seg_length_cm,3.0,,cm,85,2320.35
8,2026-08-25,75-2,75,A,internode,9.0,,dia_sheath_mm,17.0,,mm,85,2320.35
8,2026-08-25,75-2,75,A,internode,9.0,,dia_perp_mm,13.0,,mm,85,2320.35
8,2026-08-25,74-3,74,B,internode,1.0,,seg_length_cm,57.0,,cm,85,2320.35
8,2026-08-25,74-3,74,B,internode,1.0,,dia_sheath_mm,19.0,,mm,85,2320.35
8,2026-08-25,74-3,74,B,internode,1.0,,dia_perp_mm,17.0,,mm,85,2320.35
8,2026-08-25,74-3,74,B,internode,2.0,,seg_length_cm,21.0,,cm,85,2320.35
8,2026-08-25,74-3,74,B,internode,2.0,,dia_sheath_mm,18.0,,mm,85,2320.35
8,2026-08-25,74-3,74,B,internode,2.0,,dia_perp_mm,17.0,,mm,85,2320.35
8,2026-08-25,74-3,74,B,internode,3.0,,seg_length_cm,19.0,,cm,85,2320.35
8,2026-08-25,74-3,74,B,internode,3.0,,dia_sheath_mm,20.0,,mm,85,2320.35
8,2026-08-25,74-3,74,B,internode,3.0,,dia_perp_mm,18.0,,mm,85,2320.35
8,2026-08-25,74-3,74,B,internode,4.0,,seg_length_cm,13.0,,cm,85,2320.35
8,2026-08-25,74-3,74,B,internode,4.0,,dia_sheath_mm,18.0,,mm,85,2320.35
8,2026-08-25,74-3,74,B,internode,4.0,,dia_perp_mm,16.0,,mm,85,2320.35
8,2026-08-25,74-3,74,B,internode,5.0,,seg_length_cm,15.0,,cm,85,2320.35
8,2026-08-25,74-3,74,B,internode,5.0,,dia_sheath_mm,17.0,,mm,85,2320.35
8,2026-08-25,74-3,74,B,internode,5.0,,dia_perp_mm,15.0,,mm,85,2320.35
8,2026-08-25,74-3,74,B,internode,6.0,,seg_length_cm,10.0,,cm,85,2320.35
8,2026-08-25,74-3,74,B,internode,6.0,,dia_sheath_mm,19.0,,mm,85,2320.35
8,2026-08-25,74-3,74,B,internode,6.0,,dia_perp_mm,14.0,,mm,85,2320.35
8,2026-08-25,74-3,74,B,internode,7.0,,seg_length_cm,11.0,,cm,85,2320.35
8,2026-08-25,74-3,74,B,internode,7.0,,dia_sheath_mm,15.0,,mm,85,2320.35
8,2026-08-25,74-3,74,B,internode,7.0,,dia_perp_mm,14.0,,mm,85,2320.35
8,2026-08-25,74-3,74,B,internode,8.0,,seg_length_cm,9.5,,cm,85,2320.35
8,2026-08-25,74-3,74,B,internode,8.0,,dia_sheath_mm,15.0,,mm,85,2320.35
8,2026-08-25,74-3,74,B,internode,8.0,,dia_perp_mm,14.0,,mm,85,2320.35
8,2026-08-25,74-3,74,B,internode,9.0,,seg_length_cm,9.0,,cm,85,2320.35
8,2026-08-25,74-3,74,B,internode,9.0,,dia_sheath_mm,13.0,,mm,85,2320.35
8,2026-08-25,74-3,74,B,internode,9.0,,dia_perp_mm,13.0,,mm,85,2320.35
8,2026-08-25,74-3,74,B,internode,10.0,,seg_length_cm,14.0,,cm,85,2320.35
8,2026-08-25,74-3,74,B,internode,10.0,,dia_sheath_mm,12.0,,mm,85,2320.35
8,2026-08-25,74-3,74,B,internode,10.0,,dia_perp_mm,12.0,,mm,85,2320.35
8,2026-08-25,74-3,74,B,internode,11.0,,seg_length_cm,13.5,,cm,85,2320.35
8,2026-08-25,74-3,74,B,internode,11.0,,dia_sheath_mm,10.0,,mm,85,2320.35
8,2026-08-25,74-3,74,B,internode,11.0,,dia_perp_mm,10.0,,mm,85,2320.35
8,2026-08-25,74-3,74,B,internode,12.0,,seg_length_cm,23.0,,cm,85,2320.35
8,2026-08-25,74-3,74,B,internode,12.0,,dia_sheath_mm,7.0,,mm,85,2320.35
8,2026-08-25,74-3,74,B,internode,12.0,,dia_perp_mm,8.0,,mm,85,2320.35
8,2026-08-25,75-3,75,A,internode,1.0,,seg_length_cm,63.0,,cm,85,2320.35
8,2026-08-25,75-3,75,A,internode,1.0,,dia_sheath_mm,27.0,,mm,85,2320.35
8,2026-08-25,75-3,75,A,internode,1.0,,dia_perp_mm,24.0,,mm,85,2320.35
8,2026-08-25,75-3,75,A,internode,2.0,,seg_length_cm,4.5,,cm,85,2320.35
8,2026-08-25,75-3,75,A,internode,2.0,,dia_sheath_mm,26.0,,mm,85,2320.35
8,2026-08-25,75-3,75,A,internode,2.0,,dia_perp_mm,21.0,,mm,85,2320.35
8,2026-08-25,75-3,75,A,internode,3.0,,seg_length_cm,4.5,,cm,85,2320.35
8,2026-08-25,75-3,75,A,internode,3.0,,dia_sheath_mm,23.0,,mm,85,2320.35
8,2026-08-25,75-3,75,A,internode,3.0,,dia_perp_mm,18.0,,mm,85,2320.35
8,2026-08-25,75-3,75,A,internode,4.0,,seg_length_cm,3.0,,cm,85,2320.35
8,2026-08-25,75-3,75,A,internode,4.0,,dia_sheath_mm,20.0,,mm,85,2320.35
8,2026-08-25,75-3,75,A,internode,4.0,,dia_perp_mm,16.0,,mm,85,2320.35
8,2026-08-25,75-3,75,A,internode,5.0,,seg_length_cm,8.0,,cm,85,2320.35
8,2026-08-25,75-3,75,A,internode,5.0,,dia_sheath_mm,17.0,,mm,85,2320.35
8,2026-08-25,75-3,75,A,internode,5.0,,dia_perp_mm,14.0,,mm,85,2320.35
8,2026-08-25,73-3,73,C,internode,1.0,,seg_length_cm,15.0,,cm,85,2320.35
8,2026-08-25,73-3,73,C,internode,1.0,,dia_sheath_mm,20.0,,mm,85,2320.35
8,2026-08-25,73-3,73,C,internode,1.0,,dia_perp_mm,19.0,,mm,85,2320.35
8,2026-08-25,73-3,73,C,internode,2.0,,seg_length_cm,5.0,,cm,85,2320.35
8,2026-08-25,73-3,73,C,internode,2.0,,dia_sheath_mm,21.0,,mm,85,2320.35
8,2026-08-25,73-3,73,C,internode,2.0,,dia_perp_mm,20.0,,mm,85,2320.35
8,2026-08-25,73-3,73,C,internode,3.0,,seg_length_cm,5.0,,cm,85,2320.35
8,2026-08-25,73-3,73,C,internode,3.0,,dia_sheath_mm,22.0,,mm,85,2320.35
8,2026-08-25,73-3,73,C,internode,3.0,,dia_perp_mm,20.0,,mm,85,2320.35
8,2026-08-25,73-3,73,C,internode,4.0,,seg_length_cm,10.0,,cm,85,2320.35
8,2026-08-25,73-3,73,C,internode,4.0,,dia_sheath_mm,18.0,,mm,85,2320.35
8,2026-08-25,73-3,73,C,internode,4.0,,dia_perp_mm,16.0,,mm,85,2320.35
8,2026-08-25,73-3,73,C,internode,5.0,,seg_length_cm,15.5,,cm,85,2320.35
8,2026-08-25,73-3,73,C,internode,5.0,,dia_sheath_mm,17.0,,mm,85,2320.35
8,2026-08-25,73-3,73,C,internode,5.0,,dia_perp_mm,16.0,,mm,85,2320.35
8,2026-08-25,73-3,73,C,internode,6.0,,seg_length_cm,18.0,,cm,85,2320.35
8,2026-08-25,73-3,73,C,internode,6.0,,dia_sheath_mm,18.0,,mm,85,2320.35
8,2026-08-25,73-3,73,C,internode,6.0,,dia_perp_mm,16.0,,mm,85,2320.35
8,2026-08-25,73-3,73,C,internode,7.0,,seg_length_cm,20.0,,cm,85,2320.35
8,2026-08-25,73-3,73,C,internode,7.0,,dia_sheath_mm,17.0,,mm,85,2320.35
8,2026-08-25,73-3,73,C,internode,7.0,,dia_perp_mm,16.0,,mm,85,2320.35
8,2026-08-25,73-3,73,C,internode,8.0,,seg_length_cm,18.0,,cm,85,2320.35
8,2026-08-25,73-3,73,C,internode,8.0,,dia_sheath_mm,16.0,,mm,85,2320.35
8,2026-08-25,73-3,73,C,internode,8.0,,dia_perp_mm,16.0,,mm,85,2320.35
8,2026-08-25,73-3,73,C,internode,9.0,,seg_length_cm,15.0,,cm,85,2320.35
8,2026-08-25,73-3,73,C,internode,9.0,,dia_sheath_mm,21.0,,mm,85,2320.35
8,2026-08-25,73-3,73,C,internode,9.0,,dia_perp_mm,17.0,,mm,85,2320.35
8,2026-08-25,73-3,73,C,internode,10.0,,seg_length_cm,7.5,,cm,85,2320.35
8,2026-08-25,73-3,73,C,internode,10.0,,dia_sheath_mm,24.0,,mm,85,2320.35
8,2026-08-25,73-3,73,C,internode,10.0,,dia_perp_mm,17.0,,mm,85,2320.35
8,2026-08-25,73-3,73,C,internode,11.0,,seg_length_cm,14.0,,cm,85,2320.35
8,2026-08-25,73-3,73,C,internode,11.0,,dia_sheath_mm,25.0,,mm,85,2320.35
8,2026-08-25,73-3,73,C,internode,11.0,,dia_perp_mm,15.0,,mm,85,2320.35
8,2026-08-25,73-3,73,C,internode,12.0,,seg_length_cm,30.0,,cm,85,2320.35
8,2026-08-25,73-3,73,C,internode,12.0,,dia_sheath_mm,12.0,,mm,85,2320.35
8,2026-08-25,73-3,73,C,internode,12.0,,dia_perp_mm,12.0,,mm,85,2320.35
8,2026-08-25,75-4,75,A,internode,1.0,,seg_length_cm,63.5,,cm,85,2320.35
8,2026-08-25,75-4,75,A,internode,1.0,,dia_sheath_mm,39.0,,mm,85,2320.35
8,2026-08-25,75-4,75,A,internode,1.0,,dia_perp_mm,38.0,,mm,85,2320.35
8,2026-08-25,75-4,75,A,internode,2.0,,seg_length_cm,6.0,,cm,85,2320.35
8,2026-08-25,75-4,75,A,internode,2.0,,dia_sheath_mm,38.0,,mm,85,2320.35
8,2026-08-25,75-4,75,A,internode,2.0,,dia_perp_mm,34.0,,mm,85,2320.35
8,2026-08-25,75-4,75,A,internode,3.0,,seg_length_cm,3.5,,cm,85,2320.35
8,2026-08-25,75-4,75,A,internode,3.0,,dia_sheath_mm,35.0,,mm,85,2320.35
8,2026-08-25,75-4,75,A,internode,3.0,,dia_perp_mm,33.0,,mm,85,2320.35
8,2026-08-25,75-4,75,A,internode,4.0,,seg_length_cm,6.0,,cm,85,2320.35
8,2026-08-25,75-4,75,A,internode,4.0,,dia_sheath_mm,35.0,,mm,85,2320.35
8,2026-08-25,75-4,75,A,internode,4.0,,dia_perp_mm,29.0,,mm,85,2320.35
8,2026-08-25,75-4,75,A,internode,5.0,,seg_length_cm,3.0,,cm,85,2320.35
8,2026-08-25,75-4,75,A,internode,5.0,,dia_sheath_mm,33.0,,mm,85,2320.35
8,2026-08-25,75-4,75,A,internode,5.0,,dia_perp_mm,25.0,,mm,85,2320.35
8,2026-08-25,75-4,75,A,internode,6.0,,seg_length_cm,6.0,,cm,85,2320.35
8,2026-08-25,75-4,75,A,internode,6.0,,dia_sheath_mm,31.0,,mm,85,2320.35
8,2026-08-25,75-4,75,A,internode,6.0,,dia_perp_mm,22.0,,mm,85,2320.35
8,2026-08-25,75-4,75,A,internode,7.0,,seg_length_cm,11.5,,cm,85,2320.35
8,2026-08-25,75-4,75,A,internode,7.0,,dia_sheath_mm,23.0,,mm,85,2320.35
8,2026-08-25,75-4,75,A,internode,7.0,,dia_perp_mm,17.0,,mm,85,2320.35
8,2026-08-25,75-4,75,A,internode,8.0,,seg_length_cm,4.5,,cm,85,2320.35
8,2026-08-25,75-4,75,A,internode,8.0,,dia_sheath_mm,19.0,,mm,85,2320.35
8,2026-08-25,75-4,75,A,internode,8.0,,dia_perp_mm,15.0,,mm,85,2320.35
8,2026-08-25,73-4,73,C,internode,1.0,,seg_length_cm,21.0,,cm,85,2320.35
8,2026-08-25,73-4,73,C,internode,1.0,,dia_sheath_mm,19.0,,mm,85,2320.35
8,2026-08-25,73-4,73,C,internode,1.0,,dia_perp_mm,20.0,,mm,85,2320.35
8,2026-08-25,73-4,73,C,internode,2.0,,seg_length_cm,5.0,,cm,85,2320.35
8,2026-08-25,73-4,73,C,internode,2.0,,dia_sheath_mm,20.0,,mm,85,2320.35
8,2026-08-25,73-4,73,C,internode,2.0,,dia_perp_mm,19.0,,mm,85,2320.35
8,2026-08-25,73-4,73,C,internode,3.0,,seg_length_cm,10.0,,cm,85,2320.35
8,2026-08-25,73-4,73,C,internode,3.0,,dia_sheath_mm,18.0,,mm,85,2320.35
8,2026-08-25,73-4,73,C,internode,3.0,,dia_perp_mm,16.0,,mm,85,2320.35
8,2026-08-25,73-4,73,C,internode,4.0,,seg_length_cm,15.0,,cm,85,2320.35
8,2026-08-25,73-4,73,C,internode,4.0,,dia_sheath_mm,17.0,,mm,85,2320.35
8,2026-08-25,73-4,73,C,internode,4.0,,dia_perp_mm,16.0,,mm,85,2320.35
8,2026-08-25,73-4,73,C,internode,5.0,,seg_length_cm,18.0,,cm,85,2320.35
8,2026-08-25,73-4,73,C,internode,5.0,,dia_sheath_mm,17.0,,mm,85,2320.35
8,2026-08-25,73-4,73,C,internode,5.0,,dia_perp_mm,16.0,,mm,85,2320.35
8,2026-08-25,73-4,73,C,internode,6.0,,seg_length_cm,17.5,,cm,85,2320.35
8,2026-08-25,73-4,73,C,internode,6.0,,dia_sheath_mm,17.0,,mm,85,2320.35
8,2026-08-25,73-4,73,C,internode,6.0,,dia_perp_mm,16.0,,mm,85,2320.35
8,2026-08-25,73-4,73,C,internode,7.0,,seg_length_cm,15.5,,cm,85,2320.35
8,2026-08-25,73-4,73,C,internode,7.0,,dia_sheath_mm,16.0,,mm,85,2320.35
8,2026-08-25,73-4,73,C,internode,7.0,,dia_perp_mm,16.0,,mm,85,2320.35
8,2026-08-25,73-4,73,C,internode,8.0,,seg_length_cm,14.0,,cm,85,2320.35
8,2026-08-25,73-4,73,C,internode,8.0,,dia_sheath_mm,20.0,,mm,85,2320.35
8,2026-08-25,73-4,73,C,internode,8.0,,dia_perp_mm,17.0,,mm,85,2320.35
8,2026-08-25,73-4,73,C,internode,9.0,,seg_length_cm,9.0,,cm,85,2320.35
8,2026-08-25,73-4,73,C,internode,9.0,,dia_sheath_mm,20.0,,mm,85,2320.35
8,2026-08-25,73-4,73,C,internode,9.0,,dia_perp_mm,17.0,corrected_typo_117_to_17,mm,85,2320.35
8,2026-08-25,73-4,73,C,internode,10.0,,seg_length_cm,10.0,,cm,85,2320.35
8,2026-08-25,73-4,73,C,internode,10.0,,dia_sheath_mm,19.0,,mm,85,2320.35
8,2026-08-25,73-4,73,C,internode,10.0,,dia_perp_mm,16.0,,mm,85,2320.35
8,2026-08-25,73-4,73,C,internode,11.0,,seg_length_cm,15.0,,cm,85,2320.35
8,2026-08-25,73-4,73,C,internode,11.0,,dia_sheath_mm,16.0,,mm,85,2320.35
8,2026-08-25,73-4,73,C,internode,11.0,,dia_perp_mm,13.0,,mm,85,2320.35
8,2026-08-25,73-4,73,C,internode,12.0,,seg_length_cm,28.0,,cm,85,2320.35
8,2026-08-25,73-4,73,C,internode,12.0,,dia_sheath_mm,12.0,,mm,85,2320.35
8,2026-08-25,73-4,73,C,internode,12.0,,dia_perp_mm,12.0,,mm,85,2320.35
8,2026-08-25,74-4,74,B,internode,1.0,,seg_length_cm,63.0,,cm,85,2320.35
8,2026-08-25,74-4,74,B,internode,1.0,,dia_sheath_mm,17.0,,mm,85,2320.35
8,2026-08-25,74-4,74,B,internode,1.0,,dia_perp_mm,16.0,,mm,85,2320.35
8,2026-08-25,74-4,74,B,internode,2.0,,seg_length_cm,22.5,,cm,85,2320.35
8,2026-08-25,74-4,74,B,internode,2.0,,dia_sheath_mm,19.0,,mm,85,2320.35
8,2026-08-25,74-4,74,B,internode,2.0,,dia_perp_mm,17.0,,mm,85,2320.35
8,2026-08-25,74-4,74,B,internode,3.0,,seg_length_cm,18.0,,cm,85,2320.35
8,2026-08-25,74-4,74,B,internode,3.0,,dia_sheath_mm,17.0,,mm,85,2320.35
8,2026-08-25,74-4,74,B,internode,3.0,,dia_perp_mm,16.0,,mm,85,2320.35
8,2026-08-25,74-4,74,B,internode,4.0,,seg_length_cm,15.0,,cm,85,2320.35
8,2026-08-25,74-4,74,B,internode,4.0,,dia_sheath_mm,17.0,,mm,85,2320.35
8,2026-08-25,74-4,74,B,internode,4.0,,dia_perp_mm,16.0,,mm,85,2320.35
8,2026-08-25,74-4,74,B,internode,5.0,,seg_length_cm,15.5,,cm,85,2320.35
8,2026-08-25,74-4,74,B,internode,5.0,,dia_sheath_mm,15.0,,mm,85,2320.35
8,2026-08-25,74-4,74,B,internode,5.0,,dia_perp_mm,14.0,,mm,85,2320.35
8,2026-08-25,74-4,74,B,internode,6.0,,seg_length_cm,12.0,,cm,85,2320.35
8,2026-08-25,74-4,74,B,internode,6.0,,dia_sheath_mm,14.0,,mm,85,2320.35
8,2026-08-25,74-4,74,B,internode,6.0,,dia_perp_mm,14.0,,mm,85,2320.35
8,2026-08-25,74-4,74,B,internode,7.0,,seg_length_cm,10.0,,cm,85,2320.35
8,2026-08-25,74-4,74,B,internode,7.0,,dia_sheath_mm,13.0,,mm,85,2320.35
8,2026-08-25,74-4,74,B,internode,7.0,,dia_perp_mm,13.0,,mm,85,2320.35
8,2026-08-25,74-4,74,B,internode,8.0,,seg_length_cm,7.0,,cm,85,2320.35
8,2026-08-25,74-4,74,B,internode,8.0,,dia_sheath_mm,14.0,,mm,85,2320.35
8,2026-08-25,74-4,74,B,internode,8.0,,dia_perp_mm,13.0,,mm,85,2320.35
8,2026-08-25,74-4,74,B,internode,9.0,,seg_length_cm,12.0,,cm,85,2320.35
8,2026-08-25,74-4,74,B,internode,9.0,,dia_sheath_mm,12.0,,mm,85,2320.35
8,2026-08-25,74-4,74,B,internode,9.0,,dia_perp_mm,12.0,,mm,85,2320.35
8,2026-08-25,74-4,74,B,internode,10.0,,seg_length_cm,10.5,,cm,85,2320.35
8,2026-08-25,74-4,74,B,internode,10.0,,dia_sheath_mm,11.0,,mm,85,2320.35
8,2026-08-25,74-4,74,B,internode,10.0,,dia_perp_mm,11.0,,mm,85,2320.35
8,2026-08-25,74-4,74,B,internode,11.0,,seg_length_cm,13.0,,cm,85,2320.35
8,2026-08-25,74-4,74,B,internode,11.0,,dia_sheath_mm,10.0,,mm,85,2320.35
8,2026-08-25,74-4,74,B,internode,11.0,,dia_perp_mm,9.0,,mm,85,2320.35
8,2026-08-25,74-4,74,B,internode,12.0,,seg_length_cm,21.0,,cm,85,2320.35
8,2026-08-25,74-4,74,B,internode,12.0,,dia_sheath_mm,9.0,,mm,85,2320.35
8,2026-08-25,74-4,74,B,internode,12.0,,dia_perp_mm,8.0,,mm,85,2320.35
8,2026-08-25,75-5,75,A,internode,1.0,,seg_length_cm,49.0,,cm,85,2320.35
8,2026-08-25,75-5,75,A,internode,1.0,,dia_sheath_mm,40.0,,mm,85,2320.35
8,2026-08-25,75-5,75,A,internode,1.0,,dia_perp_mm,39.0,,mm,85,2320.35
8,2026-08-25,75-5,75,A,internode,2.0,,seg_length_cm,6.0,,cm,85,2320.35
8,2026-08-25,75-5,75,A,internode,2.0,,dia_sheath_mm,41.0,,mm,85,2320.35
8,2026-08-25,75-5,75,A,internode,2.0,,dia_perp_mm,40.0,,mm,85,2320.35
8,2026-08-25,75-5,75,A,internode,3.0,,seg_length_cm,2.0,,cm,85,2320.35
8,2026-08-25,75-5,75,A,internode,3.0,,dia_sheath_mm,42.0,,mm,85,2320.35
8,2026-08-25,75-5,75,A,internode,3.0,,dia_perp_mm,40.0,,mm,85,2320.35
8,2026-08-25,75-5,75,A,internode,4.0,,seg_length_cm,8.0,,cm,85,2320.35
8,2026-08-25,75-5,75,A,internode,4.0,,dia_sheath_mm,41.0,,mm,85,2320.35
8,2026-08-25,75-5,75,A,internode,4.0,,dia_perp_mm,39.0,,mm,85,2320.35
8,2026-08-25,75-5,75,A,internode,5.0,,seg_length_cm,2.5,,cm,85,2320.35
8,2026-08-25,75-5,75,A,internode,5.0,,dia_sheath_mm,41.0,,mm,85,2320.35
8,2026-08-25,75-5,75,A,internode,5.0,,dia_perp_mm,34.0,,mm,85,2320.35
8,2026-08-25,75-5,75,A,internode,6.0,,seg_length_cm,7.5,,cm,85,2320.35
8,2026-08-25,75-5,75,A,internode,6.0,,dia_sheath_mm,38.0,,mm,85,2320.35
8,2026-08-25,75-5,75,A,internode,6.0,,dia_perp_mm,30.0,,mm,85,2320.35
8,2026-08-25,75-5,75,A,internode,7.0,,seg_length_cm,0.5,,cm,85,2320.35
8,2026-08-25,75-5,75,A,internode,7.0,,dia_sheath_mm,36.0,,mm,85,2320.35
8,2026-08-25,75-5,75,A,internode,7.0,,dia_perp_mm,29.0,,mm,85,2320.35
8,2026-08-25,75-5,75,A,internode,8.0,,seg_length_cm,4.5,,cm,85,2320.35
8,2026-08-25,75-5,75,A,internode,8.0,,dia_sheath_mm,32.0,,mm,85,2320.35
8,2026-08-25,75-5,75,A,internode,8.0,,dia_perp_mm,25.0,,mm,85,2320.35
8,2026-08-25,75-5,75,A,internode,9.0,,seg_length_cm,0.5,,cm,85,2320.35
8,2026-08-25,75-5,75,A,internode,9.0,,dia_sheath_mm,30.0,,mm,85,2320.35
8,2026-08-25,75-5,75,A,internode,9.0,,dia_perp_mm,22.0,,mm,85,2320.35
8,2026-08-25,75-5,75,A,internode,10.0,,seg_length_cm,5.5,,cm,85,2320.35
8,2026-08-25,75-5,75,A,internode,10.0,,dia_sheath_mm,25.0,,mm,85,2320.35
8,2026-08-25,75-5,75,A,internode,10.0,,dia_perp_mm,19.0,,mm,85,2320.35
8,2026-08-25,75-5,75,A,internode,11.0,,seg_length_cm,3.0,,cm,85,2320.35
8,2026-08-25,75-5,75,A,internode,11.0,,dia_sheath_mm,22.0,,mm,85,2320.35
8,2026-08-25,75-5,75,A,internode,11.0,,dia_perp_mm,16.0,,mm,85,2320.35
8,2026-08-25,74-5,74,B,internode,1.0,,seg_length_cm,48.0,,cm,85,2320.35
8,2026-08-25,74-5,74,B,internode,1.0,,dia_sheath_mm,20.0,,mm,85,2320.35
8,2026-08-25,74-5,74,B,internode,1.0,,dia_perp_mm,20.0,,mm,85,2320.35
8,2026-08-25,74-5,74,B,internode,2.0,,seg_length_cm,18.0,,cm,85,2320.35
8,2026-08-25,74-5,74,B,internode,2.0,,dia_sheath_mm,20.0,,mm,85,2320.35
8,2026-08-25,74-5,74,B,internode,2.0,,dia_perp_mm,18.0,,mm,85,2320.35
8,2026-08-25,74-5,74,B,internode,3.0,,seg_length_cm,22.0,,cm,85,2320.35
8,2026-08-25,74-5,74,B,internode,3.0,,dia_sheath_mm,23.0,,mm,85,2320.35
8,2026-08-25,74-5,74,B,internode,3.0,,dia_perp_mm,21.0,,mm,85,2320.35
8,2026-08-25,74-5,74,B,internode,4.0,,seg_length_cm,16.5,,cm,85,2320.35
8,2026-08-25,74-5,74,B,internode,4.0,,dia_sheath_mm,23.0,,mm,85,2320.35
8,2026-08-25,74-5,74,B,internode,4.0,,dia_perp_mm,19.0,,mm,85,2320.35
8,2026-08-25,74-5,74,B,internode,5.0,,seg_length_cm,16.0,,cm,85,2320.35
8,2026-08-25,74-5,74,B,internode,5.0,,dia_sheath_mm,21.0,,mm,85,2320.35
8,2026-08-25,74-5,74,B,internode,5.0,,dia_perp_mm,18.0,,mm,85,2320.35
8,2026-08-25,74-5,74,B,internode,6.0,,seg_length_cm,16.0,,cm,85,2320.35
8,2026-08-25,74-5,74,B,internode,6.0,,dia_sheath_mm,19.0,,mm,85,2320.35
8,2026-08-25,74-5,74,B,internode,6.0,,dia_perp_mm,17.0,,mm,85,2320.35
8,2026-08-25,74-5,74,B,internode,7.0,,seg_length_cm,12.0,,cm,85,2320.35
8,2026-08-25,74-5,74,B,internode,7.0,,dia_sheath_mm,18.0,,mm,85,2320.35
8,2026-08-25,74-5,74,B,internode,7.0,,dia_perp_mm,15.0,,mm,85,2320.35
8,2026-08-25,74-5,74,B,internode,8.0,,seg_length_cm,10.5,,cm,85,2320.35
8,2026-08-25,74-5,74,B,internode,8.0,,dia_sheath_mm,16.0,,mm,85,2320.35
8,2026-08-25,74-5,74,B,internode,8.0,,dia_perp_mm,16.0,,mm,85,2320.35
8,2026-08-25,74-5,74,B,internode,9.0,,seg_length_cm,8.0,,cm,85,2320.35
8,2026-08-25,74-5,74,B,internode,9.0,,dia_sheath_mm,15.0,,mm,85,2320.35
8,2026-08-25,74-5,74,B,internode,9.0,,dia_perp_mm,15.0,,mm,85,2320.35
8,2026-08-25,74-5,74,B,internode,10.0,,seg_length_cm,10.0,,cm,85,2320.35
8,2026-08-25,74-5,74,B,internode,10.0,,dia_sheath_mm,14.0,,mm,85,2320.35
8,2026-08-25,74-5,74,B,internode,10.0,,dia_perp_mm,13.0,,mm,85,2320.35
8,2026-08-25,74-5,74,B,internode,11.0,,seg_length_cm,11.0,,cm,85,2320.35
8,2026-08-25,74-5,74,B,internode,11.0,,dia_sheath_mm,13.0,,mm,85,2320.35
8,2026-08-25,74-5,74,B,internode,11.0,,dia_perp_mm,12.0,,mm,85,2320.35
8,2026-08-25,74-5,74,B,internode,12.0,,seg_length_cm,12.0,,cm,85,2320.35
8,2026-08-25,74-5,74,B,internode,12.0,,dia_sheath_mm,11.0,,mm,85,2320.35
8,2026-08-25,74-5,74,B,internode,12.0,,dia_perp_mm,11.0,,mm,85,2320.35
8,2026-08-25,74-5,74,B,internode,13.0,,seg_length_cm,17.0,,cm,85,2320.35
8,2026-08-25,74-5,74,B,internode,13.0,,dia_sheath_mm,9.0,,mm,85,2320.35
8,2026-08-25,74-5,74,B,internode,13.0,,dia_perp_mm,11.0,,mm,85,2320.35
8,2026-08-25,73-5,73,C,internode,1.0,,seg_length_cm,24.0,,cm,85,2320.35
8,2026-08-25,73-5,73,C,internode,1.0,,dia_sheath_mm,20.0,,mm,85,2320.35
8,2026-08-25,73-5,73,C,internode,1.0,,dia_perp_mm,19.0,,mm,85,2320.35
8,2026-08-25,73-5,73,C,internode,2.0,,seg_length_cm,9.0,,cm,85,2320.35
8,2026-08-25,73-5,73,C,internode,2.0,,dia_sheath_mm,21.0,,mm,85,2320.35
8,2026-08-25,73-5,73,C,internode,2.0,,dia_perp_mm,19.0,,mm,85,2320.35
8,2026-08-25,73-5,73,C,internode,3.0,,seg_length_cm,10.0,,cm,85,2320.35
8,2026-08-25,73-5,73,C,internode,3.0,,dia_sheath_mm,20.0,,mm,85,2320.35
8,2026-08-25,73-5,73,C,internode,3.0,,dia_perp_mm,21.0,,mm,85,2320.35
8,2026-08-25,73-5,73,C,internode,4.0,,seg_length_cm,14.0,,cm,85,2320.35
8,2026-08-25,73-5,73,C,internode,4.0,,dia_sheath_mm,17.0,,mm,85,2320.35
8,2026-08-25,73-5,73,C,internode,4.0,,dia_perp_mm,15.0,,mm,85,2320.35
8,2026-08-25,73-5,73,C,internode,5.0,,seg_length_cm,18.0,,cm,85,2320.35
8,2026-08-25,73-5,73,C,internode,5.0,,dia_sheath_mm,18.0,,mm,85,2320.35
8,2026-08-25,73-5,73,C,internode,5.0,,dia_perp_mm,16.0,,mm,85,2320.35
8,2026-08-25,73-5,73,C,internode,6.0,,seg_length_cm,16.0,,cm,85,2320.35
8,2026-08-25,73-5,73,C,internode,6.0,,dia_sheath_mm,17.0,,mm,85,2320.35
8,2026-08-25,73-5,73,C,internode,6.0,,dia_perp_mm,16.0,,mm,85,2320.35
8,2026-08-25,73-5,73,C,internode,7.0,,seg_length_cm,16.0,,cm,85,2320.35
8,2026-08-25,73-5,73,C,internode,7.0,,dia_sheath_mm,18.0,,mm,85,2320.35
8,2026-08-25,73-5,73,C,internode,7.0,,dia_perp_mm,16.0,,mm,85,2320.35
8,2026-08-25,73-5,73,C,internode,8.0,,seg_length_cm,13.5,,cm,85,2320.35
8,2026-08-25,73-5,73,C,internode,8.0,,dia_sheath_mm,22.0,,mm,85,2320.35
8,2026-08-25,73-5,73,C,internode,8.0,,dia_perp_mm,17.0,,mm,85,2320.35
8,2026-08-25,73-5,73,C,internode,9.0,,seg_length_cm,8.0,,cm,85,2320.35
8,2026-08-25,73-5,73,C,internode,9.0,,dia_sheath_mm,22.0,,mm,85,2320.35
8,2026-08-25,73-5,73,C,internode,9.0,,dia_perp_mm,18.0,,mm,85,2320.35
8,2026-08-25,73-5,73,C,internode,10.0,,seg_length_cm,11.0,,cm,85,2320.35
8,2026-08-25,73-5,73,C,internode,10.0,,dia_sheath_mm,21.0,,mm,85,2320.35
8,2026-08-25,73-5,73,C,internode,10.0,,dia_perp_mm,15.0,,mm,85,2320.35
8,2026-08-25,73-5,73,C,internode,11.0,,seg_length_cm,24.0,,cm,85,2320.35
8,2026-08-25,73-5,73,C,internode,11.0,,dia_sheath_mm,14.0,,mm,85,2320.35
8,2026-08-25,73-5,73,C,internode,11.0,,dia_perp_mm,13.0,,mm,85,2320.35
8,2026-08-25,75-1,75,A,leaf,1.0,,length_cm,76.0,,cm,85,2320.35
8,2026-08-25,75-1,75,A,leaf,1.0,,width_cm,7.5,,cm,85,2320.35
8,2026-08-25,75-1,75,A,leaf,2.0,,length_cm,84.0,,cm,85,2320.35
8,2026-08-25,75-1,75,A,leaf,2.0,,width_cm,8.1,,cm,85,2320.35
8,2026-08-25,75-1,75,A,leaf,3.0,,length_cm,95.0,,cm,85,2320.35
8,2026-08-25,75-1,75,A,leaf,3.0,,width_cm,8.2,,cm,85,2320.35
8,2026-08-25,75-1,75,A,leaf,4.0,,length_cm,101.0,,cm,85,2320.35
8,2026-08-25,75-1,75,A,leaf,4.0,,width_cm,8.6,,cm,85,2320.35
8,2026-08-25,75-1,75,A,leaf,5.0,,length_cm,107.0,,cm,85,2320.35
8,2026-08-25,75-1,75,A,leaf,5.0,,width_cm,9.0,,cm,85,2320.35
8,2026-08-25,75-1,75,A,leaf,6.0,,length_cm,93.0,,cm,85,2320.35
8,2026-08-25,75-1,75,A,leaf,6.0,,width_cm,9.1,,cm,85,2320.35
8,2026-08-25,75-1,75,A,leaf,7.0,,length_cm,84.0,,cm,85,2320.35
8,2026-08-25,75-1,75,A,leaf,7.0,,width_cm,9.5,,cm,85,2320.35
8,2026-08-25,75-1,75,A,leaf,8.0,,length_cm,77.0,,cm,85,2320.35
8,2026-08-25,75-1,75,A,leaf,8.0,,width_cm,9.1,,cm,85,2320.35
8,2026-08-25,75-1,75,A,leaf,9.0,,length_cm,72.0,,cm,85,2320.35
8,2026-08-25,75-1,75,A,leaf,9.0,,width_cm,9.5,,cm,85,2320.35
8,2026-08-25,75-1,75,A,leaf,10.0,,length_cm,70.0,,cm,85,2320.35
8,2026-08-25,75-1,75,A,leaf,10.0,,width_cm,8.4,,cm,85,2320.35
8,2026-08-25,75-1,75,A,leaf,11.0,,length_cm,71.0,,cm,85,2320.35
8,2026-08-25,75-1,75,A,leaf,11.0,,width_cm,8.3,,cm,85,2320.35
8,2026-08-25,75-1,75,A,leaf,12.0,,length_cm,84.0,,cm,85,2320.35
8,2026-08-25,75-1,75,A,leaf,12.0,,width_cm,7.1,,cm,85,2320.35
8,2026-08-25,75-1,75,A,leaf,13.0,,length_cm,86.0,,cm,85,2320.35
8,2026-08-25,75-1,75,A,leaf,13.0,,width_cm,8.6,,cm,85,2320.35
8,2026-08-25,75-1,75,A,leaf,14.0,,length_cm,80.5,,cm,85,2320.35
8,2026-08-25,75-1,75,A,leaf,14.0,,width_cm,8.0,,cm,85,2320.35
8,2026-08-25,75-1,75,A,leaf,15.0,,length_cm,59.5,,cm,85,2320.35
8,2026-08-25,75-1,75,A,leaf,15.0,,width_cm,6.0,,cm,85,2320.35
8,2026-08-25,75-1,75,A,leaf,16.0,,length_cm,31.0,,cm,85,2320.35
8,2026-08-25,74-1,74,B,leaf,1.0,,length_cm,54.0,,cm,85,2320.35
8,2026-08-25,74-1,74,B,leaf,1.0,,width_cm,7.3,,cm,85,2320.35
8,2026-08-25,74-1,74,B,leaf,2.0,,length_cm,60.5,,cm,85,2320.35
8,2026-08-25,74-1,74,B,leaf,2.0,,width_cm,8.8,,cm,85,2320.35
8,2026-08-25,74-1,74,B,leaf,3.0,,length_cm,59.5,,cm,85,2320.35
8,2026-08-25,74-1,74,B,leaf,3.0,,width_cm,9.4,,cm,85,2320.35
8,2026-08-25,74-1,74,B,leaf,4.0,,length_cm,61.0,,cm,85,2320.35
8,2026-08-25,74-1,74,B,leaf,4.0,,width_cm,9.5,,cm,85,2320.35
8,2026-08-25,74-1,74,B,leaf,5.0,,length_cm,60.0,,cm,85,2320.35
8,2026-08-25,74-1,74,B,leaf,5.0,,width_cm,8.9,,cm,85,2320.35
8,2026-08-25,74-1,74,B,leaf,6.0,,length_cm,57.5,,cm,85,2320.35
8,2026-08-25,74-1,74,B,leaf,6.0,,width_cm,8.9,,cm,85,2320.35
8,2026-08-25,74-1,74,B,leaf,7.0,,length_cm,65.0,,cm,85,2320.35
8,2026-08-25,74-1,74,B,leaf,7.0,,width_cm,8.1,,cm,85,2320.35
8,2026-08-25,74-1,74,B,leaf,8.0,,length_cm,62.0,,cm,85,2320.35
8,2026-08-25,74-1,74,B,leaf,8.0,,width_cm,8.1,,cm,85,2320.35
8,2026-08-25,74-1,74,B,leaf,9.0,,length_cm,52.5,,cm,85,2320.35
8,2026-08-25,74-1,74,B,leaf,9.0,,width_cm,7.9,,cm,85,2320.35
8,2026-08-25,74-1,74,B,leaf,10.0,,length_cm,49.0,,cm,85,2320.35
8,2026-08-25,74-1,74,B,leaf,10.0,,width_cm,6.8,,cm,85,2320.35
8,2026-08-25,74-1,74,B,leaf,11.0,,length_cm,48.5,,cm,85,2320.35
8,2026-08-25,74-1,74,B,leaf,11.0,,width_cm,6.8,,cm,85,2320.35
8,2026-08-25,74-1,74,B,leaf,12.0,,length_cm,42.5,,cm,85,2320.35
8,2026-08-25,74-1,74,B,leaf,12.0,,width_cm,6.1,,cm,85,2320.35
8,2026-08-25,74-1,74,B,leaf,13.0,,length_cm,45.0,,cm,85,2320.35
8,2026-08-25,74-1,74,B,leaf,13.0,,width_cm,4.6,,cm,85,2320.35
8,2026-08-25,74-1,74,B,leaf,14.0,,length_cm,32.0,,cm,85,2320.35
8,2026-08-25,74-1,74,B,leaf,14.0,,width_cm,3.4,,cm,85,2320.35
8,2026-08-25,73-1,73,C,leaf,1.0,,length_cm,45.5,,cm,85,2320.35
8,2026-08-25,73-1,73,C,leaf,1.0,,width_cm,5.3,,cm,85,2320.35
8,2026-08-25,73-1,73,C,leaf,2.0,,length_cm,50.0,,cm,85,2320.35
8,2026-08-25,73-1,73,C,leaf,2.0,,width_cm,6.4,,cm,85,2320.35
8,2026-08-25,73-1,73,C,leaf,3.0,,length_cm,56.5,,cm,85,2320.35
8,2026-08-25,73-1,73,C,leaf,3.0,,width_cm,7.3,,cm,85,2320.35
8,2026-08-25,73-1,73,C,leaf,4.0,,length_cm,61.0,,cm,85,2320.35
8,2026-08-25,73-1,73,C,leaf,4.0,,width_cm,8.2,,cm,85,2320.35
8,2026-08-25,73-1,73,C,leaf,5.0,,length_cm,65.5,,cm,85,2320.35
8,2026-08-25,73-1,73,C,leaf,5.0,,width_cm,8.5,,cm,85,2320.35
8,2026-08-25,73-1,73,C,leaf,6.0,,length_cm,66.5,,cm,85,2320.35
8,2026-08-25,73-1,73,C,leaf,6.0,,width_cm,8.5,,cm,85,2320.35
8,2026-08-25,73-1,73,C,leaf,7.0,,length_cm,67.5,,cm,85,2320.35
8,2026-08-25,73-1,73,C,leaf,8.0,,length_cm,68.5,,cm,85,2320.35
8,2026-08-25,73-1,73,C,leaf,8.0,,width_cm,7.5,,cm,85,2320.35
8,2026-08-25,73-1,73,C,leaf,9.0,,length_cm,67.0,,cm,85,2320.35
8,2026-08-25,73-1,73,C,leaf,10.0,,length_cm,69.0,,cm,85,2320.35
8,2026-08-25,73-1,73,C,leaf,10.0,,width_cm,7.7,,cm,85,2320.35
8,2026-08-25,73-1,73,C,leaf,11.0,,length_cm,59.0,,cm,85,2320.35
8,2026-08-25,73-1,73,C,leaf,11.0,,width_cm,7.3,,cm,85,2320.35
8,2026-08-25,73-1,73,C,leaf,12.0,,length_cm,43.5,,cm,85,2320.35
8,2026-08-25,73-1,73,C,leaf,12.0,,width_cm,6.7,,cm,85,2320.35
8,2026-08-25,74-2,74,B,leaf,1.0,,length_cm,60.5,,cm,85,2320.35
8,2026-08-25,74-2,74,B,leaf,1.0,,width_cm,7.1,,cm,85,2320.35
8,2026-08-25,74-2,74,B,leaf,2.0,,length_cm,62.5,,cm,85,2320.35
8,2026-08-25,74-2,74,B,leaf,2.0,,width_cm,8.5,,cm,85,2320.35
8,2026-08-25,74-2,74,B,leaf,3.0,,length_cm,65.0,,cm,85,2320.35
8,2026-08-25,74-2,74,B,leaf,3.0,,width_cm,9.2,,cm,85,2320.35
8,2026-08-25,74-2,74,B,leaf,4.0,,length_cm,64.5,,cm,85,2320.35
8,2026-08-25,74-2,74,B,leaf,4.0,,width_cm,8.0,,cm,85,2320.35
8,2026-08-25,74-2,74,B,leaf,5.0,,length_cm,67.5,,cm,85,2320.35
8,2026-08-25,74-2,74,B,leaf,5.0,,width_cm,8.8,,cm,85,2320.35
8,2026-08-25,74-2,74,B,leaf,6.0,,length_cm,57.5,,cm,85,2320.35
8,2026-08-25,74-2,74,B,leaf,7.0,,length_cm,62.5,,cm,85,2320.35
8,2026-08-25,74-2,74,B,leaf,7.0,,width_cm,8.5,,cm,85,2320.35
8,2026-08-25,74-2,74,B,leaf,8.0,,length_cm,57.0,,cm,85,2320.35
8,2026-08-25,74-2,74,B,leaf,8.0,,width_cm,7.7,,cm,85,2320.35
8,2026-08-25,74-2,74,B,leaf,9.0,,length_cm,52.0,,cm,85,2320.35
8,2026-08-25,74-2,74,B,leaf,9.0,,width_cm,7.1,,cm,85,2320.35
8,2026-08-25,74-2,74,B,leaf,10.0,,length_cm,46.0,,cm,85,2320.35
8,2026-08-25,74-2,74,B,leaf,10.0,,width_cm,6.9,,cm,85,2320.35
8,2026-08-25,74-2,74,B,leaf,11.0,,length_cm,45.5,,cm,85,2320.35
8,2026-08-25,74-2,74,B,leaf,11.0,,width_cm,5.9,,cm,85,2320.35
8,2026-08-25,74-2,74,B,leaf,12.0,,length_cm,48.0,,cm,85,2320.35
8,2026-08-25,74-2,74,B,leaf,13.0,,length_cm,27.5,,cm,85,2320.35
8,2026-08-25,74-2,74,B,leaf,13.0,,width_cm,3.6,,cm,85,2320.35
8,2026-08-25,73-2,73,C,leaf,1.0,,length_cm,48.5,,cm,85,2320.35
8,2026-08-25,73-2,73,C,leaf,1.0,,width_cm,5.8,,cm,85,2320.35
8,2026-08-25,73-2,73,C,leaf,2.0,,length_cm,50.0,,cm,85,2320.35
8,2026-08-25,73-2,73,C,leaf,2.0,,width_cm,6.4,,cm,85,2320.35
8,2026-08-25,73-2,73,C,leaf,3.0,,length_cm,57.0,,cm,85,2320.35
8,2026-08-25,73-2,73,C,leaf,3.0,,width_cm,7.7,,cm,85,2320.35
8,2026-08-25,73-2,73,C,leaf,4.0,,length_cm,63.0,,cm,85,2320.35
8,2026-08-25,73-2,73,C,leaf,4.0,,width_cm,7.9,,cm,85,2320.35
8,2026-08-25,73-2,73,C,leaf,5.0,,length_cm,60.0,,cm,85,2320.35
8,2026-08-25,73-2,73,C,leaf,5.0,,width_cm,8.5,,cm,85,2320.35
8,2026-08-25,73-2,73,C,leaf,6.0,,length_cm,64.5,,cm,85,2320.35
8,2026-08-25,73-2,73,C,leaf,6.0,,width_cm,8.2,,cm,85,2320.35
8,2026-08-25,73-2,73,C,leaf,7.0,,length_cm,65.5,,cm,85,2320.35
8,2026-08-25,73-2,73,C,leaf,7.0,,width_cm,7.9,,cm,85,2320.35
8,2026-08-25,73-2,73,C,leaf,8.0,,length_cm,62.5,,cm,85,2320.35
8,2026-08-25,73-2,73,C,leaf,8.0,,width_cm,7.3,,cm,85,2320.35
8,2026-08-25,73-2,73,C,leaf,9.0,,length_cm,61.0,,cm,85,2320.35
8,2026-08-25,73-2,73,C,leaf,9.0,,width_cm,8.0,,cm,85,2320.35
8,2026-08-25,73-2,73,C,leaf,10.0,,length_cm,64.0,,cm,85,2320.35
8,2026-08-25,73-2,73,C,leaf,11.0,,length_cm,44.5,,cm,85,2320.35
8,2026-08-25,73-2,73,C,leaf,11.0,,width_cm,7.5,,cm,85,2320.35
8,2026-08-25,75-2,75,A,leaf,1.0,,length_cm,101.0,,cm,85,2320.35
8,2026-08-25,75-2,75,A,leaf,1.0,,width_cm,6.7,,cm,85,2320.35
8,2026-08-25,75-2,75,A,leaf,3.0,,length_cm,102.5,,cm,85,2320.35
8,2026-08-25,75-2,75,A,leaf,3.0,,width_cm,7.2,,cm,85,2320.35
8,2026-08-25,75-2,75,A,leaf,4.0,,length_cm,100.0,,cm,85,2320.35
8,2026-08-25,75-2,75,A,leaf,4.0,,width_cm,7.9,,cm,85,2320.35
8,2026-08-25,75-2,75,A,leaf,5.0,,length_cm,91.0,,cm,85,2320.35
8,2026-08-25,75-2,75,A,leaf,5.0,,width_cm,8.0,,cm,85,2320.35
8,2026-08-25,75-2,75,A,leaf,6.0,,length_cm,94.5,,cm,85,2320.35
8,2026-08-25,75-2,75,A,leaf,6.0,,width_cm,8.7,,cm,85,2320.35
8,2026-08-25,75-2,75,A,leaf,7.0,,length_cm,80.0,,cm,85,2320.35
8,2026-08-25,75-2,75,A,leaf,7.0,,width_cm,8.3,,cm,85,2320.35
8,2026-08-25,75-2,75,A,leaf,8.0,,length_cm,84.0,,cm,85,2320.35
8,2026-08-25,75-2,75,A,leaf,8.0,,width_cm,9.5,,cm,85,2320.35
8,2026-08-25,75-2,75,A,leaf,9.0,,length_cm,82.5,,cm,85,2320.35
8,2026-08-25,75-2,75,A,leaf,9.0,,width_cm,8.5,,cm,85,2320.35
8,2026-08-25,75-2,75,A,leaf,10.0,,length_cm,87.5,,cm,85,2320.35
8,2026-08-25,75-2,75,A,leaf,10.0,,width_cm,8.1,,cm,85,2320.35
8,2026-08-25,75-2,75,A,leaf,11.0,,length_cm,93.0,,cm,85,2320.35
8,2026-08-25,75-2,75,A,leaf,11.0,,width_cm,9.0,,cm,85,2320.35
8,2026-08-25,75-2,75,A,leaf,12.0,,length_cm,85.5,,cm,85,2320.35
8,2026-08-25,75-2,75,A,leaf,12.0,,width_cm,8.9,,cm,85,2320.35
8,2026-08-25,75-2,75,A,leaf,13.0,,length_cm,65.5,,cm,85,2320.35
8,2026-08-25,75-2,75,A,leaf,13.0,,width_cm,7.9,,cm,85,2320.35
8,2026-08-25,75-2,75,A,leaf,14.0,,length_cm,38.5,,cm,85,2320.35
8,2026-08-25,74-3,74,B,leaf,1.0,,length_cm,54.0,,cm,85,2320.35
8,2026-08-25,74-3,74,B,leaf,1.0,,width_cm,7.2,,cm,85,2320.35
8,2026-08-25,74-3,74,B,leaf,2.0,,length_cm,57.0,,cm,85,2320.35
8,2026-08-25,74-3,74,B,leaf,2.0,,width_cm,7.0,,cm,85,2320.35
8,2026-08-25,74-3,74,B,leaf,3.0,,length_cm,58.5,,cm,85,2320.35
8,2026-08-25,74-3,74,B,leaf,3.0,,width_cm,8.0,,cm,85,2320.35
8,2026-08-25,74-3,74,B,leaf,4.0,,length_cm,63.0,,cm,85,2320.35
8,2026-08-25,74-3,74,B,leaf,4.0,,width_cm,7.6,,cm,85,2320.35
8,2026-08-25,74-3,74,B,leaf,5.0,,length_cm,61.5,,cm,85,2320.35
8,2026-08-25,74-3,74,B,leaf,5.0,,width_cm,7.7,,cm,85,2320.35
8,2026-08-25,74-3,74,B,leaf,6.0,,length_cm,58.5,,cm,85,2320.35
8,2026-08-25,74-3,74,B,leaf,6.0,,width_cm,6.6,,cm,85,2320.35
8,2026-08-25,74-3,74,B,leaf,7.0,,length_cm,62.0,,cm,85,2320.35
8,2026-08-25,74-3,74,B,leaf,7.0,,width_cm,6.4,,cm,85,2320.35
8,2026-08-25,74-3,74,B,leaf,8.0,,length_cm,55.5,,cm,85,2320.35
8,2026-08-25,74-3,74,B,leaf,8.0,,width_cm,6.4,,cm,85,2320.35
8,2026-08-25,74-3,74,B,leaf,9.0,,length_cm,48.5,,cm,85,2320.35
8,2026-08-25,74-3,74,B,leaf,9.0,,width_cm,6.0,,cm,85,2320.35
8,2026-08-25,74-3,74,B,leaf,10.0,,length_cm,46.5,,cm,85,2320.35
8,2026-08-25,74-3,74,B,leaf,10.0,,width_cm,5.2,,cm,85,2320.35
8,2026-08-25,74-3,74,B,leaf,11.0,,length_cm,40.0,,cm,85,2320.35
8,2026-08-25,74-3,74,B,leaf,11.0,,width_cm,4.6,,cm,85,2320.35
8,2026-08-25,74-3,74,B,leaf,12.0,,length_cm,27.5,,cm,85,2320.35
8,2026-08-25,74-3,74,B,leaf,12.0,,width_cm,2.6,,cm,85,2320.35
8,2026-08-25,75-3,75,A,leaf,1.0,,length_cm,106.0,,cm,85,2320.35
8,2026-08-25,75-3,75,A,leaf,1.0,,width_cm,5.2,,cm,85,2320.35
8,2026-08-25,75-3,75,A,leaf,2.0,,length_cm,106.5,,cm,85,2320.35
8,2026-08-25,75-3,75,A,leaf,2.0,,width_cm,5.4,,cm,85,2320.35
8,2026-08-25,75-3,75,A,leaf,3.0,,length_cm,96.0,,cm,85,2320.35
8,2026-08-25,75-3,75,A,leaf,3.0,,width_cm,8.5,,cm,85,2320.35
8,2026-08-25,75-3,75,A,leaf,4.0,,length_cm,94.5,,cm,85,2320.35
8,2026-08-25,75-3,75,A,leaf,4.0,,width_cm,8.6,,cm,85,2320.35
8,2026-08-25,75-3,75,A,leaf,5.0,,length_cm,93.0,,cm,85,2320.35
8,2026-08-25,75-3,75,A,leaf,5.0,,width_cm,7.9,,cm,85,2320.35
8,2026-08-25,75-3,75,A,leaf,6.0,,length_cm,98.0,,cm,85,2320.35
8,2026-08-25,75-3,75,A,leaf,6.0,,width_cm,7.8,,cm,85,2320.35
8,2026-08-25,75-3,75,A,leaf,7.0,,length_cm,103.0,,cm,85,2320.35
8,2026-08-25,75-3,75,A,leaf,7.0,,width_cm,7.6,,cm,85,2320.35
8,2026-08-25,75-3,75,A,leaf,8.0,,length_cm,94.0,,cm,85,2320.35
8,2026-08-25,75-3,75,A,leaf,8.0,,width_cm,8.0,,cm,85,2320.35
8,2026-08-25,75-3,75,A,leaf,9.0,,length_cm,75.0,,cm,85,2320.35
8,2026-08-25,75-3,75,A,leaf,9.0,,width_cm,6.6,,cm,85,2320.35
8,2026-08-25,75-3,75,A,leaf,10.0,,length_cm,45.0,,cm,85,2320.35
8,2026-08-25,73-3,73,C,leaf,1.0,,length_cm,36.0,,cm,85,2320.35
8,2026-08-25,73-3,73,C,leaf,1.0,,width_cm,4.8,,cm,85,2320.35
8,2026-08-25,73-3,73,C,leaf,2.0,,length_cm,46.0,,cm,85,2320.35
8,2026-08-25,73-3,73,C,leaf,2.0,,width_cm,6.0,,cm,85,2320.35
8,2026-08-25,73-3,73,C,leaf,3.0,,length_cm,48.0,,cm,85,2320.35
8,2026-08-25,73-3,73,C,leaf,3.0,,width_cm,7.4,,cm,85,2320.35
8,2026-08-25,73-3,73,C,leaf,4.0,,length_cm,53.0,,cm,85,2320.35
8,2026-08-25,73-3,73,C,leaf,4.0,,width_cm,8.0,,cm,85,2320.35
8,2026-08-25,73-3,73,C,leaf,5.0,,length_cm,61.0,,cm,85,2320.35
8,2026-08-25,73-3,73,C,leaf,5.0,,width_cm,8.1,,cm,85,2320.35
8,2026-08-25,73-3,73,C,leaf,6.0,,length_cm,65.0,,cm,85,2320.35
8,2026-08-25,73-3,73,C,leaf,6.0,,width_cm,8.1,,cm,85,2320.35
8,2026-08-25,73-3,73,C,leaf,7.0,,length_cm,68.0,,cm,85,2320.35
8,2026-08-25,73-3,73,C,leaf,7.0,,width_cm,8.0,,cm,85,2320.35
8,2026-08-25,73-3,73,C,leaf,8.0,,length_cm,65.5,,cm,85,2320.35
8,2026-08-25,73-3,73,C,leaf,8.0,,width_cm,8.4,,cm,85,2320.35
8,2026-08-25,73-3,73,C,leaf,9.0,,length_cm,64.5,,cm,85,2320.35
8,2026-08-25,73-3,73,C,leaf,9.0,,width_cm,7.5,,cm,85,2320.35
8,2026-08-25,73-3,73,C,leaf,10.0,,length_cm,69.0,,cm,85,2320.35
8,2026-08-25,73-3,73,C,leaf,10.0,,width_cm,8.2,,cm,85,2320.35
8,2026-08-25,73-3,73,C,leaf,11.0,,length_cm,59.5,,cm,85,2320.35
8,2026-08-25,73-3,73,C,leaf,12.0,,length_cm,42.0,,cm,85,2320.35
8,2026-08-25,73-3,73,C,leaf,12.0,,width_cm,8.5,,cm,85,2320.35
8,2026-08-25,75-4,75,A,leaf,1.0,,length_cm,110.0,,cm,85,2320.35
8,2026-08-25,75-4,75,A,leaf,1.0,,width_cm,8.1,,cm,85,2320.35
8,2026-08-25,75-4,75,A,leaf,2.0,,length_cm,105.0,,cm,85,2320.35
8,2026-08-25,75-4,75,A,leaf,2.0,,width_cm,8.1,,cm,85,2320.35
8,2026-08-25,75-4,75,A,leaf,3.0,,length_cm,97.5,,cm,85,2320.35
8,2026-08-25,75-4,75,A,leaf,3.0,,width_cm,8.9,,cm,85,2320.35
8,2026-08-25,75-4,75,A,leaf,4.0,,length_cm,95.5,,cm,85,2320.35
8,2026-08-25,75-4,75,A,leaf,4.0,,width_cm,10.5,,cm,85,2320.35
8,2026-08-25,75-4,75,A,leaf,5.0,,length_cm,87.5,,cm,85,2320.35
8,2026-08-25,75-4,75,A,leaf,5.0,,width_cm,11.0,,cm,85,2320.35
8,2026-08-25,75-4,75,A,leaf,6.0,,length_cm,84.0,,cm,85,2320.35
8,2026-08-25,75-4,75,A,leaf,6.0,,width_cm,9.8,,cm,85,2320.35
8,2026-08-25,75-4,75,A,leaf,7.0,,length_cm,78.0,,cm,85,2320.35
8,2026-08-25,75-4,75,A,leaf,7.0,,width_cm,9.6,,cm,85,2320.35
8,2026-08-25,75-4,75,A,leaf,8.0,,length_cm,80.0,,cm,85,2320.35
8,2026-08-25,75-4,75,A,leaf,8.0,,width_cm,8.7,,cm,85,2320.35
8,2026-08-25,75-4,75,A,leaf,9.0,,length_cm,88.0,,cm,85,2320.35
8,2026-08-25,75-4,75,A,leaf,9.0,,width_cm,8.0,,cm,85,2320.35
8,2026-08-25,75-4,75,A,leaf,10.0,,length_cm,91.5,,cm,85,2320.35
8,2026-08-25,75-4,75,A,leaf,10.0,,width_cm,8.8,,cm,85,2320.35
8,2026-08-25,75-4,75,A,leaf,11.0,,length_cm,84.0,,cm,85,2320.35
8,2026-08-25,75-4,75,A,leaf,11.0,,width_cm,8.1,,cm,85,2320.35
8,2026-08-25,75-4,75,A,leaf,12.0,,length_cm,60.0,,cm,85,2320.35
8,2026-08-25,75-4,75,A,leaf,12.0,,width_cm,6.7,,cm,85,2320.35
8,2026-08-25,75-4,75,A,leaf,13.0,,length_cm,30.5,,cm,85,2320.35
8,2026-08-25,73-4,73,C,leaf,1.0,,length_cm,45.5,,cm,85,2320.35
8,2026-08-25,73-4,73,C,leaf,1.0,,width_cm,9.2,,cm,85,2320.35
8,2026-08-25,73-4,73,C,leaf,2.0,,length_cm,51.0,,cm,85,2320.35
8,2026-08-25,73-4,73,C,leaf,2.0,,width_cm,6.2,,cm,85,2320.35
8,2026-08-25,73-4,73,C,leaf,3.0,,length_cm,55.5,,cm,85,2320.35
8,2026-08-25,73-4,73,C,leaf,3.0,,width_cm,7.1,,cm,85,2320.35
8,2026-08-25,73-4,73,C,leaf,4.0,,length_cm,63.0,,cm,85,2320.35
8,2026-08-25,73-4,73,C,leaf,4.0,,width_cm,8.4,,cm,85,2320.35
8,2026-08-25,73-4,73,C,leaf,5.0,,length_cm,64.0,,cm,85,2320.35
8,2026-08-25,73-4,73,C,leaf,5.0,,width_cm,8.7,,cm,85,2320.35
8,2026-08-25,73-4,73,C,leaf,6.0,,length_cm,62.5,,cm,85,2320.35
8,2026-08-25,73-4,73,C,leaf,6.0,,width_cm,8.2,,cm,85,2320.35
8,2026-08-25,73-4,73,C,leaf,7.0,,length_cm,67.0,,cm,85,2320.35
8,2026-08-25,73-4,73,C,leaf,7.0,,width_cm,9.5,,cm,85,2320.35
8,2026-08-25,73-4,73,C,leaf,8.0,,length_cm,66.0,,cm,85,2320.35
8,2026-08-25,73-4,73,C,leaf,8.0,,width_cm,5.5,,cm,85,2320.35
8,2026-08-25,73-4,73,C,leaf,9.0,,length_cm,66.0,,cm,85,2320.35
8,2026-08-25,73-4,73,C,leaf,9.0,,width_cm,8.4,,cm,85,2320.35
8,2026-08-25,73-4,73,C,leaf,10.0,,length_cm,64.5,,cm,85,2320.35
8,2026-08-25,73-4,73,C,leaf,11.0,,length_cm,58.0,,cm,85,2320.35
8,2026-08-25,73-4,73,C,leaf,11.0,,width_cm,8.7,,cm,85,2320.35
8,2026-08-25,73-4,73,C,leaf,12.0,,length_cm,42.0,,cm,85,2320.35
8,2026-08-25,73-4,73,C,leaf,12.0,,width_cm,3.5,,cm,85,2320.35
8,2026-08-25,74-4,74,B,leaf,1.0,,length_cm,58.5,,cm,85,2320.35
8,2026-08-25,74-4,74,B,leaf,1.0,,width_cm,7.5,,cm,85,2320.35
8,2026-08-25,74-4,74,B,leaf,2.0,,length_cm,56.0,,cm,85,2320.35
8,2026-08-25,74-4,74,B,leaf,2.0,,width_cm,7.5,,cm,85,2320.35
8,2026-08-25,74-4,74,B,leaf,3.0,,length_cm,58.0,,cm,85,2320.35
8,2026-08-25,74-4,74,B,leaf,3.0,,width_cm,5.5,,cm,85,2320.35
8,2026-08-25,74-4,74,B,leaf,4.0,,length_cm,64.0,,cm,85,2320.35
8,2026-08-25,74-4,74,B,leaf,4.0,,width_cm,6.0,,cm,85,2320.35
8,2026-08-25,74-4,74,B,leaf,5.0,,length_cm,62.0,,cm,85,2320.35
8,2026-08-25,74-4,74,B,leaf,5.0,,width_cm,6.2,,cm,85,2320.35
8,2026-08-25,74-4,74,B,leaf,6.0,,length_cm,66.5,,cm,85,2320.35
8,2026-08-25,74-4,74,B,leaf,6.0,,width_cm,6.0,,cm,85,2320.35
8,2026-08-25,74-4,74,B,leaf,7.0,,length_cm,60.0,,cm,85,2320.35
8,2026-08-25,74-4,74,B,leaf,7.0,,width_cm,6.0,,cm,85,2320.35
8,2026-08-25,74-4,74,B,leaf,8.0,,length_cm,52.5,,cm,85,2320.35
8,2026-08-25,74-4,74,B,leaf,8.0,,width_cm,6.1,,cm,85,2320.35
8,2026-08-25,74-4,74,B,leaf,9.0,,length_cm,49.0,,cm,85,2320.35
8,2026-08-25,74-4,74,B,leaf,9.0,,width_cm,5.4,,cm,85,2320.35
8,2026-08-25,74-4,74,B,leaf,10.0,,length_cm,43.0,,cm,85,2320.35
8,2026-08-25,74-4,74,B,leaf,10.0,,width_cm,4.8,,cm,85,2320.35
8,2026-08-25,74-4,74,B,leaf,11.0,,length_cm,39.0,,cm,85,2320.35
8,2026-08-25,74-4,74,B,leaf,11.0,,width_cm,4.1,,cm,85,2320.35
8,2026-08-25,74-4,74,B,leaf,12.0,,length_cm,23.5,,cm,85,2320.35
8,2026-08-25,74-4,74,B,leaf,12.0,,width_cm,2.2,,cm,85,2320.35
8,2026-08-25,75-5,75,A,leaf,1.0,,length_cm,79.0,,cm,85,2320.35
8,2026-08-25,75-5,75,A,leaf,1.0,,width_cm,7.4,,cm,85,2320.35
8,2026-08-25,75-5,75,A,leaf,3.0,,length_cm,100.0,,cm,85,2320.35
8,2026-08-25,75-5,75,A,leaf,3.0,,width_cm,8.5,,cm,85,2320.35
8,2026-08-25,75-5,75,A,leaf,4.0,,length_cm,106.0,,cm,85,2320.35
8,2026-08-25,75-5,75,A,leaf,4.0,,width_cm,9.6,,cm,85,2320.35
8,2026-08-25,75-5,75,A,leaf,5.0,,length_cm,100.0,,cm,85,2320.35
8,2026-08-25,75-5,75,A,leaf,5.0,,width_cm,9.8,,cm,85,2320.35
8,2026-08-25,75-5,75,A,leaf,6.0,,length_cm,92.0,,cm,85,2320.35
8,2026-08-25,75-5,75,A,leaf,6.0,,width_cm,8.9,,cm,85,2320.35
8,2026-08-25,75-5,75,A,leaf,7.0,,length_cm,80.0,,cm,85,2320.35
8,2026-08-25,75-5,75,A,leaf,7.0,,width_cm,8.9,,cm,85,2320.35
8,2026-08-25,75-5,75,A,leaf,8.0,,length_cm,85.0,,cm,85,2320.35
8,2026-08-25,75-5,75,A,leaf,8.0,,width_cm,9.6,,cm,85,2320.35
8,2026-08-25,75-5,75,A,leaf,9.0,,length_cm,88.5,,cm,85,2320.35
8,2026-08-25,75-5,75,A,leaf,9.0,,width_cm,8.5,,cm,85,2320.35
8,2026-08-25,75-5,75,A,leaf,10.0,,length_cm,87.5,,cm,85,2320.35
8,2026-08-25,75-5,75,A,leaf,10.0,,width_cm,9.6,,cm,85,2320.35
8,2026-08-25,75-5,75,A,leaf,11.0,,length_cm,88.0,,cm,85,2320.35
8,2026-08-25,75-5,75,A,leaf,11.0,,width_cm,9.5,,cm,85,2320.35
8,2026-08-25,75-5,75,A,leaf,12.0,,length_cm,89.0,,cm,85,2320.35
8,2026-08-25,75-5,75,A,leaf,12.0,,width_cm,9.9,,cm,85,2320.35
8,2026-08-25,75-5,75,A,leaf,13.0,,length_cm,91.5,,cm,85,2320.35
8,2026-08-25,75-5,75,A,leaf,13.0,,width_cm,9.3,,cm,85,2320.35
8,2026-08-25,75-5,75,A,leaf,14.0,,length_cm,93.0,,cm,85,2320.35
8,2026-08-25,75-5,75,A,leaf,14.0,,width_cm,9.5,,cm,85,2320.35
8,2026-08-25,75-5,75,A,leaf,15.0,,length_cm,90.5,,cm,85,2320.35
8,2026-08-25,75-5,75,A,leaf,15.0,,width_cm,8.6,,cm,85,2320.35
8,2026-08-25,75-5,75,A,leaf,16.0,,length_cm,71.0,,cm,85,2320.35
8,2026-08-25,75-5,75,A,leaf,17.0,,length_cm,44.5,,cm,85,2320.35
8,2026-08-25,74-5,74,B,leaf,1.0,,length_cm,57.0,,cm,85,2320.35
8,2026-08-25,74-5,74,B,leaf,1.0,,width_cm,6.0,,cm,85,2320.35
8,2026-08-25,74-5,74,B,leaf,2.0,,length_cm,59.0,,cm,85,2320.35
8,2026-08-25,74-5,74,B,leaf,2.0,,width_cm,8.0,,cm,85,2320.35
8,2026-08-25,74-5,74,B,leaf,3.0,,length_cm,61.5,,cm,85,2320.35
8,2026-08-25,74-5,74,B,leaf,3.0,,width_cm,8.6,,cm,85,2320.35
8,2026-08-25,74-5,74,B,leaf,4.0,,length_cm,61.5,,cm,85,2320.35
8,2026-08-25,74-5,74,B,leaf,4.0,,width_cm,7.8,,cm,85,2320.35
8,2026-08-25,74-5,74,B,leaf,5.0,,length_cm,67.0,,cm,85,2320.35
8,2026-08-25,74-5,74,B,leaf,5.0,,width_cm,7.8,,cm,85,2320.35
8,2026-08-25,74-5,74,B,leaf,6.0,,length_cm,55.0,,cm,85,2320.35
8,2026-08-25,74-5,74,B,leaf,7.0,,length_cm,64.5,,cm,85,2320.35
8,2026-08-25,74-5,74,B,leaf,7.0,,width_cm,7.0,,cm,85,2320.35
8,2026-08-25,74-5,74,B,leaf,8.0,,length_cm,59.0,,cm,85,2320.35
8,2026-08-25,74-5,74,B,leaf,8.0,,width_cm,7.1,,cm,85,2320.35
8,2026-08-25,74-5,74,B,leaf,9.0,,length_cm,50.0,,cm,85,2320.35
8,2026-08-25,74-5,74,B,leaf,9.0,,width_cm,6.5,,cm,85,2320.35
8,2026-08-25,74-5,74,B,leaf,10.0,,length_cm,45.0,,cm,85,2320.35
8,2026-08-25,74-5,74,B,leaf,10.0,,width_cm,6.3,,cm,85,2320.35
8,2026-08-25,74-5,74,B,leaf,11.0,,length_cm,43.0,,cm,85,2320.35
8,2026-08-25,74-5,74,B,leaf,11.0,,width_cm,5.4,,cm,85,2320.35
8,2026-08-25,74-5,74,B,leaf,12.0,,length_cm,35.5,,cm,85,2320.35
8,2026-08-25,74-5,74,B,leaf,12.0,,width_cm,4.6,rolled_measured,cm,85,2320.35
8,2026-08-25,74-5,74,B,leaf,13.0,,length_cm,26.0,,cm,85,2320.35
8,2026-08-25,74-5,74,B,leaf,13.0,,width_cm,3.0,rolled_measured,cm,85,2320.35
8,2026-08-25,73-5,73,C,leaf,1.0,,length_cm,50.5,,cm,85,2320.35
8,2026-08-25,73-5,73,C,leaf,1.0,,width_cm,5.5,,cm,85,2320.35
8,2026-08-25,73-5,73,C,leaf,2.0,,length_cm,50.5,,cm,85,2320.35
8,2026-08-25,73-5,73,C,leaf,2.0,,width_cm,6.3,,cm,85,2320.35
8,2026-08-25,73-5,73,C,leaf,3.0,,length_cm,57.0,,cm,85,2320.35
8,2026-08-25,73-5,73,C,leaf,3.0,,width_cm,7.5,,cm,85,2320.35
8,2026-08-25,73-5,73,C,leaf,4.0,,length_cm,59.5,,cm,85,2320.35
8,2026-08-25,73-5,73,C,leaf,4.0,,width_cm,8.1,,cm,85,2320.35
8,2026-08-25,73-5,73,C,leaf,5.0,,length_cm,60.5,,cm,85,2320.35
8,2026-08-25,73-5,73,C,leaf,5.0,,width_cm,8.4,,cm,85,2320.35
8,2026-08-25,73-5,73,C,leaf,6.0,,length_cm,62.0,,cm,85,2320.35
8,2026-08-25,73-5,73,C,leaf,6.0,,width_cm,8.3,,cm,85,2320.35
8,2026-08-25,73-5,73,C,leaf,7.0,,length_cm,66.0,,cm,85,2320.35
8,2026-08-25,73-5,73,C,leaf,7.0,,width_cm,9.0,,cm,85,2320.35
8,2026-08-25,73-5,73,C,leaf,8.0,,length_cm,64.0,,cm,85,2320.35
8,2026-08-25,73-5,73,C,leaf,8.0,,width_cm,7.9,,cm,85,2320.35
8,2026-08-25,73-5,73,C,leaf,9.0,,length_cm,68.5,,cm,85,2320.35
8,2026-08-25,73-5,73,C,leaf,9.0,,width_cm,8.5,,cm,85,2320.35
8,2026-08-25,73-5,73,C,leaf,10.0,,length_cm,62.0,,cm,85,2320.35
8,2026-08-25,73-5,73,C,leaf,10.0,,width_cm,9.0,,cm,85,2320.35
8,2026-08-25,73-5,73,C,leaf,11.0,,length_cm,50.5,,cm,85,2320.35
8,2026-08-25,73-5,73,C,leaf,11.0,,width_cm,8.2,,cm,85,2320.35
8,2026-08-25,75-1,75,A,leaf,1.0,,leafX,-4.0,,cm,85,2320.35
8,2026-08-25,75-1,75,A,leaf,1.0,,leafY,56.0,,cm,85,2320.35
8,2026-08-25,75-1,75,A,leaf,1.0,,leafZ,148.0,,cm,85,2320.35
8,2026-08-25,75-1,75,A,leaf,1.0,,angle_from_vertical,34.0,,deg,85,2320.35
8,2026-08-25,75-1,75,A,leaf,2.0,,leafX,-12.0,,cm,85,2320.35
8,2026-08-25,75-1,75,A,leaf,2.0,,leafY,57.0,,cm,85,2320.35
8,2026-08-25,75-1,75,A,leaf,2.0,,leafZ,-125.0,,cm,85,2320.35
8,2026-08-25,75-1,75,A,leaf,2.0,,angle_from_vertical,33.0,,deg,85,2320.35
8,2026-08-25,75-1,75,A,leaf,3.0,,leafX,0.0,,cm,85,2320.35
8,2026-08-25,75-1,75,A,leaf,3.0,,leafY,48.0,,cm,85,2320.35
8,2026-08-25,75-1,75,A,leaf,3.0,,leafZ,53.0,,cm,85,2320.35
8,2026-08-25,75-1,75,A,leaf,3.0,,angle_from_vertical,42.0,,deg,85,2320.35
8,2026-08-25,75-1,75,A,leaf,4.0,,leafX,-8.0,,cm,85,2320.35
8,2026-08-25,75-1,75,A,leaf,4.0,,leafY,46.0,,cm,85,2320.35
8,2026-08-25,75-1,75,A,leaf,4.0,,leafZ,-30.0,,cm,85,2320.35
8,2026-08-25,75-1,75,A,leaf,4.0,,angle_from_vertical,44.0,,deg,85,2320.35
8,2026-08-25,75-1,75,A,leaf,5.0,,leafX,10.0,,cm,85,2320.35
8,2026-08-25,75-1,75,A,leaf,5.0,,leafY,37.0,,cm,85,2320.35
8,2026-08-25,75-1,75,A,leaf,5.0,,leafZ,-140.0,,cm,85,2320.35
8,2026-08-25,75-1,75,A,leaf,5.0,,angle_from_vertical,53.0,,deg,85,2320.35
8,2026-08-25,75-1,75,A,leaf,6.0,,leafX,-1.0,,cm,85,2320.35
8,2026-08-25,75-1,75,A,leaf,6.0,,leafY,30.0,,cm,85,2320.35
8,2026-08-25,75-1,75,A,leaf,6.0,,leafZ,-5.0,,cm,85,2320.35
8,2026-08-25,75-1,75,A,leaf,6.0,,angle_from_vertical,60.0,,deg,85,2320.35
8,2026-08-25,75-1,75,A,leaf,7.0,,leafX,-3.0,,cm,85,2320.35
8,2026-08-25,75-1,75,A,leaf,7.0,,leafY,-50.0,,cm,85,2320.35
8,2026-08-25,75-1,75,A,leaf,7.0,,leafZ,115.0,,cm,85,2320.35
8,2026-08-25,75-1,75,A,leaf,7.0,,angle_from_vertical,40.0,,deg,85,2320.35
8,2026-08-25,75-1,75,A,leaf,8.0,,leafX,-6.0,,cm,85,2320.35
8,2026-08-25,75-1,75,A,leaf,8.0,,leafY,-38.0,,cm,85,2320.35
8,2026-08-25,75-1,75,A,leaf,8.0,,leafZ,-113.0,,cm,85,2320.35
8,2026-08-25,75-1,75,A,leaf,8.0,,angle_from_vertical,52.0,,deg,85,2320.35
8,2026-08-25,75-1,75,A,leaf,9.0,,leafX,1.0,,cm,85,2320.35
8,2026-08-25,75-1,75,A,leaf,9.0,,leafY,-63.0,,cm,85,2320.35
8,2026-08-25,75-1,75,A,leaf,9.0,,leafZ,137.0,,cm,85,2320.35
8,2026-08-25,75-1,75,A,leaf,9.0,,angle_from_vertical,27.0,,deg,85,2320.35
8,2026-08-25,75-1,75,A,leaf,10.0,,leafX,-3.0,,cm,85,2320.35
8,2026-08-25,75-1,75,A,leaf,10.0,,leafY,-60.0,,cm,85,2320.35
8,2026-08-25,75-1,75,A,leaf,10.0,,leafZ,-58.0,,cm,85,2320.35
8,2026-08-25,75-1,75,A,leaf,10.0,,angle_from_vertical,30.0,,deg,85,2320.35
8,2026-08-25,75-1,75,A,leaf,11.0,,leafX,-21.0,,cm,85,2320.35
8,2026-08-25,75-1,75,A,leaf,11.0,,leafY,-68.0,,cm,85,2320.35
8,2026-08-25,75-1,75,A,leaf,11.0,,leafZ,66.0,,cm,85,2320.35
8,2026-08-25,75-1,75,A,leaf,11.0,,angle_from_vertical,22.0,,deg,85,2320.35
8,2026-08-25,75-1,75,A,leaf,12.0,,leafX,-4.0,,cm,85,2320.35
8,2026-08-25,75-1,75,A,leaf,12.0,,leafY,-57.0,,cm,85,2320.35
8,2026-08-25,75-1,75,A,leaf,12.0,,leafZ,-108.0,,cm,85,2320.35
8,2026-08-25,75-1,75,A,leaf,12.0,,angle_from_vertical,33.0,,deg,85,2320.35
8,2026-08-25,75-1,75,A,leaf,13.0,,leafX,-69.0,,cm,85,2320.35
8,2026-08-25,75-1,75,A,leaf,13.0,,leafY,-74.0,,cm,85,2320.35
8,2026-08-25,75-1,75,A,leaf,13.0,,leafZ,135.0,,cm,85,2320.35
8,2026-08-25,75-1,75,A,leaf,13.0,,angle_from_vertical,16.0,,deg,85,2320.35
8,2026-08-25,75-1,75,A,leaf,14.0,,leafX,12.0,,cm,85,2320.35
8,2026-08-25,75-1,75,A,leaf,14.0,,leafY,-75.0,,cm,85,2320.35
8,2026-08-25,75-1,75,A,leaf,14.0,,leafZ,95.0,,cm,85,2320.35
8,2026-08-25,75-1,75,A,leaf,14.0,,angle_from_vertical,15.0,,deg,85,2320.35
8,2026-08-25,75-1,75,A,leaf,15.0,,leafX,-7.0,,cm,85,2320.35
8,2026-08-25,75-1,75,A,leaf,15.0,,leafY,-74.0,,cm,85,2320.35
8,2026-08-25,75-1,75,A,leaf,15.0,,leafZ,123.0,,cm,85,2320.35
8,2026-08-25,75-1,75,A,leaf,15.0,,angle_from_vertical,16.0,,deg,85,2320.35
8,2026-08-25,74-1,74,B,leaf,1.0,,leafX,-20.0,,cm,85,2320.35
8,2026-08-25,74-1,74,B,leaf,1.0,,leafY,47.0,,cm,85,2320.35
8,2026-08-25,74-1,74,B,leaf,1.0,,leafZ,-35.0,,cm,85,2320.35
8,2026-08-25,74-1,74,B,leaf,1.0,,angle_from_vertical,43.0,,deg,85,2320.35
8,2026-08-25,74-1,74,B,leaf,2.0,,leafX,13.0,,cm,85,2320.35
8,2026-08-25,74-1,74,B,leaf,2.0,,leafY,48.0,,cm,85,2320.35
8,2026-08-25,74-1,74,B,leaf,2.0,,leafZ,-71.0,,cm,85,2320.35
8,2026-08-25,74-1,74,B,leaf,2.0,,angle_from_vertical,42.0,,deg,85,2320.35
8,2026-08-25,74-1,74,B,leaf,3.0,,leafX,2.0,,cm,85,2320.35
8,2026-08-25,74-1,74,B,leaf,3.0,,leafY,-19.0,,cm,85,2320.35
8,2026-08-25,74-1,74,B,leaf,3.0,,leafZ,142.0,,cm,85,2320.35
8,2026-08-25,74-1,74,B,leaf,3.0,,angle_from_vertical,71.0,,deg,85,2320.35
8,2026-08-25,74-1,74,B,leaf,4.0,,leafX,3.0,,cm,85,2320.35
8,2026-08-25,74-1,74,B,leaf,4.0,,leafY,-38.0,,cm,85,2320.35
8,2026-08-25,74-1,74,B,leaf,4.0,,leafZ,-25.0,,cm,85,2320.35
8,2026-08-25,74-1,74,B,leaf,4.0,,angle_from_vertical,52.0,,deg,85,2320.35
8,2026-08-25,74-1,74,B,leaf,5.0,,leafX,-3.0,,cm,85,2320.35
8,2026-08-25,74-1,74,B,leaf,5.0,,leafY,-23.0,,cm,85,2320.35
8,2026-08-25,74-1,74,B,leaf,5.0,,leafZ,-176.0,,cm,85,2320.35
8,2026-08-25,74-1,74,B,leaf,5.0,,angle_from_vertical,67.0,,deg,85,2320.35
8,2026-08-25,74-1,74,B,leaf,6.0,,leafX,-9.0,,cm,85,2320.35
8,2026-08-25,74-1,74,B,leaf,6.0,,leafY,-38.0,,cm,85,2320.35
8,2026-08-25,74-1,74,B,leaf,6.0,,leafZ,47.0,,cm,85,2320.35
8,2026-08-25,74-1,74,B,leaf,6.0,,angle_from_vertical,52.0,,deg,85,2320.35
8,2026-08-25,74-1,74,B,leaf,7.0,,leafX,8.0,,cm,85,2320.35
8,2026-08-25,74-1,74,B,leaf,7.0,,leafY,-29.0,,cm,85,2320.35
8,2026-08-25,74-1,74,B,leaf,7.0,,leafZ,-95.0,,cm,85,2320.35
8,2026-08-25,74-1,74,B,leaf,7.0,,angle_from_vertical,61.0,,deg,85,2320.35
8,2026-08-25,74-1,74,B,leaf,8.0,,leafX,4.0,,cm,85,2320.35
8,2026-08-25,74-1,74,B,leaf,8.0,,leafY,-32.0,,cm,85,2320.35
8,2026-08-25,74-1,74,B,leaf,8.0,,leafZ,-2.0,,cm,85,2320.35
8,2026-08-25,74-1,74,B,leaf,8.0,,angle_from_vertical,58.0,,deg,85,2320.35
8,2026-08-25,74-1,74,B,leaf,9.0,,leafX,7.0,,cm,85,2320.35
8,2026-08-25,74-1,74,B,leaf,9.0,,leafY,-33.0,,cm,85,2320.35
8,2026-08-25,74-1,74,B,leaf,9.0,,leafZ,-138.0,,cm,85,2320.35
8,2026-08-25,74-1,74,B,leaf,9.0,,angle_from_vertical,57.0,,deg,85,2320.35
8,2026-08-25,74-1,74,B,leaf,10.0,,leafX,0.0,,cm,85,2320.35
8,2026-08-25,74-1,74,B,leaf,10.0,,leafY,-42.0,,cm,85,2320.35
8,2026-08-25,74-1,74,B,leaf,10.0,,leafZ,-34.0,,cm,85,2320.35
8,2026-08-25,74-1,74,B,leaf,10.0,,angle_from_vertical,48.0,,deg,85,2320.35
8,2026-08-25,74-1,74,B,leaf,11.0,,leafX,-3.0,,cm,85,2320.35
8,2026-08-25,74-1,74,B,leaf,11.0,,leafY,-26.0,,cm,85,2320.35
8,2026-08-25,74-1,74,B,leaf,11.0,,leafZ,70.0,,cm,85,2320.35
8,2026-08-25,74-1,74,B,leaf,11.0,,angle_from_vertical,64.0,,deg,85,2320.35
8,2026-08-25,74-1,74,B,leaf,12.0,,leafX,0.0,,cm,85,2320.35
8,2026-08-25,74-1,74,B,leaf,12.0,,leafY,-33.0,,cm,85,2320.35
8,2026-08-25,74-1,74,B,leaf,12.0,,leafZ,-94.0,,cm,85,2320.35
8,2026-08-25,74-1,74,B,leaf,12.0,,angle_from_vertical,57.0,,deg,85,2320.35
8,2026-08-25,74-1,74,B,leaf,13.0,,leafX,-6.0,,cm,85,2320.35
8,2026-08-25,74-1,74,B,leaf,13.0,,leafY,-19.0,,cm,85,2320.35
8,2026-08-25,74-1,74,B,leaf,13.0,,leafZ,44.0,,cm,85,2320.35
8,2026-08-25,74-1,74,B,leaf,13.0,,angle_from_vertical,71.0,,deg,85,2320.35
8,2026-08-25,74-1,74,B,leaf,14.0,,leafX,-20.0,,cm,85,2320.35
8,2026-08-25,74-1,74,B,leaf,14.0,,leafY,-44.0,,cm,85,2320.35
8,2026-08-25,74-1,74,B,leaf,14.0,,leafZ,-15.0,,cm,85,2320.35
8,2026-08-25,74-1,74,B,leaf,14.0,,angle_from_vertical,46.0,,deg,85,2320.35
8,2026-08-25,73-1,73,C,leaf,1.0,,leafX,8.0,,cm,85,2320.35
8,2026-08-25,73-1,73,C,leaf,1.0,,leafY,-52.0,,cm,85,2320.35
8,2026-08-25,73-1,73,C,leaf,1.0,,leafZ,88.0,,cm,85,2320.35
8,2026-08-25,73-1,73,C,leaf,1.0,,angle_from_vertical,38.0,,deg,85,2320.35
8,2026-08-25,73-1,73,C,leaf,2.0,,leafX,-3.0,,cm,85,2320.35
8,2026-08-25,73-1,73,C,leaf,2.0,,leafY,-33.0,,cm,85,2320.35
8,2026-08-25,73-1,73,C,leaf,2.0,,leafZ,-24.0,,cm,85,2320.35
8,2026-08-25,73-1,73,C,leaf,2.0,,angle_from_vertical,57.0,,deg,85,2320.35
8,2026-08-25,73-1,73,C,leaf,3.0,,leafX,4.0,,cm,85,2320.35
8,2026-08-25,73-1,73,C,leaf,3.0,,leafY,-50.0,,cm,85,2320.35
8,2026-08-25,73-1,73,C,leaf,3.0,,leafZ,73.0,,cm,85,2320.35
8,2026-08-25,73-1,73,C,leaf,3.0,,angle_from_vertical,40.0,,deg,85,2320.35
8,2026-08-25,73-1,73,C,leaf,4.0,,leafX,-5.0,,cm,85,2320.35
8,2026-08-25,73-1,73,C,leaf,4.0,,leafY,-17.0,,cm,85,2320.35
8,2026-08-25,73-1,73,C,leaf,4.0,,leafZ,136.0,,cm,85,2320.35
8,2026-08-25,73-1,73,C,leaf,4.0,,angle_from_vertical,73.0,,deg,85,2320.35
8,2026-08-25,73-1,73,C,leaf,5.0,,leafX,5.0,,cm,85,2320.35
8,2026-08-25,73-1,73,C,leaf,5.0,,leafY,-34.0,,cm,85,2320.35
8,2026-08-25,73-1,73,C,leaf,5.0,,leafZ,15.0,,cm,85,2320.35
8,2026-08-25,73-1,73,C,leaf,5.0,,angle_from_vertical,56.0,,deg,85,2320.35
8,2026-08-25,73-1,73,C,leaf,6.0,,leafX,-6.0,,cm,85,2320.35
8,2026-08-25,73-1,73,C,leaf,6.0,,leafY,-26.0,,cm,85,2320.35
8,2026-08-25,73-1,73,C,leaf,6.0,,leafZ,110.0,,cm,85,2320.35
8,2026-08-25,73-1,73,C,leaf,6.0,,angle_from_vertical,64.0,,deg,85,2320.35
8,2026-08-25,73-1,73,C,leaf,7.0,,leafX,-1.0,,cm,85,2320.35
8,2026-08-25,73-1,73,C,leaf,7.0,,leafY,42.0,,cm,85,2320.35
8,2026-08-25,73-1,73,C,leaf,7.0,,leafZ,-70.0,,cm,85,2320.35
8,2026-08-25,73-1,73,C,leaf,7.0,,angle_from_vertical,48.0,,deg,85,2320.35
8,2026-08-25,73-1,73,C,leaf,8.0,,leafX,11.0,,cm,85,2320.35
8,2026-08-25,73-1,73,C,leaf,8.0,,leafY,-22.0,,cm,85,2320.35
8,2026-08-25,73-1,73,C,leaf,8.0,,leafZ,-152.0,,cm,85,2320.35
8,2026-08-25,73-1,73,C,leaf,8.0,,angle_from_vertical,68.0,,deg,85,2320.35
8,2026-08-25,73-1,73,C,leaf,9.0,,leafX,-8.0,,cm,85,2320.35
8,2026-08-25,73-1,73,C,leaf,9.0,,leafY,-50.0,,cm,85,2320.35
8,2026-08-25,73-1,73,C,leaf,9.0,,leafZ,105.0,,cm,85,2320.35
8,2026-08-25,73-1,73,C,leaf,9.0,,angle_from_vertical,40.0,,deg,85,2320.35
8,2026-08-25,73-1,73,C,leaf,10.0,,leafX,4.0,,cm,85,2320.35
8,2026-08-25,73-1,73,C,leaf,10.0,,leafY,-33.0,,cm,85,2320.35
8,2026-08-25,73-1,73,C,leaf,10.0,,leafZ,80.0,,cm,85,2320.35
8,2026-08-25,73-1,73,C,leaf,10.0,,angle_from_vertical,57.0,,deg,85,2320.35
8,2026-08-25,73-1,73,C,leaf,11.0,,leafX,-11.0,,cm,85,2320.35
8,2026-08-25,73-1,73,C,leaf,11.0,,leafY,-16.0,,cm,85,2320.35
8,2026-08-25,73-1,73,C,leaf,11.0,,leafZ,-104.0,,cm,85,2320.35
8,2026-08-25,73-1,73,C,leaf,11.0,,angle_from_vertical,74.0,,deg,85,2320.35
8,2026-08-25,73-1,73,C,leaf,12.0,,leafX,-2.0,,cm,85,2320.35
8,2026-08-25,73-1,73,C,leaf,12.0,,leafY,-7.0,,cm,85,2320.35
8,2026-08-25,73-1,73,C,leaf,12.0,,leafZ,78.0,,cm,85,2320.35
8,2026-08-25,73-1,73,C,leaf,12.0,,angle_from_vertical,83.0,,deg,85,2320.35
8,2026-08-25,74-2,74,B,leaf,1.0,,leafX,-3.0,,cm,85,2320.35
8,2026-08-25,74-2,74,B,leaf,1.0,,leafY,-20.0,,cm,85,2320.35
8,2026-08-25,74-2,74,B,leaf,1.0,,leafZ,119.0,,cm,85,2320.35
8,2026-08-25,74-2,74,B,leaf,1.0,,angle_from_vertical,70.0,,deg,85,2320.35
8,2026-08-25,74-2,74,B,leaf,2.0,,leafX,3.0,,cm,85,2320.35
8,2026-08-25,74-2,74,B,leaf,2.0,,leafY,50.0,,cm,85,2320.35
8,2026-08-25,74-2,74,B,leaf,2.0,,leafZ,-65.0,,cm,85,2320.35
8,2026-08-25,74-2,74,B,leaf,2.0,,angle_from_vertical,40.0,,deg,85,2320.35
8,2026-08-25,74-2,74,B,leaf,3.0,,leafX,18.0,,cm,85,2320.35
8,2026-08-25,74-2,74,B,leaf,3.0,,leafY,-17.0,,cm,85,2320.35
8,2026-08-25,74-2,74,B,leaf,3.0,,leafZ,128.0,,cm,85,2320.35
8,2026-08-25,74-2,74,B,leaf,3.0,,angle_from_vertical,73.0,,deg,85,2320.35
8,2026-08-25,74-2,74,B,leaf,4.0,,leafX,-14.0,,cm,85,2320.35
8,2026-08-25,74-2,74,B,leaf,4.0,,leafY,-53.0,,cm,85,2320.35
8,2026-08-25,74-2,74,B,leaf,4.0,,leafZ,130.0,,cm,85,2320.35
8,2026-08-25,74-2,74,B,leaf,4.0,,angle_from_vertical,37.0,,deg,85,2320.35
8,2026-08-25,74-2,74,B,leaf,5.0,,leafX,6.0,,cm,85,2320.35
8,2026-08-25,74-2,74,B,leaf,5.0,,leafY,-48.0,,cm,85,2320.35
8,2026-08-25,74-2,74,B,leaf,5.0,,leafZ,40.0,,cm,85,2320.35
8,2026-08-25,74-2,74,B,leaf,5.0,,angle_from_vertical,42.0,,deg,85,2320.35
8,2026-08-25,74-2,74,B,leaf,6.0,,leafX,6.0,,cm,85,2320.35
8,2026-08-25,74-2,74,B,leaf,6.0,,leafY,-48.0,,cm,85,2320.35
8,2026-08-25,74-2,74,B,leaf,6.0,,leafZ,40.0,,cm,85,2320.35
8,2026-08-25,74-2,74,B,leaf,6.0,,angle_from_vertical,42.0,,deg,85,2320.35
8,2026-08-25,74-2,74,B,leaf,7.0,,leafX,-5.0,,cm,85,2320.35
8,2026-08-25,74-2,74,B,leaf,7.0,,leafY,-30.0,,cm,85,2320.35
8,2026-08-25,74-2,74,B,leaf,7.0,,leafZ,-140.0,,cm,85,2320.35
8,2026-08-25,74-2,74,B,leaf,7.0,,angle_from_vertical,60.0,,deg,85,2320.35
8,2026-08-25,74-2,74,B,leaf,8.0,,leafX,7.0,,cm,85,2320.35
8,2026-08-25,74-2,74,B,leaf,8.0,,leafY,-60.0,,cm,85,2320.35
8,2026-08-25,74-2,74,B,leaf,8.0,,leafZ,52.0,,cm,85,2320.35
8,2026-08-25,74-2,74,B,leaf,8.0,,angle_from_vertical,30.0,,deg,85,2320.35
8,2026-08-25,74-2,74,B,leaf,9.0,,leafX,-8.0,,cm,85,2320.35
8,2026-08-25,74-2,74,B,leaf,9.0,,leafY,-31.0,,cm,85,2320.35
8,2026-08-25,74-2,74,B,leaf,9.0,,leafZ,156.0,,cm,85,2320.35
8,2026-08-25,74-2,74,B,leaf,9.0,,angle_from_vertical,59.0,,deg,85,2320.35
8,2026-08-25,74-2,74,B,leaf,10.0,,leafX,5.0,,cm,85,2320.35
8,2026-08-25,74-2,74,B,leaf,10.0,,leafY,-54.0,,cm,85,2320.35
8,2026-08-25,74-2,74,B,leaf,10.0,,leafZ,38.0,,cm,85,2320.35
8,2026-08-25,74-2,74,B,leaf,10.0,,angle_from_vertical,36.0,,deg,85,2320.35
8,2026-08-25,74-2,74,B,leaf,11.0,,leafX,0.0,,cm,85,2320.35
8,2026-08-25,74-2,74,B,leaf,11.0,,leafY,-15.0,,cm,85,2320.35
8,2026-08-25,74-2,74,B,leaf,11.0,,leafZ,-129.0,,cm,85,2320.35
8,2026-08-25,74-2,74,B,leaf,11.0,,angle_from_vertical,75.0,,deg,85,2320.35
8,2026-08-25,74-2,74,B,leaf,12.0,,leafX,15.0,,cm,85,2320.35
8,2026-08-25,74-2,74,B,leaf,12.0,,leafY,-36.0,,cm,85,2320.35
8,2026-08-25,74-2,74,B,leaf,12.0,,leafZ,25.0,,cm,85,2320.35
8,2026-08-25,74-2,74,B,leaf,12.0,,angle_from_vertical,54.0,,deg,85,2320.35
8,2026-08-25,74-2,74,B,leaf,13.0,,leafX,6.0,,cm,85,2320.35
8,2026-08-25,74-2,74,B,leaf,13.0,,leafY,-34.0,,cm,85,2320.35
8,2026-08-25,74-2,74,B,leaf,13.0,,leafZ,-73.0,,cm,85,2320.35
8,2026-08-25,74-2,74,B,leaf,13.0,,angle_from_vertical,56.0,,deg,85,2320.35
8,2026-08-25,73-2,73,C,leaf,1.0,,leafX,-2.0,,cm,85,2320.35
8,2026-08-25,73-2,73,C,leaf,1.0,,leafY,-43.0,,cm,85,2320.35
8,2026-08-25,73-2,73,C,leaf,1.0,,leafZ,-53.0,,cm,85,2320.35
8,2026-08-25,73-2,73,C,leaf,1.0,,angle_from_vertical,47.0,,deg,85,2320.35
8,2026-08-25,73-2,73,C,leaf,2.0,,leafX,-4.0,,cm,85,2320.35
8,2026-08-25,73-2,73,C,leaf,2.0,,leafY,-25.0,,cm,85,2320.35
8,2026-08-25,73-2,73,C,leaf,2.0,,leafZ,118.0,,cm,85,2320.35
8,2026-08-25,73-2,73,C,leaf,2.0,,angle_from_vertical,65.0,,deg,85,2320.35
8,2026-08-25,73-2,73,C,leaf,3.0,,leafX,-2.0,,cm,85,2320.35
8,2026-08-25,73-2,73,C,leaf,3.0,,leafY,-38.0,,cm,85,2320.35
8,2026-08-25,73-2,73,C,leaf,3.0,,leafZ,-128.0,,cm,85,2320.35
8,2026-08-25,73-2,73,C,leaf,3.0,,angle_from_vertical,52.0,,deg,85,2320.35
8,2026-08-25,73-2,73,C,leaf,4.0,,leafX,-2.0,,cm,85,2320.35
8,2026-08-25,73-2,73,C,leaf,4.0,,leafY,-31.0,,cm,85,2320.35
8,2026-08-25,73-2,73,C,leaf,4.0,,leafZ,58.0,,cm,85,2320.35
8,2026-08-25,73-2,73,C,leaf,4.0,,angle_from_vertical,59.0,,deg,85,2320.35
8,2026-08-25,73-2,73,C,leaf,5.0,,leafX,27.0,,cm,85,2320.35
8,2026-08-25,73-2,73,C,leaf,5.0,,leafY,-37.0,,cm,85,2320.35
8,2026-08-25,73-2,73,C,leaf,5.0,,leafZ,65.0,,cm,85,2320.35
8,2026-08-25,73-2,73,C,leaf,5.0,,angle_from_vertical,53.0,,deg,85,2320.35
8,2026-08-25,73-2,73,C,leaf,6.0,,leafX,0.0,,cm,85,2320.35
8,2026-08-25,73-2,73,C,leaf,6.0,,leafY,-34.0,,cm,85,2320.35
8,2026-08-25,73-2,73,C,leaf,6.0,,leafZ,-56.0,,cm,85,2320.35
8,2026-08-25,73-2,73,C,leaf,6.0,,angle_from_vertical,56.0,,deg,85,2320.35
8,2026-08-25,73-2,73,C,leaf,7.0,,leafX,-4.0,,cm,85,2320.35
8,2026-08-25,73-2,73,C,leaf,7.0,,leafY,-25.0,,cm,85,2320.35
8,2026-08-25,73-2,73,C,leaf,7.0,,leafZ,-106.0,,cm,85,2320.35
8,2026-08-25,73-2,73,C,leaf,7.0,,angle_from_vertical,65.0,,deg,85,2320.35
8,2026-08-25,73-2,73,C,leaf,8.0,,leafX,-13.0,,cm,85,2320.35
8,2026-08-25,73-2,73,C,leaf,8.0,,leafY,-30.0,,cm,85,2320.35
8,2026-08-25,73-2,73,C,leaf,8.0,,leafZ,19.0,,cm,85,2320.35
8,2026-08-25,73-2,73,C,leaf,8.0,,angle_from_vertical,60.0,,deg,85,2320.35
8,2026-08-25,73-2,73,C,leaf,9.0,,leafX,3.0,,cm,85,2320.35
8,2026-08-25,73-2,73,C,leaf,9.0,,leafY,-28.0,,cm,85,2320.35
8,2026-08-25,73-2,73,C,leaf,9.0,,leafZ,-112.0,,cm,85,2320.35
8,2026-08-25,73-2,73,C,leaf,9.0,,angle_from_vertical,62.0,,deg,85,2320.35
8,2026-08-25,73-2,73,C,leaf,10.0,,leafX,2.0,,cm,85,2320.35
8,2026-08-25,73-2,73,C,leaf,10.0,,leafY,-23.0,,cm,85,2320.35
8,2026-08-25,73-2,73,C,leaf,10.0,,leafZ,23.0,,cm,85,2320.35
8,2026-08-25,73-2,73,C,leaf,10.0,,angle_from_vertical,67.0,,deg,85,2320.35
8,2026-08-25,73-2,73,C,leaf,11.0,,leafX,-40.0,,cm,85,2320.35
8,2026-08-25,73-2,73,C,leaf,11.0,,leafY,85.0,,cm,85,2320.35
8,2026-08-25,73-2,73,C,leaf,11.0,,leafZ,-107.0,,cm,85,2320.35
8,2026-08-25,73-2,73,C,leaf,11.0,,angle_from_vertical,5.0,,deg,85,2320.35
8,2026-08-25,75-2,75,A,leaf,1.0,,leafX,-21.0,,cm,85,2320.35
8,2026-08-25,75-2,75,A,leaf,1.0,,leafY,65.0,,cm,85,2320.35
8,2026-08-25,75-2,75,A,leaf,1.0,,leafZ,-120.0,,cm,85,2320.35
8,2026-08-25,75-2,75,A,leaf,1.0,,angle_from_vertical,25.0,,deg,85,2320.35
8,2026-08-25,75-2,75,A,leaf,2.0,,leafX,4.0,,cm,85,2320.35
8,2026-08-25,75-2,75,A,leaf,2.0,,leafY,29.0,,cm,85,2320.35
8,2026-08-25,75-2,75,A,leaf,2.0,,leafZ,51.0,,cm,85,2320.35
8,2026-08-25,75-2,75,A,leaf,2.0,,angle_from_vertical,61.0,,deg,85,2320.35
8,2026-08-25,75-2,75,A,leaf,3.0,,leafX,7.0,,cm,85,2320.35
8,2026-08-25,75-2,75,A,leaf,3.0,,leafY,40.0,,cm,85,2320.35
8,2026-08-25,75-2,75,A,leaf,3.0,,leafZ,-127.0,,cm,85,2320.35
8,2026-08-25,75-2,75,A,leaf,3.0,,angle_from_vertical,50.0,,deg,85,2320.35
8,2026-08-25,75-2,75,A,leaf,4.0,,leafX,-4.0,,cm,85,2320.35
8,2026-08-25,75-2,75,A,leaf,4.0,,leafY,41.0,,cm,85,2320.35
8,2026-08-25,75-2,75,A,leaf,4.0,,leafZ,79.0,,cm,85,2320.35
8,2026-08-25,75-2,75,A,leaf,4.0,,angle_from_vertical,49.0,,deg,85,2320.35
8,2026-08-25,75-2,75,A,leaf,5.0,,leafX,13.0,,cm,85,2320.35
8,2026-08-25,75-2,75,A,leaf,5.0,,leafY,40.0,,cm,85,2320.35
8,2026-08-25,75-2,75,A,leaf,5.0,,leafZ,-61.0,,cm,85,2320.35
8,2026-08-25,75-2,75,A,leaf,5.0,,angle_from_vertical,50.0,,deg,85,2320.35
8,2026-08-25,75-2,75,A,leaf,6.0,,leafX,-18.0,,cm,85,2320.35
8,2026-08-25,75-2,75,A,leaf,6.0,,leafY,42.0,,cm,85,2320.35
8,2026-08-25,75-2,75,A,leaf,6.0,,leafZ,28.0,,cm,85,2320.35
8,2026-08-25,75-2,75,A,leaf,6.0,,angle_from_vertical,48.0,,deg,85,2320.35
8,2026-08-25,75-2,75,A,leaf,7.0,,leafX,1.0,,cm,85,2320.35
8,2026-08-25,75-2,75,A,leaf,7.0,,leafY,-55.0,,cm,85,2320.35
8,2026-08-25,75-2,75,A,leaf,7.0,,leafZ,44.0,,cm,85,2320.35
8,2026-08-25,75-2,75,A,leaf,7.0,,angle_from_vertical,35.0,,deg,85,2320.35
8,2026-08-25,75-2,75,A,leaf,8.0,,leafX,-36.0,,cm,85,2320.35
8,2026-08-25,75-2,75,A,leaf,8.0,,leafY,-65.0,,cm,85,2320.35
8,2026-08-25,75-2,75,A,leaf,8.0,,leafZ,56.0,,cm,85,2320.35
8,2026-08-25,75-2,75,A,leaf,8.0,,angle_from_vertical,25.0,,deg,85,2320.35
8,2026-08-25,75-2,75,A,leaf,9.0,,leafX,-2.0,,cm,85,2320.35
8,2026-08-25,75-2,75,A,leaf,9.0,,leafY,-57.0,,cm,85,2320.35
8,2026-08-25,75-2,75,A,leaf,9.0,,leafZ,152.0,,cm,85,2320.35
8,2026-08-25,75-2,75,A,leaf,9.0,,angle_from_vertical,33.0,,deg,85,2320.35
8,2026-08-25,75-2,75,A,leaf,10.0,,leafX,-12.0,,cm,85,2320.35
8,2026-08-25,75-2,75,A,leaf,10.0,,leafY,-67.0,,cm,85,2320.35
8,2026-08-25,75-2,75,A,leaf,10.0,,leafZ,8.0,,cm,85,2320.35
8,2026-08-25,75-2,75,A,leaf,10.0,,angle_from_vertical,23.0,,deg,85,2320.35
8,2026-08-25,75-2,75,A,leaf,11.0,,leafX,-4.0,,cm,85,2320.35
8,2026-08-25,75-2,75,A,leaf,11.0,,leafY,-66.0,,cm,85,2320.35
8,2026-08-25,75-2,75,A,leaf,11.0,,leafZ,123.0,,cm,85,2320.35
8,2026-08-25,75-2,75,A,leaf,11.0,,angle_from_vertical,24.0,,deg,85,2320.35
8,2026-08-25,75-2,75,A,leaf,12.0,,leafX,-4.0,,cm,85,2320.35
8,2026-08-25,75-2,75,A,leaf,12.0,,leafY,-74.0,,cm,85,2320.35
8,2026-08-25,75-2,75,A,leaf,12.0,,leafZ,175.0,,cm,85,2320.35
8,2026-08-25,75-2,75,A,leaf,12.0,,angle_from_vertical,16.0,,deg,85,2320.35
8,2026-08-25,75-2,75,A,leaf,13.0,,leafX,-12.0,,cm,85,2320.35
8,2026-08-25,75-2,75,A,leaf,13.0,,leafY,-75.0,,cm,85,2320.35
8,2026-08-25,75-2,75,A,leaf,13.0,,leafZ,-109.0,,cm,85,2320.35
8,2026-08-25,75-2,75,A,leaf,13.0,,angle_from_vertical,15.0,,deg,85,2320.35
8,2026-08-25,74-3,74,B,leaf,1.0,,leafX,26.0,,cm,85,2320.35
8,2026-08-25,74-3,74,B,leaf,1.0,,leafY,-59.0,,cm,85,2320.35
8,2026-08-25,74-3,74,B,leaf,1.0,,leafZ,23.0,,cm,85,2320.35
8,2026-08-25,74-3,74,B,leaf,1.0,,angle_from_vertical,31.0,,deg,85,2320.35
8,2026-08-25,74-3,74,B,leaf,2.0,,leafX,-8.0,,cm,85,2320.35
8,2026-08-25,74-3,74,B,leaf,2.0,,leafY,-20.0,,cm,85,2320.35
8,2026-08-25,74-3,74,B,leaf,2.0,,leafZ,-112.0,,cm,85,2320.35
8,2026-08-25,74-3,74,B,leaf,2.0,,angle_from_vertical,70.0,,deg,85,2320.35
8,2026-08-25,74-3,74,B,leaf,3.0,,leafX,14.0,,cm,85,2320.35
8,2026-08-25,74-3,74,B,leaf,3.0,,leafY,-39.0,,cm,85,2320.35
8,2026-08-25,74-3,74,B,leaf,3.0,,leafZ,50.0,,cm,85,2320.35
8,2026-08-25,74-3,74,B,leaf,3.0,,angle_from_vertical,51.0,,deg,85,2320.35
8,2026-08-25,74-3,74,B,leaf,4.0,,leafX,-11.0,,cm,85,2320.35
8,2026-08-25,74-3,74,B,leaf,4.0,,leafY,-27.0,,cm,85,2320.35
8,2026-08-25,74-3,74,B,leaf,4.0,,leafZ,-83.0,,cm,85,2320.35
8,2026-08-25,74-3,74,B,leaf,4.0,,angle_from_vertical,63.0,,deg,85,2320.35
8,2026-08-25,74-3,74,B,leaf,5.0,,leafX,7.0,,cm,85,2320.35
8,2026-08-25,74-3,74,B,leaf,5.0,,leafY,-53.0,,cm,85,2320.35
8,2026-08-25,74-3,74,B,leaf,5.0,,leafZ,57.0,,cm,85,2320.35
8,2026-08-25,74-3,74,B,leaf,5.0,,angle_from_vertical,37.0,,deg,85,2320.35
8,2026-08-25,74-3,74,B,leaf,6.0,,leafX,-6.0,,cm,85,2320.35
8,2026-08-25,74-3,74,B,leaf,6.0,,leafY,-40.0,,cm,85,2320.35
8,2026-08-25,74-3,74,B,leaf,6.0,,leafZ,63.0,,cm,85,2320.35
8,2026-08-25,74-3,74,B,leaf,6.0,,angle_from_vertical,50.0,,deg,85,2320.35
8,2026-08-25,74-3,74,B,leaf,7.0,,leafX,-12.0,,cm,85,2320.35
8,2026-08-25,74-3,74,B,leaf,7.0,,leafY,-55.0,,cm,85,2320.35
8,2026-08-25,74-3,74,B,leaf,7.0,,leafZ,79.0,,cm,85,2320.35
8,2026-08-25,74-3,74,B,leaf,7.0,,angle_from_vertical,35.0,,deg,85,2320.35
8,2026-08-25,74-3,74,B,leaf,8.0,,leafX,6.0,,cm,85,2320.35
8,2026-08-25,74-3,74,B,leaf,8.0,,leafY,-37.0,,cm,85,2320.35
8,2026-08-25,74-3,74,B,leaf,8.0,,leafZ,-142.0,,cm,85,2320.35
8,2026-08-25,74-3,74,B,leaf,8.0,,angle_from_vertical,53.0,,deg,85,2320.35
8,2026-08-25,74-3,74,B,leaf,9.0,,leafX,-4.0,,cm,85,2320.35
8,2026-08-25,74-3,74,B,leaf,9.0,,leafY,-52.0,,cm,85,2320.35
8,2026-08-25,74-3,74,B,leaf,9.0,,leafZ,54.0,,cm,85,2320.35
8,2026-08-25,74-3,74,B,leaf,9.0,,angle_from_vertical,38.0,,deg,85,2320.35
8,2026-08-25,74-3,74,B,leaf,10.0,,leafX,0.0,,cm,85,2320.35
8,2026-08-25,74-3,74,B,leaf,10.0,,leafY,-28.0,,cm,85,2320.35
8,2026-08-25,74-3,74,B,leaf,10.0,,leafZ,-155.0,,cm,85,2320.35
8,2026-08-25,74-3,74,B,leaf,10.0,,angle_from_vertical,62.0,,deg,85,2320.35
8,2026-08-25,74-3,74,B,leaf,11.0,,leafX,-4.0,,cm,85,2320.35
8,2026-08-25,74-3,74,B,leaf,11.0,,leafY,-23.0,,cm,85,2320.35
8,2026-08-25,74-3,74,B,leaf,11.0,,leafZ,70.0,,cm,85,2320.35
8,2026-08-25,74-3,74,B,leaf,11.0,,angle_from_vertical,67.0,,deg,85,2320.35
8,2026-08-25,74-3,74,B,leaf,12.0,,leafX,11.0,,cm,85,2320.35
8,2026-08-25,74-3,74,B,leaf,12.0,,leafY,-26.0,,cm,85,2320.35
8,2026-08-25,74-3,74,B,leaf,12.0,,leafZ,-171.0,,cm,85,2320.35
8,2026-08-25,74-3,74,B,leaf,12.0,,angle_from_vertical,64.0,,deg,85,2320.35
8,2026-08-25,75-3,75,A,leaf,1.0,,leafX,-2.0,,cm,85,2320.35
8,2026-08-25,75-3,75,A,leaf,1.0,,leafY,13.0,,cm,85,2320.35
8,2026-08-25,75-3,75,A,leaf,1.0,,leafZ,50.0,,cm,85,2320.35
8,2026-08-25,75-3,75,A,leaf,1.0,,angle_from_vertical,77.0,,deg,85,2320.35
8,2026-08-25,75-3,75,A,leaf,2.0,,leafX,4.0,,cm,85,2320.35
8,2026-08-25,75-3,75,A,leaf,2.0,,leafY,44.0,,cm,85,2320.35
8,2026-08-25,75-3,75,A,leaf,2.0,,leafZ,-143.0,,cm,85,2320.35
8,2026-08-25,75-3,75,A,leaf,2.0,,angle_from_vertical,46.0,,deg,85,2320.35
8,2026-08-25,75-3,75,A,leaf,3.0,,leafX,10.0,,cm,85,2320.35
8,2026-08-25,75-3,75,A,leaf,3.0,,leafY,-47.0,,cm,85,2320.35
8,2026-08-25,75-3,75,A,leaf,3.0,,leafZ,92.0,,cm,85,2320.35
8,2026-08-25,75-3,75,A,leaf,3.0,,angle_from_vertical,43.0,,deg,85,2320.35
8,2026-08-25,75-3,75,A,leaf,4.0,,leafX,7.0,,cm,85,2320.35
8,2026-08-25,75-3,75,A,leaf,4.0,,leafY,-65.0,,cm,85,2320.35
8,2026-08-25,75-3,75,A,leaf,4.0,,leafZ,19.0,,cm,85,2320.35
8,2026-08-25,75-3,75,A,leaf,4.0,,angle_from_vertical,25.0,,deg,85,2320.35
8,2026-08-25,75-3,75,A,leaf,5.0,,leafX,5.0,,cm,85,2320.35
8,2026-08-25,75-3,75,A,leaf,5.0,,leafY,-62.0,,cm,85,2320.35
8,2026-08-25,75-3,75,A,leaf,5.0,,leafZ,96.0,,cm,85,2320.35
8,2026-08-25,75-3,75,A,leaf,5.0,,angle_from_vertical,28.0,,deg,85,2320.35
8,2026-08-25,75-3,75,A,leaf,6.0,,leafX,-34.0,,cm,85,2320.35
8,2026-08-25,75-3,75,A,leaf,6.0,,leafY,-64.0,,cm,85,2320.35
8,2026-08-25,75-3,75,A,leaf,6.0,,leafZ,96.0,,cm,85,2320.35
8,2026-08-25,75-3,75,A,leaf,6.0,,angle_from_vertical,26.0,,deg,85,2320.35
8,2026-08-25,75-3,75,A,leaf,7.0,,leafX,8.0,,cm,85,2320.35
8,2026-08-25,75-3,75,A,leaf,7.0,,leafY,-74.0,,cm,85,2320.35
8,2026-08-25,75-3,75,A,leaf,7.0,,leafZ,83.0,,cm,85,2320.35
8,2026-08-25,75-3,75,A,leaf,7.0,,angle_from_vertical,16.0,,deg,85,2320.35
8,2026-08-25,75-3,75,A,leaf,8.0,,leafX,17.0,,cm,85,2320.35
8,2026-08-25,75-3,75,A,leaf,8.0,,leafY,-75.0,,cm,85,2320.35
8,2026-08-25,75-3,75,A,leaf,8.0,,leafZ,59.0,,cm,85,2320.35
8,2026-08-25,75-3,75,A,leaf,8.0,,angle_from_vertical,15.0,,deg,85,2320.35
8,2026-08-25,75-3,75,A,leaf,9.0,,leafX,-4.0,,cm,85,2320.35
8,2026-08-25,75-3,75,A,leaf,9.0,,leafY,-78.0,,cm,85,2320.35
8,2026-08-25,75-3,75,A,leaf,9.0,,leafZ,114.0,,cm,85,2320.35
8,2026-08-25,75-3,75,A,leaf,9.0,,angle_from_vertical,12.0,,deg,85,2320.35
8,2026-08-25,73-3,73,C,leaf,1.0,,leafX,3.0,,cm,85,2320.35
8,2026-08-25,73-3,73,C,leaf,1.0,,leafY,-41.0,,cm,85,2320.35
8,2026-08-25,73-3,73,C,leaf,1.0,,leafZ,85.0,,cm,85,2320.35
8,2026-08-25,73-3,73,C,leaf,1.0,,angle_from_vertical,49.0,,deg,85,2320.35
8,2026-08-25,73-3,73,C,leaf,2.0,,leafX,-13.0,,cm,85,2320.35
8,2026-08-25,73-3,73,C,leaf,2.0,,leafY,-29.0,,cm,85,2320.35
8,2026-08-25,73-3,73,C,leaf,2.0,,leafZ,-57.0,,cm,85,2320.35
8,2026-08-25,73-3,73,C,leaf,2.0,,angle_from_vertical,61.0,,deg,85,2320.35
8,2026-08-25,73-3,73,C,leaf,3.0,,leafX,12.0,,cm,85,2320.35
8,2026-08-25,73-3,73,C,leaf,3.0,,leafY,-36.0,,cm,85,2320.35
8,2026-08-25,73-3,73,C,leaf,3.0,,leafZ,13.0,,cm,85,2320.35
8,2026-08-25,73-3,73,C,leaf,3.0,,angle_from_vertical,54.0,,deg,85,2320.35
8,2026-08-25,73-3,73,C,leaf,4.0,,leafX,-6.0,,cm,85,2320.35
8,2026-08-25,73-3,73,C,leaf,4.0,,leafY,-30.0,,cm,85,2320.35
8,2026-08-25,73-3,73,C,leaf,4.0,,leafZ,156.0,,cm,85,2320.35
8,2026-08-25,73-3,73,C,leaf,4.0,,angle_from_vertical,60.0,,deg,85,2320.35
8,2026-08-25,73-3,73,C,leaf,5.0,,leafX,0.0,,cm,85,2320.35
8,2026-08-25,73-3,73,C,leaf,5.0,,leafY,-30.0,,cm,85,2320.35
8,2026-08-25,73-3,73,C,leaf,5.0,,leafZ,11.0,,cm,85,2320.35
8,2026-08-25,73-3,73,C,leaf,5.0,,angle_from_vertical,60.0,,deg,85,2320.35
8,2026-08-25,73-3,73,C,leaf,6.0,,leafX,-18.0,,cm,85,2320.35
8,2026-08-25,73-3,73,C,leaf,6.0,,leafY,-28.0,,cm,85,2320.35
8,2026-08-25,73-3,73,C,leaf,6.0,,leafZ,133.0,,cm,85,2320.35
8,2026-08-25,73-3,73,C,leaf,6.0,,angle_from_vertical,62.0,,deg,85,2320.35
8,2026-08-25,73-3,73,C,leaf,7.0,,leafX,5.0,,cm,85,2320.35
8,2026-08-25,73-3,73,C,leaf,7.0,,leafY,-40.0,,cm,85,2320.35
8,2026-08-25,73-3,73,C,leaf,7.0,,leafZ,97.0,,cm,85,2320.35
8,2026-08-25,73-3,73,C,leaf,7.0,,angle_from_vertical,50.0,,deg,85,2320.35
8,2026-08-25,73-3,73,C,leaf,8.0,,leafX,-6.0,,cm,85,2320.35
8,2026-08-25,73-3,73,C,leaf,8.0,,leafY,-29.0,,cm,85,2320.35
8,2026-08-25,73-3,73,C,leaf,8.0,,leafZ,40.0,,cm,85,2320.35
8,2026-08-25,73-3,73,C,leaf,8.0,,angle_from_vertical,61.0,,deg,85,2320.35
8,2026-08-25,73-3,73,C,leaf,9.0,,leafX,2.0,,cm,85,2320.35
8,2026-08-25,73-3,73,C,leaf,9.0,,leafY,-53.0,,cm,85,2320.35
8,2026-08-25,73-3,73,C,leaf,9.0,,leafZ,53.0,,cm,85,2320.35
8,2026-08-25,73-3,73,C,leaf,9.0,,angle_from_vertical,37.0,,deg,85,2320.35
8,2026-08-25,73-3,73,C,leaf,10.0,,leafX,1.0,,cm,85,2320.35
8,2026-08-25,73-3,73,C,leaf,10.0,,leafY,-31.0,,cm,85,2320.35
8,2026-08-25,73-3,73,C,leaf,10.0,,leafZ,-14.0,,cm,85,2320.35
8,2026-08-25,73-3,73,C,leaf,10.0,,angle_from_vertical,59.0,,deg,85,2320.35
8,2026-08-25,73-3,73,C,leaf,11.0,,leafX,8.0,,cm,85,2320.35
8,2026-08-25,73-3,73,C,leaf,11.0,,leafY,-47.0,,cm,85,2320.35
8,2026-08-25,73-3,73,C,leaf,11.0,,leafZ,29.0,,cm,85,2320.35
8,2026-08-25,73-3,73,C,leaf,11.0,,angle_from_vertical,43.0,,deg,85,2320.35
8,2026-08-25,73-3,73,C,leaf,12.0,,leafX,-19.0,,cm,85,2320.35
8,2026-08-25,73-3,73,C,leaf,12.0,,leafY,22.0,,cm,85,2320.35
8,2026-08-25,73-3,73,C,leaf,12.0,,leafZ,-135.0,,cm,85,2320.35
8,2026-08-25,73-3,73,C,leaf,12.0,,angle_from_vertical,68.0,,deg,85,2320.35
8,2026-08-25,75-4,75,A,leaf,1.0,,leafX,1.0,,cm,85,2320.35
8,2026-08-25,75-4,75,A,leaf,1.0,,leafY,-41.0,,cm,85,2320.35
8,2026-08-25,75-4,75,A,leaf,1.0,,leafZ,92.0,,cm,85,2320.35
8,2026-08-25,75-4,75,A,leaf,1.0,,angle_from_vertical,49.0,,deg,85,2320.35
8,2026-08-25,75-4,75,A,leaf,2.0,,leafX,4.0,,cm,85,2320.35
8,2026-08-25,75-4,75,A,leaf,2.0,,leafY,-37.0,,cm,85,2320.35
8,2026-08-25,75-4,75,A,leaf,2.0,,leafZ,-173.0,,cm,85,2320.35
8,2026-08-25,75-4,75,A,leaf,2.0,,angle_from_vertical,53.0,,deg,85,2320.35
8,2026-08-25,75-4,75,A,leaf,3.0,,leafX,-12.0,,cm,85,2320.35
8,2026-08-25,75-4,75,A,leaf,3.0,,leafY,25.0,,cm,85,2320.35
8,2026-08-25,75-4,75,A,leaf,3.0,,leafZ,39.0,,cm,85,2320.35
8,2026-08-25,75-4,75,A,leaf,3.0,,angle_from_vertical,65.0,,deg,85,2320.35
8,2026-08-25,75-4,75,A,leaf,4.0,,leafX,-2.0,,cm,85,2320.35
8,2026-08-25,75-4,75,A,leaf,4.0,,leafY,-49.0,,cm,85,2320.35
8,2026-08-25,75-4,75,A,leaf,4.0,,leafZ,46.0,,cm,85,2320.35
8,2026-08-25,75-4,75,A,leaf,4.0,,angle_from_vertical,41.0,,deg,85,2320.35
8,2026-08-25,75-4,75,A,leaf,5.0,,leafX,-25.0,,cm,85,2320.35
8,2026-08-25,75-4,75,A,leaf,5.0,,leafY,-54.0,,cm,85,2320.35
8,2026-08-25,75-4,75,A,leaf,5.0,,leafZ,107.0,,cm,85,2320.35
8,2026-08-25,75-4,75,A,leaf,5.0,,angle_from_vertical,36.0,,deg,85,2320.35
8,2026-08-25,75-4,75,A,leaf,6.0,,leafX,25.0,,cm,85,2320.35
8,2026-08-25,75-4,75,A,leaf,6.0,,leafY,-74.0,,cm,85,2320.35
8,2026-08-25,75-4,75,A,leaf,6.0,,leafZ,31.0,,cm,85,2320.35
8,2026-08-25,75-4,75,A,leaf,6.0,,angle_from_vertical,16.0,,deg,85,2320.35
8,2026-08-25,75-4,75,A,leaf,7.0,,leafX,-13.0,,cm,85,2320.35
8,2026-08-25,75-4,75,A,leaf,7.0,,leafY,-54.0,,cm,85,2320.35
8,2026-08-25,75-4,75,A,leaf,7.0,,leafZ,-64.0,,cm,85,2320.35
8,2026-08-25,75-4,75,A,leaf,7.0,,angle_from_vertical,36.0,,deg,85,2320.35
8,2026-08-25,75-4,75,A,leaf,8.0,,leafX,19.0,,cm,85,2320.35
8,2026-08-25,75-4,75,A,leaf,8.0,,leafY,-71.0,,cm,85,2320.35
8,2026-08-25,75-4,75,A,leaf,8.0,,leafZ,36.0,,cm,85,2320.35
8,2026-08-25,75-4,75,A,leaf,8.0,,angle_from_vertical,19.0,,deg,85,2320.35
8,2026-08-25,75-4,75,A,leaf,9.0,,leafX,-22.0,,cm,85,2320.35
8,2026-08-25,75-4,75,A,leaf,9.0,,leafY,-59.0,,cm,85,2320.35
8,2026-08-25,75-4,75,A,leaf,9.0,,leafZ,-4.0,,cm,85,2320.35
8,2026-08-25,75-4,75,A,leaf,9.0,,angle_from_vertical,31.0,,deg,85,2320.35
8,2026-08-25,75-4,75,A,leaf,10.0,,leafX,26.0,,cm,85,2320.35
8,2026-08-25,75-4,75,A,leaf,10.0,,leafY,-71.0,,cm,85,2320.35
8,2026-08-25,75-4,75,A,leaf,10.0,,leafZ,32.0,,cm,85,2320.35
8,2026-08-25,75-4,75,A,leaf,10.0,,angle_from_vertical,19.0,,deg,85,2320.35
8,2026-08-25,75-4,75,A,leaf,11.0,,leafX,32.0,,cm,85,2320.35
8,2026-08-25,75-4,75,A,leaf,11.0,,leafY,-70.0,,cm,85,2320.35
8,2026-08-25,75-4,75,A,leaf,11.0,,leafZ,82.0,,cm,85,2320.35
8,2026-08-25,75-4,75,A,leaf,11.0,,angle_from_vertical,20.0,,deg,85,2320.35
8,2026-08-25,75-4,75,A,leaf,12.0,,leafX,49.0,,cm,85,2320.35
8,2026-08-25,75-4,75,A,leaf,12.0,,leafY,-81.0,,cm,85,2320.35
8,2026-08-25,75-4,75,A,leaf,12.0,,leafZ,33.0,,cm,85,2320.35
8,2026-08-25,75-4,75,A,leaf,12.0,,angle_from_vertical,9.0,,deg,85,2320.35
8,2026-08-25,73-4,73,C,leaf,1.0,,leafX,-11.0,,cm,85,2320.35
8,2026-08-25,73-4,73,C,leaf,1.0,,leafY,-34.0,,cm,85,2320.35
8,2026-08-25,73-4,73,C,leaf,1.0,,leafZ,-45.0,,cm,85,2320.35
8,2026-08-25,73-4,73,C,leaf,1.0,,angle_from_vertical,56.0,,deg,85,2320.35
8,2026-08-25,73-4,73,C,leaf,2.0,,leafX,0.0,,cm,85,2320.35
8,2026-08-25,73-4,73,C,leaf,2.0,,leafY,-28.0,,cm,85,2320.35
8,2026-08-25,73-4,73,C,leaf,2.0,,leafZ,-123.0,,cm,85,2320.35
8,2026-08-25,73-4,73,C,leaf,2.0,,angle_from_vertical,62.0,,deg,85,2320.35
8,2026-08-25,73-4,73,C,leaf,3.0,,leafX,1.0,,cm,85,2320.35
8,2026-08-25,73-4,73,C,leaf,3.0,,leafY,-37.0,,cm,85,2320.35
8,2026-08-25,73-4,73,C,leaf,3.0,,leafZ,98.0,,cm,85,2320.35
8,2026-08-25,73-4,73,C,leaf,3.0,,angle_from_vertical,53.0,,deg,85,2320.35
8,2026-08-25,73-4,73,C,leaf,4.0,,leafX,-10.0,,cm,85,2320.35
8,2026-08-25,73-4,73,C,leaf,4.0,,leafY,4.0,,cm,85,2320.35
8,2026-08-25,73-4,73,C,leaf,4.0,,leafZ,-107.0,,cm,85,2320.35
8,2026-08-25,73-4,73,C,leaf,4.0,,angle_from_vertical,86.0,,deg,85,2320.35
8,2026-08-25,73-4,73,C,leaf,5.0,,leafX,-10.0,,cm,85,2320.35
8,2026-08-25,73-4,73,C,leaf,5.0,,leafY,-45.0,,cm,85,2320.35
8,2026-08-25,73-4,73,C,leaf,5.0,,leafZ,116.0,,cm,85,2320.35
8,2026-08-25,73-4,73,C,leaf,5.0,,angle_from_vertical,45.0,,deg,85,2320.35
8,2026-08-25,73-4,73,C,leaf,6.0,,leafX,3.0,,cm,85,2320.35
8,2026-08-25,73-4,73,C,leaf,6.0,,leafY,-20.0,,cm,85,2320.35
8,2026-08-25,73-4,73,C,leaf,6.0,,leafZ,6.0,,cm,85,2320.35
8,2026-08-25,73-4,73,C,leaf,6.0,,angle_from_vertical,70.0,,deg,85,2320.35
8,2026-08-25,73-4,73,C,leaf,7.0,,leafX,4.0,,cm,85,2320.35
8,2026-08-25,73-4,73,C,leaf,7.0,,leafY,-43.0,,cm,85,2320.35
8,2026-08-25,73-4,73,C,leaf,7.0,,leafZ,43.0,,cm,85,2320.35
8,2026-08-25,73-4,73,C,leaf,7.0,,angle_from_vertical,47.0,,deg,85,2320.35
8,2026-08-25,73-4,73,C,leaf,8.0,,leafX,-6.0,,cm,85,2320.35
8,2026-08-25,73-4,73,C,leaf,8.0,,leafY,-33.0,,cm,85,2320.35
8,2026-08-25,73-4,73,C,leaf,8.0,,leafZ,-65.0,,cm,85,2320.35
8,2026-08-25,73-4,73,C,leaf,8.0,,angle_from_vertical,57.0,,deg,85,2320.35
8,2026-08-25,73-4,73,C,leaf,9.0,,leafX,8.0,,cm,85,2320.35
8,2026-08-25,73-4,73,C,leaf,9.0,,leafY,-36.0,,cm,85,2320.35
8,2026-08-25,73-4,73,C,leaf,9.0,,leafZ,40.0,,cm,85,2320.35
8,2026-08-25,73-4,73,C,leaf,9.0,,angle_from_vertical,54.0,,deg,85,2320.35
8,2026-08-25,73-4,73,C,leaf,10.0,,leafX,-7.0,,cm,85,2320.35
8,2026-08-25,73-4,73,C,leaf,10.0,,leafY,-25.0,,cm,85,2320.35
8,2026-08-25,73-4,73,C,leaf,10.0,,leafZ,-58.0,,cm,85,2320.35
8,2026-08-25,73-4,73,C,leaf,10.0,,angle_from_vertical,65.0,,deg,85,2320.35
8,2026-08-25,73-4,73,C,leaf,11.0,,leafX,-10.0,,cm,85,2320.35
8,2026-08-25,73-4,73,C,leaf,11.0,,leafY,2.0,,cm,85,2320.35
8,2026-08-25,73-4,73,C,leaf,11.0,,leafZ,120.0,,cm,85,2320.35
8,2026-08-25,73-4,73,C,leaf,11.0,,angle_from_vertical,88.0,,deg,85,2320.35
8,2026-08-25,73-4,73,C,leaf,12.0,,leafX,15.0,,cm,85,2320.35
8,2026-08-25,73-4,73,C,leaf,12.0,,leafY,-16.0,,cm,85,2320.35
8,2026-08-25,73-4,73,C,leaf,12.0,,leafZ,-55.0,,cm,85,2320.35
8,2026-08-25,73-4,73,C,leaf,12.0,,angle_from_vertical,74.0,,deg,85,2320.35
8,2026-08-25,74-4,74,B,leaf,1.0,,leafX,8.0,,cm,85,2320.35
8,2026-08-25,74-4,74,B,leaf,1.0,,leafY,29.0,,cm,85,2320.35
8,2026-08-25,74-4,74,B,leaf,1.0,,leafZ,81.0,,cm,85,2320.35
8,2026-08-25,74-4,74,B,leaf,1.0,,angle_from_vertical,61.0,,deg,85,2320.35
8,2026-08-25,74-4,74,B,leaf,2.0,,leafX,0.0,,cm,85,2320.35
8,2026-08-25,74-4,74,B,leaf,2.0,,leafY,-24.0,,cm,85,2320.35
8,2026-08-25,74-4,74,B,leaf,2.0,,leafZ,79.0,,cm,85,2320.35
8,2026-08-25,74-4,74,B,leaf,2.0,,angle_from_vertical,66.0,,deg,85,2320.35
8,2026-08-25,74-4,74,B,leaf,3.0,,leafX,3.0,,cm,85,2320.35
8,2026-08-25,74-4,74,B,leaf,3.0,,leafY,-42.0,,cm,85,2320.35
8,2026-08-25,74-4,74,B,leaf,3.0,,leafZ,-120.0,,cm,85,2320.35
8,2026-08-25,74-4,74,B,leaf,3.0,,angle_from_vertical,48.0,,deg,85,2320.35
8,2026-08-25,74-4,74,B,leaf,4.0,,leafX,6.0,,cm,85,2320.35
8,2026-08-25,74-4,74,B,leaf,4.0,,leafY,-33.0,,cm,85,2320.35
8,2026-08-25,74-4,74,B,leaf,4.0,,leafZ,76.0,,cm,85,2320.35
8,2026-08-25,74-4,74,B,leaf,4.0,,angle_from_vertical,57.0,,deg,85,2320.35
8,2026-08-25,74-4,74,B,leaf,5.0,,leafX,-6.0,,cm,85,2320.35
8,2026-08-25,74-4,74,B,leaf,5.0,,leafY,-55.0,,cm,85,2320.35
8,2026-08-25,74-4,74,B,leaf,5.0,,leafZ,104.0,,cm,85,2320.35
8,2026-08-25,74-4,74,B,leaf,5.0,,angle_from_vertical,35.0,,deg,85,2320.35
8,2026-08-25,74-4,74,B,leaf,6.0,,leafX,-10.0,,cm,85,2320.35
8,2026-08-25,74-4,74,B,leaf,6.0,,leafY,-43.0,,cm,85,2320.35
8,2026-08-25,74-4,74,B,leaf,6.0,,leafZ,135.0,,cm,85,2320.35
8,2026-08-25,74-4,74,B,leaf,6.0,,angle_from_vertical,47.0,,deg,85,2320.35
8,2026-08-25,74-4,74,B,leaf,7.0,,leafX,-15.0,,cm,85,2320.35
8,2026-08-25,74-4,74,B,leaf,7.0,,leafY,-49.0,,cm,85,2320.35
8,2026-08-25,74-4,74,B,leaf,7.0,,leafZ,105.0,,cm,85,2320.35
8,2026-08-25,74-4,74,B,leaf,7.0,,angle_from_vertical,41.0,,deg,85,2320.35
8,2026-08-25,74-4,74,B,leaf,8.0,,leafX,-9.0,,cm,85,2320.35
8,2026-08-25,74-4,74,B,leaf,8.0,,leafY,-47.0,,cm,85,2320.35
8,2026-08-25,74-4,74,B,leaf,8.0,,leafZ,42.0,,cm,85,2320.35
8,2026-08-25,74-4,74,B,leaf,8.0,,angle_from_vertical,43.0,,deg,85,2320.35
8,2026-08-25,74-4,74,B,leaf,9.0,,leafX,0.0,,cm,85,2320.35
8,2026-08-25,74-4,74,B,leaf,9.0,,leafY,47.0,,cm,85,2320.35
8,2026-08-25,74-4,74,B,leaf,9.0,,leafZ,54.0,,cm,85,2320.35
8,2026-08-25,74-4,74,B,leaf,9.0,,angle_from_vertical,43.0,,deg,85,2320.35
8,2026-08-25,74-4,74,B,leaf,10.0,,leafX,-4.0,,cm,85,2320.35
8,2026-08-25,74-4,74,B,leaf,10.0,,leafY,-37.0,,cm,85,2320.35
8,2026-08-25,74-4,74,B,leaf,10.0,,leafZ,-39.0,,cm,85,2320.35
8,2026-08-25,74-4,74,B,leaf,10.0,,angle_from_vertical,53.0,,deg,85,2320.35
8,2026-08-25,74-4,74,B,leaf,11.0,,leafX,-5.0,,cm,85,2320.35
8,2026-08-25,74-4,74,B,leaf,11.0,,leafY,-21.0,,cm,85,2320.35
8,2026-08-25,74-4,74,B,leaf,11.0,,leafZ,179.0,,cm,85,2320.35
8,2026-08-25,74-4,74,B,leaf,11.0,,angle_from_vertical,69.0,,deg,85,2320.35
8,2026-08-25,74-4,74,B,leaf,12.0,,leafX,4.0,,cm,85,2320.35
8,2026-08-25,74-4,74,B,leaf,12.0,,leafY,-55.0,,cm,85,2320.35
8,2026-08-25,74-4,74,B,leaf,12.0,,leafZ,122.0,,cm,85,2320.35
8,2026-08-25,74-4,74,B,leaf,12.0,,angle_from_vertical,35.0,,deg,85,2320.35
8,2026-08-25,75-5,75,A,leaf,1.0,,leafX,22.0,,cm,85,2320.35
8,2026-08-25,75-5,75,A,leaf,1.0,,leafY,35.0,,cm,85,2320.35
8,2026-08-25,75-5,75,A,leaf,1.0,,leafZ,106.0,,cm,85,2320.35
8,2026-08-25,75-5,75,A,leaf,1.0,,angle_from_vertical,55.0,,deg,85,2320.35
8,2026-08-25,75-5,75,A,leaf,3.0,,leafX,17.0,,cm,85,2320.35
8,2026-08-25,75-5,75,A,leaf,3.0,,leafY,34.0,,cm,85,2320.35
8,2026-08-25,75-5,75,A,leaf,3.0,,leafZ,96.0,,cm,85,2320.35
8,2026-08-25,75-5,75,A,leaf,3.0,,angle_from_vertical,56.0,,deg,85,2320.35
8,2026-08-25,75-5,75,A,leaf,4.0,,leafX,-2.0,,cm,85,2320.35
8,2026-08-25,75-5,75,A,leaf,4.0,,leafY,-36.0,,cm,85,2320.35
8,2026-08-25,75-5,75,A,leaf,4.0,,leafZ,155.0,,cm,85,2320.35
8,2026-08-25,75-5,75,A,leaf,4.0,,angle_from_vertical,54.0,,deg,85,2320.35
8,2026-08-25,75-5,75,A,leaf,5.0,,leafX,0.0,,cm,85,2320.35
8,2026-08-25,75-5,75,A,leaf,5.0,,leafY,23.0,,cm,85,2320.35
8,2026-08-25,75-5,75,A,leaf,5.0,,leafZ,40.0,,cm,85,2320.35
8,2026-08-25,75-5,75,A,leaf,5.0,,angle_from_vertical,67.0,,deg,85,2320.35
8,2026-08-25,75-5,75,A,leaf,6.0,,leafX,-1.0,,cm,85,2320.35
8,2026-08-25,75-5,75,A,leaf,6.0,,leafY,-19.0,,cm,85,2320.35
8,2026-08-25,75-5,75,A,leaf,6.0,,leafZ,179.0,,cm,85,2320.35
8,2026-08-25,75-5,75,A,leaf,6.0,,angle_from_vertical,71.0,,deg,85,2320.35
8,2026-08-25,75-5,75,A,leaf,7.0,,leafX,7.0,,cm,85,2320.35
8,2026-08-25,75-5,75,A,leaf,7.0,,leafY,-10.0,,cm,85,2320.35
8,2026-08-25,75-5,75,A,leaf,7.0,,leafZ,-120.0,,cm,85,2320.35
8,2026-08-25,75-5,75,A,leaf,7.0,,angle_from_vertical,80.0,,deg,85,2320.35
8,2026-08-25,75-5,75,A,leaf,8.0,,leafX,2.0,,cm,85,2320.35
8,2026-08-25,75-5,75,A,leaf,8.0,,leafY,-52.0,,cm,85,2320.35
8,2026-08-25,75-5,75,A,leaf,8.0,,leafZ,6.0,,cm,85,2320.35
8,2026-08-25,75-5,75,A,leaf,8.0,,angle_from_vertical,38.0,,deg,85,2320.35
8,2026-08-25,75-5,75,A,leaf,9.0,,leafX,-4.0,,cm,85,2320.35
8,2026-08-25,75-5,75,A,leaf,9.0,,leafY,-57.0,,cm,85,2320.35
8,2026-08-25,75-5,75,A,leaf,9.0,,leafZ,106.0,,cm,85,2320.35
8,2026-08-25,75-5,75,A,leaf,9.0,,angle_from_vertical,33.0,,deg,85,2320.35
8,2026-08-25,75-5,75,A,leaf,10.0,,leafX,0.0,,cm,85,2320.35
8,2026-08-25,75-5,75,A,leaf,10.0,,leafY,-65.0,,cm,85,2320.35
8,2026-08-25,75-5,75,A,leaf,10.0,,leafZ,-3.0,,cm,85,2320.35
8,2026-08-25,75-5,75,A,leaf,10.0,,angle_from_vertical,25.0,,deg,85,2320.35
8,2026-08-25,75-5,75,A,leaf,11.0,,leafX,-6.0,,cm,85,2320.35
8,2026-08-25,75-5,75,A,leaf,11.0,,leafY,-53.0,,cm,85,2320.35
8,2026-08-25,75-5,75,A,leaf,11.0,,leafZ,110.0,,cm,85,2320.35
8,2026-08-25,75-5,75,A,leaf,11.0,,angle_from_vertical,37.0,,deg,85,2320.35
8,2026-08-25,75-5,75,A,leaf,12.0,,leafX,-4.0,,cm,85,2320.35
8,2026-08-25,75-5,75,A,leaf,12.0,,leafY,-66.0,,cm,85,2320.35
8,2026-08-25,75-5,75,A,leaf,12.0,,leafZ,-162.0,,cm,85,2320.35
8,2026-08-25,75-5,75,A,leaf,12.0,,angle_from_vertical,24.0,,deg,85,2320.35
8,2026-08-25,75-5,75,A,leaf,13.0,,leafX,-6.0,,cm,85,2320.35
8,2026-08-25,75-5,75,A,leaf,13.0,,leafY,-58.0,,cm,85,2320.35
8,2026-08-25,75-5,75,A,leaf,13.0,,leafZ,109.0,,cm,85,2320.35
8,2026-08-25,75-5,75,A,leaf,13.0,,angle_from_vertical,32.0,,deg,85,2320.35
8,2026-08-25,75-5,75,A,leaf,14.0,,leafX,-14.0,,cm,85,2320.35
8,2026-08-25,75-5,75,A,leaf,14.0,,leafY,-79.0,,cm,85,2320.35
8,2026-08-25,75-5,75,A,leaf,14.0,,leafZ,130.0,,cm,85,2320.35
8,2026-08-25,75-5,75,A,leaf,14.0,,angle_from_vertical,11.0,,deg,85,2320.35
8,2026-08-25,75-5,75,A,leaf,15.0,,leafX,-24.0,,cm,85,2320.35
8,2026-08-25,75-5,75,A,leaf,15.0,,leafY,-86.0,,cm,85,2320.35
8,2026-08-25,75-5,75,A,leaf,15.0,,leafZ,90.0,,cm,85,2320.35
8,2026-08-25,75-5,75,A,leaf,15.0,,angle_from_vertical,4.0,,deg,85,2320.35
8,2026-08-25,74-5,74,B,leaf,1.0,,leafX,-4.0,,cm,85,2320.35
8,2026-08-25,74-5,74,B,leaf,1.0,,leafY,-13.0,,cm,85,2320.35
8,2026-08-25,74-5,74,B,leaf,1.0,,leafZ,125.0,,cm,85,2320.35
8,2026-08-25,74-5,74,B,leaf,1.0,,angle_from_vertical,77.0,,deg,85,2320.35
8,2026-08-25,74-5,74,B,leaf,2.0,,leafX,5.0,,cm,85,2320.35
8,2026-08-25,74-5,74,B,leaf,2.0,,leafY,-28.0,,cm,85,2320.35
8,2026-08-25,74-5,74,B,leaf,2.0,,leafZ,-76.0,,cm,85,2320.35
8,2026-08-25,74-5,74,B,leaf,2.0,,angle_from_vertical,62.0,,deg,85,2320.35
8,2026-08-25,74-5,74,B,leaf,3.0,,leafX,-1.0,,cm,85,2320.35
8,2026-08-25,74-5,74,B,leaf,3.0,,leafY,-31.0,,cm,85,2320.35
8,2026-08-25,74-5,74,B,leaf,3.0,,leafZ,118.0,,cm,85,2320.35
8,2026-08-25,74-5,74,B,leaf,3.0,,angle_from_vertical,59.0,,deg,85,2320.35
8,2026-08-25,74-5,74,B,leaf,4.0,,leafX,2.0,,cm,85,2320.35
8,2026-08-25,74-5,74,B,leaf,4.0,,leafY,-38.0,,cm,85,2320.35
8,2026-08-25,74-5,74,B,leaf,4.0,,leafZ,-74.0,,cm,85,2320.35
8,2026-08-25,74-5,74,B,leaf,4.0,,angle_from_vertical,52.0,,deg,85,2320.35
8,2026-08-25,74-5,74,B,leaf,5.0,,leafX,11.0,,cm,85,2320.35
8,2026-08-25,74-5,74,B,leaf,5.0,,leafY,10.0,,cm,85,2320.35
8,2026-08-25,74-5,74,B,leaf,5.0,,leafZ,98.0,,cm,85,2320.35
8,2026-08-25,74-5,74,B,leaf,5.0,,angle_from_vertical,80.0,,deg,85,2320.35
8,2026-08-25,74-5,74,B,leaf,6.0,,leafX,7.0,,cm,85,2320.35
8,2026-08-25,74-5,74,B,leaf,6.0,,leafY,-55.0,,cm,85,2320.35
8,2026-08-25,74-5,74,B,leaf,6.0,,leafZ,74.0,,cm,85,2320.35
8,2026-08-25,74-5,74,B,leaf,6.0,,angle_from_vertical,35.0,,deg,85,2320.35
8,2026-08-25,74-5,74,B,leaf,7.0,,leafX,3.0,,cm,85,2320.35
8,2026-08-25,74-5,74,B,leaf,7.0,,leafY,-40.0,,cm,85,2320.35
8,2026-08-25,74-5,74,B,leaf,7.0,,leafZ,30.0,,cm,85,2320.35
8,2026-08-25,74-5,74,B,leaf,7.0,,angle_from_vertical,50.0,,deg,85,2320.35
8,2026-08-25,74-5,74,B,leaf,8.0,,leafX,9.0,,cm,85,2320.35
8,2026-08-25,74-5,74,B,leaf,8.0,,leafY,-56.0,,cm,85,2320.35
8,2026-08-25,74-5,74,B,leaf,8.0,,leafZ,63.0,,cm,85,2320.35
8,2026-08-25,74-5,74,B,leaf,8.0,,angle_from_vertical,34.0,,deg,85,2320.35
8,2026-08-25,74-5,74,B,leaf,9.0,,leafX,0.0,,cm,85,2320.35
8,2026-08-25,74-5,74,B,leaf,9.0,,leafY,-47.0,,cm,85,2320.35
8,2026-08-25,74-5,74,B,leaf,9.0,,leafZ,-2.0,,cm,85,2320.35
8,2026-08-25,74-5,74,B,leaf,9.0,,angle_from_vertical,43.0,,deg,85,2320.35
8,2026-08-25,74-5,74,B,leaf,10.0,,leafX,0.0,,cm,85,2320.35
8,2026-08-25,74-5,74,B,leaf,10.0,,leafY,-46.0,,cm,85,2320.35
8,2026-08-25,74-5,74,B,leaf,10.0,,leafZ,123.0,,cm,85,2320.35
8,2026-08-25,74-5,74,B,leaf,10.0,,angle_from_vertical,44.0,,deg,85,2320.35
8,2026-08-25,74-5,74,B,leaf,11.0,,leafX,-12.0,,cm,85,2320.35
8,2026-08-25,74-5,74,B,leaf,11.0,,leafY,-29.0,,cm,85,2320.35
8,2026-08-25,74-5,74,B,leaf,11.0,,leafZ,-33.0,,cm,85,2320.35
8,2026-08-25,74-5,74,B,leaf,11.0,,angle_from_vertical,61.0,,deg,85,2320.35
8,2026-08-25,74-5,74,B,leaf,12.0,,leafX,9.0,,cm,85,2320.35
8,2026-08-25,74-5,74,B,leaf,12.0,,leafY,-28.0,,cm,85,2320.35
8,2026-08-25,74-5,74,B,leaf,12.0,,leafZ,104.0,,cm,85,2320.35
8,2026-08-25,74-5,74,B,leaf,12.0,,angle_from_vertical,62.0,,deg,85,2320.35
8,2026-08-25,74-5,74,B,leaf,13.0,,leafX,5.0,,cm,85,2320.35
8,2026-08-25,74-5,74,B,leaf,13.0,,leafY,-28.0,,cm,85,2320.35
8,2026-08-25,74-5,74,B,leaf,13.0,,leafZ,102.0,,cm,85,2320.35
8,2026-08-25,74-5,74,B,leaf,13.0,,angle_from_vertical,62.0,,deg,85,2320.35
8,2026-08-25,73-5,73,C,leaf,1.0,,leafX,2.0,,cm,85,2320.35
8,2026-08-25,73-5,73,C,leaf,1.0,,leafY,-34.0,,cm,85,2320.35
8,2026-08-25,73-5,73,C,leaf,1.0,,leafZ,39.0,,cm,85,2320.35
8,2026-08-25,73-5,73,C,leaf,1.0,,angle_from_vertical,56.0,,deg,85,2320.35
8,2026-08-25,73-5,73,C,leaf,2.0,,leafX,0.0,,cm,85,2320.35
8,2026-08-25,73-5,73,C,leaf,2.0,,leafY,-27.0,,cm,85,2320.35
8,2026-08-25,73-5,73,C,leaf,2.0,,leafZ,158.0,,cm,85,2320.35
8,2026-08-25,73-5,73,C,leaf,2.0,,angle_from_vertical,63.0,,deg,85,2320.35
8,2026-08-25,73-5,73,C,leaf,3.0,,leafX,4.0,,cm,85,2320.35
8,2026-08-25,73-5,73,C,leaf,3.0,,leafY,-35.0,,cm,85,2320.35
8,2026-08-25,73-5,73,C,leaf,3.0,,leafZ,12.0,,cm,85,2320.35
8,2026-08-25,73-5,73,C,leaf,3.0,,angle_from_vertical,55.0,,deg,85,2320.35
8,2026-08-25,73-5,73,C,leaf,4.0,,leafX,-5.0,,cm,85,2320.35
8,2026-08-25,73-5,73,C,leaf,4.0,,leafY,-28.0,,cm,85,2320.35
8,2026-08-25,73-5,73,C,leaf,4.0,,leafZ,-27.0,,cm,85,2320.35
8,2026-08-25,73-5,73,C,leaf,4.0,,angle_from_vertical,62.0,,deg,85,2320.35
8,2026-08-25,73-5,73,C,leaf,5.0,,leafX,13.0,,cm,85,2320.35
8,2026-08-25,73-5,73,C,leaf,5.0,,leafY,-38.0,,cm,85,2320.35
8,2026-08-25,73-5,73,C,leaf,5.0,,leafZ,91.0,,cm,85,2320.35
8,2026-08-25,73-5,73,C,leaf,5.0,,angle_from_vertical,52.0,,deg,85,2320.35
8,2026-08-25,73-5,73,C,leaf,6.0,,leafX,-4.0,,cm,85,2320.35
8,2026-08-25,73-5,73,C,leaf,6.0,,leafY,-12.0,,cm,85,2320.35
8,2026-08-25,73-5,73,C,leaf,6.0,,leafZ,113.0,,cm,85,2320.35
8,2026-08-25,73-5,73,C,leaf,6.0,,angle_from_vertical,78.0,,deg,85,2320.35
8,2026-08-25,73-5,73,C,leaf,7.0,,leafX,4.0,,cm,85,2320.35
8,2026-08-25,73-5,73,C,leaf,7.0,,leafY,-30.0,,cm,85,2320.35
8,2026-08-25,73-5,73,C,leaf,7.0,,leafZ,-20.0,,cm,85,2320.35
8,2026-08-25,73-5,73,C,leaf,7.0,,angle_from_vertical,60.0,,deg,85,2320.35
8,2026-08-25,73-5,73,C,leaf,8.0,,leafX,-9.0,,cm,85,2320.35
8,2026-08-25,73-5,73,C,leaf,8.0,,leafY,-22.0,,cm,85,2320.35
8,2026-08-25,73-5,73,C,leaf,8.0,,leafZ,-56.0,,cm,85,2320.35
8,2026-08-25,73-5,73,C,leaf,8.0,,angle_from_vertical,68.0,,deg,85,2320.35
8,2026-08-25,73-5,73,C,leaf,9.0,,leafX,3.0,,cm,85,2320.35
8,2026-08-25,73-5,73,C,leaf,9.0,,leafY,-31.0,,cm,85,2320.35
8,2026-08-25,73-5,73,C,leaf,9.0,,leafZ,82.0,,cm,85,2320.35
8,2026-08-25,73-5,73,C,leaf,9.0,,angle_from_vertical,59.0,,deg,85,2320.35
8,2026-08-25,73-5,73,C,leaf,10.0,,leafX,-5.0,,cm,85,2320.35
8,2026-08-25,73-5,73,C,leaf,10.0,,leafY,-19.0,,cm,85,2320.35
8,2026-08-25,73-5,73,C,leaf,10.0,,leafZ,-56.0,,cm,85,2320.35
8,2026-08-25,73-5,73,C,leaf,10.0,,angle_from_vertical,71.0,,deg,85,2320.35
8,2026-08-25,73-5,73,C,leaf,11.0,,leafX,4.0,,cm,85,2320.35
8,2026-08-25,73-5,73,C,leaf,11.0,,leafY,-20.0,,cm,85,2320.35
8,2026-08-25,73-5,73,C,leaf,11.0,,leafZ,68.0,,cm,85,2320.35
8,2026-08-25,73-5,73,C,leaf,11.0,,angle_from_vertical,70.0,,deg,85,2320.35
8,2026-08-25,75-1,75,A,plant,,,tiller_number,1.0,,count,85,2320.35
8,2026-08-25,74-1,74,B,plant,,,tiller_number,2.0,,count,85,2320.35
8,2026-08-25,73-1,73,C,plant,,,tiller_number,1.0,,count,85,2320.35
8,2026-08-25,74-2,74,B,plant,,,tiller_number,3.0,,count,85,2320.35
8,2026-08-25,73-2,73,C,plant,,,tiller_number,1.0,,count,85,2320.35
8,2026-08-25,75-2,75,A,plant,,,tiller_number,3.0,,count,85,2320.35
8,2026-08-25,74-3,74,B,plant,,,tiller_number,2.0,,count,85,2320.35
8,2026-08-25,75-3,75,A,plant,,,tiller_number,1.0,,count,85,2320.35
8,2026-08-25,73-3,73,C,plant,,,tiller_number,1.0,,count,85,2320.35
8,2026-08-25,75-4,75,A,plant,,,tiller_number,1.0,,count,85,2320.35
8,2026-08-25,73-4,73,C,plant,,,tiller_number,2.0,,count,85,2320.35
8,2026-08-25,74-4,74,B,plant,,,tiller_number,0.0,,count,85,2320.35
8,2026-08-25,75-5,75,A,plant,,,tiller_number,2.0,,count,85,2320.35
8,2026-08-25,74-5,74,B,plant,,,tiller_number,4.0,,count,85,2320.35
8,2026-08-25,73-5,73,C,plant,,,tiller_number,1.0,,count,85,2320.35
8,2026-08-25,75-1,75,A,tiller,,1.0,num_leaves,11.0,,count,85,2320.35
8,2026-08-25,75-1,75,A,tiller,,1.0,tiller_x_angle,136.0,,deg,85,2320.35
8,2026-08-25,75-1,75,A,tiller,,1.0,tiller_y_angle,-77.0,,deg,85,2320.35
8,2026-08-25,75-1,75,A,tiller,,1.0,tiller_z_angle,-58.0,,deg,85,2320.35
8,2026-08-25,74-1,74,B,tiller,,1.0,num_leaves,11.0,,count,85,2320.35
8,2026-08-25,74-1,74,B,tiller,,1.0,tiller_x_angle,-177.0,,deg,85,2320.35
8,2026-08-25,74-1,74,B,tiller,,1.0,tiller_y_angle,-77.0,,deg,85,2320.35
8,2026-08-25,74-1,74,B,tiller,,1.0,tiller_z_angle,-108.0,,deg,85,2320.35
8,2026-08-25,74-1,74,B,tiller,,2.0,num_leaves,6.0,,count,85,2320.35
8,2026-08-25,74-1,74,B,tiller,,2.0,tiller_x_angle,-135.0,,deg,85,2320.35
8,2026-08-25,74-1,74,B,tiller,,2.0,tiller_y_angle,-87.0,,deg,85,2320.35
8,2026-08-25,74-1,74,B,tiller,,2.0,tiller_z_angle,-100.0,,deg,85,2320.35
8,2026-08-25,73-1,73,C,tiller,,1.0,num_leaves,25.0,,count,85,2320.35
8,2026-08-25,73-1,73,C,tiller,,1.0,tiller_x_angle,-158.0,,deg,85,2320.35
8,2026-08-25,73-1,73,C,tiller,,1.0,tiller_y_angle,-88.0,,deg,85,2320.35
8,2026-08-25,73-1,73,C,tiller,,1.0,tiller_z_angle,-122.0,,deg,85,2320.35
8,2026-08-25,74-2,74,B,tiller,,3.0,num_leaves,9.0,,count,85,2320.35
8,2026-08-25,74-2,74,B,tiller,,3.0,tiller_x_angle,-97.0,,deg,85,2320.35
8,2026-08-25,74-2,74,B,tiller,,3.0,tiller_y_angle,-81.0,,deg,85,2320.35
8,2026-08-25,74-2,74,B,tiller,,3.0,tiller_z_angle,174.0,,deg,85,2320.35
8,2026-08-25,73-2,73,C,tiller,,1.0,num_leaves,10.0,,count,85,2320.35
8,2026-08-25,73-2,73,C,tiller,,1.0,tiller_x_angle,63.0,,deg,85,2320.35
8,2026-08-25,73-2,73,C,tiller,,1.0,tiller_y_angle,-84.0,,deg,85,2320.35
8,2026-08-25,73-2,73,C,tiller,,1.0,tiller_z_angle,20.0,,deg,85,2320.35
8,2026-08-25,75-2,75,A,tiller,,1.0,num_leaves,11.0,,count,85,2320.35
8,2026-08-25,75-2,75,A,tiller,,1.0,tiller_x_angle,-92.0,,deg,85,2320.35
8,2026-08-25,75-2,75,A,tiller,,1.0,tiller_y_angle,-67.0,,deg,85,2320.35
8,2026-08-25,75-2,75,A,tiller,,1.0,tiller_z_angle,164.0,,deg,85,2320.35
8,2026-08-25,75-2,75,A,tiller,,2.0,num_leaves,9.0,,count,85,2320.35
8,2026-08-25,75-2,75,A,tiller,,2.0,tiller_x_angle,-33.0,,deg,85,2320.35
8,2026-08-25,75-2,75,A,tiller,,2.0,tiller_y_angle,-77.0,,deg,85,2320.35
8,2026-08-25,75-2,75,A,tiller,,2.0,tiller_z_angle,86.0,,deg,85,2320.35
8,2026-08-25,75-2,75,A,tiller,,3.0,num_leaves,13.0,,count,85,2320.35
8,2026-08-25,75-2,75,A,tiller,,3.0,tiller_x_angle,-136.0,,deg,85,2320.35
8,2026-08-25,75-2,75,A,tiller,,3.0,tiller_y_angle,-88.0,,deg,85,2320.35
8,2026-08-25,75-2,75,A,tiller,,3.0,tiller_z_angle,-153.0,,deg,85,2320.35
8,2026-08-25,75-3,75,A,tiller,,1.0,num_leaves,12.0,,count,85,2320.35
8,2026-08-25,75-3,75,A,tiller,,1.0,tiller_x_angle,53.0,,deg,85,2320.35
8,2026-08-25,75-3,75,A,tiller,,1.0,tiller_y_angle,-83.0,,deg,85,2320.35
8,2026-08-25,75-3,75,A,tiller,,1.0,tiller_z_angle,25.0,,deg,85,2320.35
8,2026-08-25,73-3,73,C,tiller,,1.0,num_leaves,6.0,,count,85,2320.35
8,2026-08-25,73-3,73,C,tiller,,1.0,tiller_x_angle,-89.0,,deg,85,2320.35
8,2026-08-25,73-3,73,C,tiller,,1.0,tiller_y_angle,-70.0,,deg,85,2320.35
8,2026-08-25,73-3,73,C,tiller,,1.0,tiller_z_angle,158.0,,deg,85,2320.35
8,2026-08-25,73-3,73,C,tiller,,2.0,num_leaves,5.0,raw:S,count,85,2320.35
8,2026-08-25,73-4,73,C,tiller,,1.0,num_leaves,13.0,,count,85,2320.35
8,2026-08-25,73-4,73,C,tiller,,1.0,tiller_x_angle,-106.0,,deg,85,2320.35
8,2026-08-25,73-4,73,C,tiller,,1.0,tiller_y_angle,-73.0,,deg,85,2320.35
8,2026-08-25,73-4,73,C,tiller,,1.0,tiller_z_angle,176.0,,deg,85,2320.35
8,2026-08-25,73-4,73,C,tiller,,2.0,num_leaves,1.0,,count,85,2320.35
8,2026-08-25,73-4,73,C,tiller,,2.0,tiller_x_angle,103.0,,deg,85,2320.35
8,2026-08-25,73-4,73,C,tiller,,2.0,tiller_y_angle,-59.0,,deg,85,2320.35
8,2026-08-25,73-4,73,C,tiller,,2.0,tiller_z_angle,-23.0,,deg,85,2320.35
8,2026-08-25,75-5,75,A,tiller,,1.0,num_leaves,8.0,,count,85,2320.35
8,2026-08-25,75-5,75,A,tiller,,1.0,tiller_x_angle,-99.0,,deg,85,2320.35
8,2026-08-25,75-5,75,A,tiller,,1.0,tiller_y_angle,-77.0,,deg,85,2320.35
8,2026-08-25,75-5,75,A,tiller,,1.0,tiller_z_angle,174.0,,deg,85,2320.35
8,2026-08-25,75-5,75,A,tiller,,2.0,num_leaves,13.0,,count,85,2320.35
8,2026-08-25,75-5,75,A,tiller,,2.0,tiller_x_angle,56.0,,deg,85,2320.35
8,2026-08-25,75-5,75,A,tiller,,2.0,tiller_y_angle,-82.0,,deg,85,2320.35
8,2026-08-25,75-5,75,A,tiller,,2.0,tiller_z_angle,11.0,,deg,85,2320.35
8,2026-08-25,74-5,74,B,tiller,,1.0,num_leaves,12.0,,count,85,2320.35
8,2026-08-25,74-5,74,B,tiller,,1.0,tiller_x_angle,30.0,,deg,85,2320.35
8,2026-08-25,74-5,74,B,tiller,,1.0,tiller_y_angle,-86.0,,deg,85,2320.35
8,2026-08-25,74-5,74,B,tiller,,1.0,tiller_z_angle,50.0,,deg,85,2320.35
8,2026-08-25,74-5,74,B,tiller,,2.0,num_leaves,2.0,,count,85,2320.35
8,2026-08-25,74-5,74,B,tiller,,2.0,tiller_x_angle,-14.0,,deg,85,2320.35
8,2026-08-25,74-5,74,B,tiller,,2.0,tiller_y_angle,-51.0,,deg,85,2320.35
8,2026-08-25,74-5,74,B,tiller,,2.0,tiller_z_angle,72.0,,deg,85,2320.35
8,2026-08-25,74-5,74,B,tiller,,3.0,num_leaves,14.0,,count,85,2320.35
8,2026-08-25,74-5,74,B,tiller,,3.0,tiller_x_angle,34.0,,deg,85,2320.35
8,2026-08-25,74-5,74,B,tiller,,3.0,tiller_y_angle,-86.0,,deg,85,2320.35
8,2026-08-25,74-5,74,B,tiller,,3.0,tiller_z_angle,37.0,,deg,85,2320.35
8,2026-08-25,74-5,74,B,tiller,,4.0,num_leaves,13.0,,count,85,2320.35
8,2026-08-25,74-5,74,B,tiller,,4.0,tiller_x_angle,73.0,,deg,85,2320.35
8,2026-08-25,74-5,74,B,tiller,,4.0,tiller_y_angle,-82.0,,deg,85,2320.35
8,2026-08-25,74-5,74,B,tiller,,4.0,tiller_z_angle,3.0,,deg,85,2320.35
8,2026-08-25,73-5,73,C,tiller,,1.0,num_leaves,14.0,,count,85,2320.35
8,2026-08-25,73-5,73,C,tiller,,1.0,tiller_x_angle,110.0,,deg,85,2320.35
8,2026-08-25,73-5,73,C,tiller,,1.0,tiller_y_angle,-69.0,,deg,85,2320.35
8,2026-08-25,73-5,73,C,tiller,,1.0,tiller_z_angle,-34.0,,deg,85,2320.35
8,2026-08-25,75-1,75,A,plant,,,height_cm,155.0,,cm,85,2320.35
8,2026-08-25,75-1,75,A,plant,,,panicle_emerged,False,,,85,2320.35
8,2026-08-25,74-1,74,B,plant,,,height_cm,244.0,,cm,85,2320.35
8,2026-08-25,74-1,74,B,plant,,,panicle_emerged,True,,,85,2320.35
8,2026-08-25,74-1,74,B,plant,,,panicle_len_cm,17.5,,cm,85,2320.35
8,2026-08-25,74-1,74,B,plant,,,panicle_wid_cm,2.5,,cm,85,2320.35
8,2026-08-25,73-1,73,C,plant,,,height_cm,187.0,,cm,85,2320.35
8,2026-08-25,73-1,73,C,plant,,,panicle_emerged,True,,,85,2320.35
8,2026-08-25,73-1,73,C,plant,,,panicle_len_cm,17.0,,cm,85,2320.35
8,2026-08-25,73-1,73,C,plant,,,panicle_wid_cm,4.0,,cm,85,2320.35
8,2026-08-25,74-2,74,B,plant,,,height_cm,246.0,,cm,85,2320.35
8,2026-08-25,74-2,74,B,plant,,,panicle_emerged,True,,,85,2320.35
8,2026-08-25,74-2,74,B,plant,,,panicle_len_cm,11.5,,cm,85,2320.35
8,2026-08-25,74-2,74,B,plant,,,panicle_wid_cm,1.0,,cm,85,2320.35
8,2026-08-25,73-2,73,C,plant,,,height_cm,189.0,,cm,85,2320.35
8,2026-08-25,73-2,73,C,plant,,,panicle_emerged,True,,,85,2320.35
8,2026-08-25,73-2,73,C,plant,,,panicle_len_cm,16.0,,cm,85,2320.35
8,2026-08-25,73-2,73,C,plant,,,panicle_wid_cm,5.5,,cm,85,2320.35
8,2026-08-25,75-2,75,A,plant,,,height_cm,163.0,,cm,85,2320.35
8,2026-08-25,75-2,75,A,plant,,,panicle_emerged,False,,,85,2320.35
8,2026-08-25,74-3,74,B,plant,,,height_cm,230.0,,cm,85,2320.35
8,2026-08-25,74-3,74,B,plant,,,panicle_emerged,True,,,85,2320.35
8,2026-08-25,74-3,74,B,plant,,,panicle_len_cm,14.0,,cm,85,2320.35
8,2026-08-25,74-3,74,B,plant,,,panicle_wid_cm,1.0,,cm,85,2320.35
8,2026-08-25,75-3,75,A,plant,,,height_cm,156.0,,cm,85,2320.35
8,2026-08-25,75-3,75,A,plant,,,panicle_emerged,False,,,85,2320.35
8,2026-08-25,73-3,73,C,plant,,,height_cm,188.0,,cm,85,2320.35
8,2026-08-25,73-3,73,C,plant,,,panicle_emerged,True,,,85,2320.35
8,2026-08-25,73-3,73,C,plant,,,panicle_len_cm,17.0,,cm,85,2320.35
8,2026-08-25,73-3,73,C,plant,,,panicle_wid_cm,5.0,,cm,85,2320.35
8,2026-08-25,75-4,75,A,plant,,,height_cm,165.0,,cm,85,2320.35
8,2026-08-25,75-4,75,A,plant,,,panicle_emerged,False,,,85,2320.35
8,2026-08-25,73-4,73,C,plant,,,height_cm,189.0,,cm,85,2320.35
8,2026-08-25,73-4,73,C,plant,,,panicle_emerged,True,,,85,2320.35
8,2026-08-25,73-4,73,C,plant,,,panicle_len_cm,16.0,,cm,85,2320.35
8,2026-08-25,73-4,73,C,plant,,,panicle_wid_cm,5.5,,cm,85,2320.35
8,2026-08-25,74-4,74,B,plant,,,height_cm,240.0,,cm,85,2320.35
8,2026-08-25,74-4,74,B,plant,,,panicle_emerged,True,,,85,2320.35
8,2026-08-25,74-4,74,B,plant,,,panicle_len_cm,17.0,,cm,85,2320.35
8,2026-08-25,74-4,74,B,plant,,,panicle_wid_cm,1.5,,cm,85,2320.35
8,2026-08-25,75-5,75,A,plant,,,height_cm,158.0,,cm,85,2320.35
8,2026-08-25,75-5,75,A,plant,,,panicle_emerged,False,,,85,2320.35
8,2026-08-25,74-5,74,B,plant,,,height_cm,229.5,,cm,85,2320.35
8,2026-08-25,74-5,74,B,plant,,,panicle_emerged,True,,,85,2320.35
8,2026-08-25,74-5,74,B,plant,,,panicle_len_cm,8.5,,cm,85,2320.35
8,2026-08-25,74-5,74,B,plant,,,panicle_wid_cm,1.0,,cm,85,2320.35
8,2026-08-25,73-5,73,C,plant,,,height_cm,179.0,,cm,85,2320.35
8,2026-08-25,73-5,73,C,plant,,,panicle_emerged,True,,,85,2320.35
8,2026-08-25,73-5,73,C,plant,,,panicle_len_cm,20.0,,cm,85,2320.35
8,2026-08-25,73-5,73,C,plant,,,panicle_wid_cm,6.0,,cm,85,2320.35
